0.1,1,0.01,110,35,40,1.46,0.0,1.0,20.0,tree_top,1.92857142857,1.0,2.2,20.0,tree_top,0.514285714286,0.0,1.0,2.0,tree_top,3.34285714286,1.0,6.0,20.0,tree_top
0.1,1,0.01,110,30,24,1.34,0.0,1.0,24.0,tree_top,1.78571428571,1.0,1.0,24.0,tree_top,0.428571428571,0.0,1.0,1.0,tree_top,3.14285714286,1.0,4.0,24.0,tree_top
0.1,1,0.01,110,30,32,5.63,0.0,2.0,96.0,tree_top,7.75714285714,1.0,4.2,96.0,tree_top,0.365853658537,0.0,1.0,2.0,tree_top,18.2068965517,4.0,21.4,96.0,tree_top
0.1,1,0.01,110,30,40,10.83,1.0,9.4,227.0,tree_top,15.2142857143,1.5,19.2,227.0,tree_top,0.294117647059,0.0,1.0,2.0,tree_top,29.3055555556,11.0,40.0,227.0,tree_top
0.1,1,0.01,100,40,24,0.97,1.0,1.2,11.0,tree_top,1.24285714286,1.0,2.0,11.0,tree_top,1.0,1.0,1.6,3.0,tree_top,1.53125,1.0,2.0,11.0,tree_top
0.1,1,0.01,100,40,32,1.61,1.0,2.0,20.0,tree_top,2.11428571429,1.0,3.0,20.0,tree_top,0.551724137931,0.0,1.0,3.0,tree_top,3.21951219512,2.0,5.0,20.0,tree_top
0.1,1,0.01,100,40,40,0.57,0.0,1.0,5.0,tree_top,0.685714285714,0.5,1.0,5.0,tree_top,0.621621621622,1.0,1.0,1.0,tree_top,0.757575757576,0.0,1.6,5.0,tree_top
0.1,1,0.01,100,35,24,1.18,0.0,2.0,14.0,tree_top,1.51428571429,0.0,2.0,14.0,tree_top,0.147058823529,0.0,0.0,3.0,tree_top,2.80555555556,1.5,6.0,14.0,tree_top
0.1,1,0.01,100,35,32,10.84,1.0,4.4,199.0,tree_top,15.3142857143,1.0,10.0,199.0,tree_top,0.806451612903,1.0,1.0,3.0,tree_top,26.8461538462,6.0,47.6,199.0,tree_top
0.1,1,0.01,100,35,40,2.22,1.0,2.2,21.0,tree_top,2.97142857143,1.0,4.0,21.0,tree_top,0.75,1.0,1.0,3.0,tree_top,5.93333333333,4.0,11.2,21.0,tree_top
0.1,1,0.01,100,30,24,2.89,1.0,4.0,34.0,tree_top,3.8,1.0,5.2,34.0,tree_top,0.475,0.0,1.0,3.0,tree_top,8.23333333333,5.0,14.2,34.0,tree_bot
0.1,1,0.01,100,30,32,0.73,0.0,1.0,7.0,tree_top,0.857142857143,0.0,1.0,7.0,tree_top,0.566666666667,0.0,1.0,2.0,tree_top,1.075,0.0,2.0,7.0,tree_top
0.1,1,0.01,100,30,40,1.72,1.0,2.0,22.0,tree_top,2.3,1.0,3.2,22.0,tree_top,0.72972972973,1.0,1.0,3.0,tree_top,4.06060606061,2.0,5.6,22.0,tree_top
0.1,1,0.001,140,40,12,0.68,0.0,1.0,14.0,tree_top,0.842857142857,0.5,1.0,14.0,tree_top,0.571428571429,0.0,1.0,3.0,tree_top,1.25,1.0,1.6,14.0,off_bot
0.1,1,0.001,140,40,16,3.22,1.0,2.0,66.0,tree_top,4.51428571429,1.0,3.2,66.0,tree_top,0.805555555556,1.0,1.0,2.0,tree_top,8.44117647059,2.0,11.2,66.0,tree_top
0.1,1,0.001,140,40,24,0.57,0.0,1.0,3.0,tree_top,0.7,1.0,1.0,3.0,tree_top,0.625,1.0,1.0,2.0,tree_top,0.8,1.0,1.2,3.0,tree_top
0.1,1,0.001,140,40,32,12.37,1.0,16.2,194.0,tree_top,17.3857142857,3.0,26.2,194.0,tree_top,1.10344827586,1.0,1.0,3.0,tree_top,28.9024390244,16.0,34.0,194.0,tree_bot
0.1,1,0.001,140,40,40,8.62,1.0,3.0,209.0,tree_top,12.0857142857,1.0,10.0,209.0,tree_top,0.684210526316,1.0,1.0,2.0,tree_top,25.625,7.0,29.6,209.0,tree_top
0.1,1,0.001,140,35,12,0.75,1.0,1.0,6.0,tree_top,0.914285714286,1.0,1.0,6.0,tree_top,0.552631578947,0.5,1.0,2.0,tree_top,1.34375,1.0,2.0,6.0,tree_bot
0.1,1,0.001,140,35,16,16.36,1.0,7.4,212.0,tree_top,23.2142857143,1.0,16.2,212.0,tree_top,0.333333333333,0.0,1.0,1.0,tree_top,40.375,8.0,99.2,212.0,tree_top
0.1,1,0.001,140,35,24,1.46,0.0,2.0,16.0,tree_top,1.94285714286,1.0,3.0,16.0,tree_top,0.472222222222,0.0,1.0,2.0,tree_top,3.5,2.0,5.4,16.0,tree_top
0.1,1,0.001,140,35,32,0.41,0.0,1.0,2.0,tree_top,0.428571428571,0.0,1.0,2.0,tree_top,0.487179487179,0.0,1.0,2.0,tree_top,0.354838709677,0.0,1.0,2.0,tree_top
0.1,1,0.001,140,35,40,1.04,0.0,2.0,8.0,tree_top,1.28571428571,0.0,3.0,8.0,tree_top,0.166666666667,0.0,0.0,2.0,tree_top,2.47058823529,2.0,4.4,8.0,tree_top
0.1,1,0.001,140,30,12,1.2,0.0,2.0,12.0,tree_top,1.57142857143,1.0,3.0,12.0,tree_top,0.428571428571,0.0,1.0,3.0,tree_top,2.71428571429,1.0,5.0,12.0,off_bot
0.1,1,0.001,140,30,16,1.96,1.0,2.0,25.0,tree_top,2.68571428571,1.0,3.0,25.0,tree_top,0.5,0.0,1.0,3.0,tree_top,5.0,2.5,8.0,25.0,off_bot
0.1,1,0.001,140,30,24,2.95,1.0,4.0,25.0,tree_top,3.91428571429,2.0,5.2,25.0,tree_top,1.42424242424,1.0,2.0,4.0,tree_top,6.13513513514,4.0,9.0,25.0,tree_top
0.1,1,0.001,140,30,32,2.41,1.0,2.2,35.0,tree_top,3.22857142857,1.0,3.2,35.0,tree_top,1.1724137931,1.0,2.0,4.0,tree_top,4.68292682927,2.0,9.0,35.0,tree_top
0.1,1,0.001,140,30,40,1.06,0.0,1.0,12.0,tree_top,1.41428571429,1.0,2.0,12.0,tree_top,0.514285714286,0.0,1.0,2.0,tree_top,2.31428571429,1.0,5.0,12.0,tree_top
0.1,1,0.001,120,40,12,0.55,0.0,1.0,4.0,tree_top,0.628571428571,0.0,1.0,4.0,tree_top,0.755555555556,1.0,1.0,4.0,tree_top,0.4,0.0,1.0,4.0,tree_top
0.1,1,0.001,120,40,16,1.61,1.0,2.0,13.0,tree_top,2.07142857143,1.0,3.0,13.0,tree_top,0.363636363636,0.0,1.0,2.0,tree_top,3.59459459459,2.0,6.8,13.0,tree_top
0.1,1,0.001,120,40,24,3.89,1.0,7.0,27.0,tree_top,5.24285714286,2.0,8.2,27.0,tree_top,0.424242424242,0.0,1.0,1.0,tree_top,9.54054054054,7.0,13.6,27.0,tree_top
0.1,1,0.001,120,40,32,1.08,0.5,2.0,12.0,tree_top,1.3,1.0,2.0,12.0,tree_top,0.46875,0.0,1.0,2.0,tree_top,2.0,2.0,3.0,12.0,tree_top
0.1,1,0.001,120,40,40,4.04,1.0,3.0,89.0,tree_top,5.54285714286,1.0,5.0,89.0,tree_top,0.72972972973,1.0,1.0,2.0,tree_top,10.9393939394,4.0,16.6,89.0,tree_top
0.1,1,0.001,120,35,12,1.5,1.0,2.0,15.0,tree_top,1.95714285714,1.0,3.0,15.0,tree_top,0.806451612903,1.0,1.0,3.0,tree_top,2.87179487179,2.0,5.4,15.0,off_bot
0.1,1,0.001,120,35,16,1.38,1.0,2.0,16.0,tree_top,1.72857142857,1.0,2.0,16.0,tree_top,0.772727272727,1.0,1.0,2.0,tree_top,3.34615384615,2.0,6.0,16.0,tree_bot
0.1,1,0.001,120,35,24,0.81,0.0,1.0,9.0,tree_top,1.05714285714,1.0,2.0,9.0,tree_top,0.545454545455,1.0,1.0,2.0,tree_top,1.51351351351,1.0,2.8,9.0,tree_top
0.1,1,0.001,120,35,32,1.01,1.0,1.0,9.0,tree_top,1.3,1.0,2.0,9.0,tree_top,0.944444444444,1.0,1.0,3.0,tree_top,1.67647058824,1.0,2.4,9.0,tree_top
0.1,1,0.001,120,35,40,1.04,1.0,1.0,8.0,tree_top,1.35714285714,1.0,2.0,8.0,tree_top,0.972972972973,1.0,1.0,3.0,tree_top,1.78787878788,1.0,4.0,8.0,tree_top
0.1,1,0.001,120,30,12,1.45,1.0,1.0,31.0,tree_top,1.85714285714,1.0,1.0,31.0,tree_top,0.344827586207,0.0,1.0,2.0,tree_top,2.92682926829,1.0,4.0,31.0,tree_bot
0.1,1,0.001,120,30,16,0.55,0.0,1.0,4.0,tree_top,0.628571428571,0.0,1.0,4.0,tree_top,0.363636363636,0.0,1.0,2.0,tree_top,0.864864864865,0.0,1.0,4.0,tree_bot
0.1,1,0.001,120,30,24,1.73,1.0,1.0,44.0,tree_top,2.35714285714,1.0,1.2,44.0,tree_top,0.742857142857,1.0,1.0,2.0,tree_top,3.97142857143,1.0,3.2,44.0,off_bot
0.1,1,0.001,120,30,32,9.01,1.0,3.0,257.0,tree_top,12.7142857143,1.0,9.2,257.0,tree_top,0.392857142857,0.0,1.0,1.0,tree_top,20.9285714286,2.0,44.4,257.0,off_bot
0.1,1,0.001,120,30,40,1.42,0.0,2.0,15.0,tree_top,1.88571428571,1.0,3.2,15.0,tree_top,0.257142857143,0.0,1.0,2.0,tree_top,3.51428571429,3.0,6.0,15.0,tree_top
0.1,1,0.001,110,40,12,0.77,0.0,1.0,14.0,tree_top,0.9,0.0,1.0,14.0,tree_top,0.375,0.0,1.0,2.0,tree_top,1.6,1.0,3.0,14.0,tree_top
0.1,1,0.001,110,40,16,0.71,0.0,1.0,12.0,tree_top,0.942857142857,0.0,1.0,12.0,tree_top,0.352941176471,0.0,1.0,2.0,tree_top,1.5,1.0,2.0,12.0,tree_top
0.1,1,0.001,110,40,24,0.92,0.5,1.0,11.0,tree_top,1.17142857143,1.0,2.0,11.0,tree_top,0.594594594595,1.0,1.0,2.0,tree_top,1.81818181818,2.0,3.0,11.0,tree_top
0.1,1,0.001,110,40,32,1.61,1.0,2.0,27.0,tree_top,2.14285714286,1.0,3.0,27.0,tree_top,0.46875,0.0,1.0,1.0,tree_top,3.55263157895,2.0,4.6,27.0,tree_top
0.1,1,0.001,110,40,40,2.18,1.0,3.0,31.0,tree_top,2.97142857143,1.0,4.0,31.0,tree_top,1.2,1.0,2.0,3.0,tree_top,4.3,2.0,6.0,31.0,tree_top
0.1,1,0.001,110,35,12,0.71,1.0,1.0,3.0,tree_top,0.842857142857,1.0,1.0,3.0,tree_top,0.810810810811,1.0,1.0,3.0,tree_top,0.878787878788,1.0,2.0,3.0,tree_bot
0.1,1,0.001,110,35,16,0.7,0.5,1.0,8.0,tree_top,0.8,1.0,1.0,8.0,tree_top,0.724137931034,1.0,1.0,2.0,tree_top,0.853658536585,0.0,1.0,8.0,tree_top
0.1,1,0.001,110,35,24,5.26,1.0,3.2,86.0,tree_top,7.32857142857,1.0,8.2,86.0,tree_top,0.888888888889,1.0,1.0,3.0,tree_top,11.3720930233,2.0,16.0,86.0,off_bot
0.1,1,0.001,110,35,32,0.74,0.0,1.0,7.0,tree_top,0.957142857143,1.0,2.0,7.0,tree_top,0.459459459459,0.0,1.0,2.0,tree_top,1.51515151515,1.0,2.0,7.0,off_bot
0.1,1,0.001,110,35,40,1.84,1.0,2.0,18.0,tree_top,2.48571428571,1.0,3.0,18.0,tree_top,1.11428571429,1.0,2.0,4.0,tree_top,3.85714285714,2.0,6.0,18.0,tree_top
0.1,1,0.001,110,30,12,0.7,0.0,1.0,4.0,tree_top,0.885714285714,1.0,2.0,4.0,tree_top,0.485714285714,0.0,1.0,2.0,tree_top,1.28571428571,1.0,2.0,4.0,off_bot
0.1,1,0.001,110,30,16,0.97,0.5,1.2,10.0,tree_top,1.27142857143,1.0,2.0,10.0,tree_top,0.794117647059,1.0,1.0,3.0,tree_top,1.72222222222,1.0,3.0,10.0,tree_top
0.1,1,0.001,110,30,24,1.59,1.0,2.2,14.0,tree_top,2.08571428571,1.0,3.0,14.0,tree_top,1.0625,1.0,2.0,3.0,tree_top,2.94736842105,2.0,5.0,14.0,tree_top
0.1,1,0.001,110,30,32,1.68,0.0,1.2,26.0,tree_top,2.27142857143,0.0,3.0,26.0,tree_top,0.264705882353,0.0,0.4,3.0,tree_top,4.16666666667,2.0,6.0,26.0,tree_top
0.1,1,0.001,110,30,40,1.68,1.0,2.0,22.0,tree_top,2.32857142857,1.0,2.2,22.0,tree_top,0.789473684211,1.0,1.0,6.0,tree_top,4.15625,2.0,6.8,22.0,tree_top
0.1,1,0.001,100,40,12,0.37,0.0,1.0,3.0,tree_top,0.457142857143,0.0,1.0,3.0,tree_top,0.351351351351,0.0,1.0,1.0,tree_top,0.575757575758,0.0,1.0,3.0,tree_top
0.1,1,0.001,100,40,16,3.18,1.0,3.0,36.0,tree_top,4.34285714286,1.0,6.2,36.0,tree_top,0.78125,1.0,1.0,3.0,tree_top,7.34210526316,3.0,11.0,36.0,off_bot
0.1,1,0.001,100,40,24,0.28,0.0,1.0,5.0,tree_top,0.314285714286,0.0,1.0,5.0,tree_top,0.297297297297,0.0,1.0,1.0,tree_top,0.333333333333,0.0,0.6,5.0,tree_top
0.1,1,0.001,100,40,32,2.15,0.0,2.2,25.0,tree_top,2.85714285714,0.5,6.0,25.0,tree_top,0.210526315789,0.0,0.0,2.0,tree_top,6.0,4.0,10.8,25.0,tree_top
0.1,1,0.001,100,40,40,24.77,2.0,33.4,321.0,tree_top,31.6142857143,5.5,50.2,321.0,tree_top,0.75,1.0,1.0,2.0,tree_top,57.6052631579,31.5,94.6,321.0,tree_top
0.1,1,0.001,100,35,12,0.94,0.0,1.0,8.0,tree_top,1.18571428571,1.0,2.0,8.0,tree_top,0.40625,0.0,1.0,2.0,tree_top,1.84210526316,1.0,3.0,8.0,tree_bot
0.1,1,0.001,100,35,16,0.94,1.0,2.0,7.0,tree_top,1.15714285714,1.0,2.0,7.0,tree_top,1.02777777778,1.0,2.0,7.0,tree_top,1.29411764706,1.0,2.0,6.0,tree_top
0.1,1,0.001,100,35,24,2.11,1.0,2.0,33.0,tree_top,2.82857142857,1.0,3.0,33.0,tree_top,0.513513513514,0.0,1.0,2.0,tree_top,5.42424242424,2.0,7.2,33.0,tree_top
0.1,1,0.001,100,35,32,8.39,1.0,5.0,223.0,tree_top,11.7571428571,2.0,10.2,223.0,tree_top,1.31428571429,1.0,2.0,5.0,tree_top,22.2,6.0,30.2,223.0,tree_bot
0.1,1,0.001,100,35,40,1.44,1.0,2.0,19.0,tree_top,1.94285714286,1.0,2.0,19.0,tree_top,0.588235294118,1.0,1.0,2.0,tree_top,3.22222222222,2.0,6.0,19.0,tree_top
0.1,1,0.001,100,30,12,0.54,0.0,1.0,4.0,tree_top,0.671428571429,0.5,1.0,4.0,tree_top,0.815789473684,1.0,1.0,4.0,tree_top,0.5,0.0,1.0,3.0,tree_bot
0.1,1,0.001,100,30,16,0.75,0.0,1.0,8.0,tree_top,0.885714285714,1.0,1.0,8.0,tree_top,0.571428571429,0.0,1.0,3.0,tree_top,1.2,1.0,2.0,8.0,tree_bot
0.1,1,0.001,100,30,24,0.78,0.0,1.0,13.0,tree_top,0.942857142857,0.0,1.0,13.0,tree_top,0.375,0.0,1.0,2.0,tree_top,1.7,1.0,3.0,13.0,tree_top
0.1,1,0.001,100,30,32,0.63,0.0,1.0,3.0,tree_top,0.757142857143,1.0,1.2,3.0,tree_top,0.815789473684,1.0,1.6,3.0,tree_top,0.6875,0.5,1.0,2.0,tree_top
0.1,1,0.001,100,30,40,1.11,0.0,1.0,19.0,tree_top,1.44285714286,1.0,2.0,19.0,tree_top,0.454545454545,0.0,1.0,2.0,tree_top,3.11538461538,1.0,6.0,19.0,tree_bot
0.01,1,0.1,140,40,24,6.85,1.0,3.0,171.0,tree_top,9.54285714286,1.0,7.2,171.0,tree_top,0.666666666667,1.0,1.0,2.0,tree_top,22.8571428571,7.5,37.4,171.0,tree_top
0.01,1,0.1,140,40,32,0.7,0.0,1.0,7.0,tree_top,0.785714285714,1.0,1.0,7.0,tree_top,0.571428571429,1.0,1.0,2.0,tree_top,1.10714285714,1.0,2.0,7.0,tree_top
0.01,1,0.1,140,40,40,2.66,1.0,2.4,34.0,tree_top,3.68571428571,1.0,4.0,34.0,tree_top,0.787878787879,1.0,1.0,2.0,tree_top,6.27027027027,4.0,7.0,34.0,tree_top
0.01,1,0.1,140,35,24,3.29,0.5,2.0,98.0,tree_top,4.55714285714,1.0,2.6,98.0,tree_top,0.103448275862,0.0,0.0,1.0,tree_top,7.70731707317,2.0,7.0,98.0,off_bot
0.01,1,0.1,140,35,32,0.81,0.0,1.0,9.0,tree_top,1.0,0.0,1.2,9.0,tree_top,0.210526315789,0.0,0.0,2.0,tree_top,1.9375,1.0,3.0,9.0,tree_top
0.01,1,0.1,140,35,40,20.17,1.0,13.0,471.0,tree_top,28.6714285714,2.0,34.0,471.0,tree_top,0.379310344828,0.0,1.0,1.0,tree_top,48.6829268293,13.0,60.0,471.0,tree_top
0.01,1,0.1,140,30,24,0.69,0.0,1.0,18.0,tree_top,0.914285714286,0.0,1.0,18.0,tree_top,0.413793103448,0.0,1.0,2.0,tree_top,1.26829268293,0.0,1.0,18.0,tree_top
0.01,1,0.1,140,30,32,0.57,0.0,1.0,5.0,tree_top,0.671428571429,0.0,1.0,5.0,tree_top,0.75,0.5,1.0,5.0,tree_top,0.588235294118,0.0,1.0,4.0,tree_top
0.01,1,0.1,140,30,40,3.39,1.0,4.0,41.0,tree_top,4.65714285714,1.0,7.0,41.0,tree_top,0.685714285714,1.0,1.0,2.0,tree_top,8.62857142857,5.0,14.4,41.0,tree_bot
0.01,1,0.1,120,40,24,2.99,1.0,2.0,53.0,tree_top,4.15714285714,1.0,3.0,53.0,tree_top,0.588235294118,0.5,1.0,3.0,tree_top,7.52777777778,2.0,8.0,53.0,tree_bot
0.01,1,0.1,120,40,32,0.99,1.0,1.0,11.0,tree_top,1.31428571429,1.0,1.0,11.0,tree_top,0.583333333333,1.0,1.0,2.0,tree_top,2.08823529412,1.0,3.0,11.0,tree_top
0.01,1,0.1,120,40,40,2.51,0.0,1.0,82.0,tree_top,3.4,0.0,1.0,82.0,tree_top,0.212121212121,0.0,0.6,1.0,tree_top,6.24324324324,1.0,6.4,82.0,tree_top
0.01,1,0.1,120,35,24,1.43,1.0,1.0,17.0,tree_top,1.9,1.0,1.2,17.0,tree_top,0.461538461538,0.0,1.0,1.0,tree_top,3.70967741935,1.0,7.0,17.0,tree_top
0.01,1,0.1,120,35,32,7.33,1.0,8.2,78.0,tree_top,10.3,1.0,14.2,78.0,tree_top,0.766666666667,1.0,1.0,2.0,tree_top,17.45,8.5,25.6,78.0,tree_top
0.01,1,0.1,120,35,40,1.49,1.0,2.0,13.0,tree_top,2.01428571429,1.0,2.0,13.0,tree_top,0.833333333333,1.0,1.0,5.0,tree_top,3.78571428571,2.0,7.0,13.0,tree_top
0.01,1,0.1,120,30,24,0.89,0.5,1.2,8.0,tree_top,1.18571428571,1.0,2.0,8.0,tree_top,0.684210526316,1.0,1.0,2.0,tree_top,1.78125,1.0,3.0,8.0,tree_top
0.01,1,0.1,120,30,32,0.9,1.0,1.0,4.0,tree_top,1.05714285714,1.0,2.0,4.0,tree_top,1.36585365854,1.0,2.0,4.0,tree_top,0.620689655172,0.0,1.0,3.0,tree_bot
0.01,1,0.1,120,30,40,10.86,1.0,12.2,154.0,tree_top,15.3142857143,2.0,19.2,154.0,tree_top,0.777777777778,1.0,1.0,2.0,tree_top,24.4418604651,12.0,36.4,154.0,tree_bot
0.01,1,0.1,110,40,24,2.92,1.0,2.0,42.0,tree_top,3.9,1.0,5.0,42.0,tree_top,0.181818181818,0.0,0.0,1.0,tree_top,7.21621621622,2.0,10.8,42.0,tree_top
0.01,1,0.1,110,40,32,1.42,1.0,2.0,15.0,tree_top,1.87142857143,1.0,2.0,15.0,tree_top,0.641025641026,1.0,1.0,2.0,tree_top,3.41935483871,2.0,6.0,15.0,tree_top
0.01,1,0.1,110,40,40,1.58,1.0,2.0,23.0,tree_top,2.07142857143,1.0,3.0,23.0,tree_top,0.7,1.0,1.0,3.0,off_top,3.1,1.0,6.2,23.0,tree_top
0.01,1,0.1,110,35,12,1.04,1.0,2.0,8.0,tree_top,1.32857142857,1.0,2.0,8.0,tree_top,0.454545454545,0.0,1.0,1.0,tree_top,1.72916666667,1.0,3.0,8.0,tree_bot
0.01,1,0.1,110,35,16,0.65,0.0,1.0,6.0,tree_top,0.742857142857,0.0,1.0,6.0,tree_top,0.277777777778,0.0,0.0,3.0,tree_top,1.23529411765,1.0,2.0,6.0,tree_top
0.01,1,0.1,110,35,24,2.05,1.0,2.0,17.0,tree_top,2.67142857143,1.0,4.0,17.0,tree_top,0.441176470588,0.0,1.0,1.0,tree_top,4.77777777778,2.0,11.0,17.0,tree_top
0.01,1,0.1,110,35,32,0.97,0.0,1.0,10.0,tree_top,1.28571428571,1.0,1.2,10.0,tree_top,0.548387096774,1.0,1.0,2.0,tree_top,1.87179487179,1.0,4.0,10.0,tree_top
0.01,1,0.1,110,35,40,0.8,1.0,1.0,5.0,tree_top,1.0,1.0,2.0,5.0,tree_top,0.512820512821,0.0,1.0,2.0,tree_top,1.61290322581,1.0,3.0,5.0,tree_top
0.01,1,0.1,110,30,12,1.05,0.0,2.0,12.0,tree_top,1.24285714286,0.0,2.0,12.0,tree_top,0.3,0.0,1.0,2.0,tree_top,1.95,1.0,3.0,12.0,tree_bot
0.01,1,0.1,110,30,16,1.06,1.0,1.0,18.0,tree_top,1.4,1.0,2.0,18.0,tree_top,0.615384615385,1.0,1.0,2.0,tree_top,2.38709677419,1.0,3.0,18.0,off_bot
0.01,1,0.1,110,30,24,1.31,1.0,1.0,17.0,tree_top,1.72857142857,1.0,2.0,17.0,tree_top,0.514285714286,0.0,1.0,2.0,tree_top,2.94285714286,1.0,4.2,17.0,tree_top
0.01,1,0.1,110,30,32,1.24,1.0,1.0,14.0,tree_top,1.7,1.0,2.0,14.0,tree_top,0.8,1.0,1.0,3.0,tree_top,2.6,1.0,4.0,14.0,tree_bot
0.01,1,0.1,110,30,40,2.99,1.0,4.2,52.0,tree_top,2.18571428571,1.0,3.2,19.0,tree_top,0.717948717949,1.0,1.0,2.0,tree_top,4.03225806452,3.0,5.0,19.0,tree_top
0.01,1,0.1,100,40,12,0.84,0.0,1.0,13.0,tree_top,1.02857142857,0.5,2.0,13.0,tree_top,0.526315789474,0.0,1.0,3.0,tree_top,1.625,1.0,2.0,13.0,tree_bot
0.01,1,0.1,100,40,16,1.08,1.0,2.0,10.0,tree_top,1.4,1.0,2.0,10.0,tree_top,0.710526315789,1.0,1.0,3.0,tree_top,2.21875,2.0,3.0,10.0,tree_top
0.01,1,0.1,100,40,24,0.58,0.0,1.0,5.0,tree_top,0.671428571429,0.0,1.0,5.0,tree_top,0.464285714286,0.0,1.0,4.0,tree_top,0.809523809524,0.5,1.0,5.0,tree_top
0.01,1,0.1,100,40,32,0.31,0.0,1.0,3.0,tree_top,0.4,0.0,1.0,3.0,tree_top,0.311111111111,0.0,1.0,1.0,tree_top,0.56,0.0,1.0,3.0,off_bot
0.01,1,0.1,100,40,40,1.52,0.0,2.2,21.0,tree_top,2.02857142857,0.0,3.0,21.0,tree_top,0.0967741935484,0.0,0.0,1.0,tree_top,3.5641025641,3.0,4.4,21.0,tree_top
0.01,1,0.1,100,35,12,0.41,0.0,1.0,3.0,tree_top,0.471428571429,0.0,1.0,3.0,tree_top,0.378378378378,0.0,1.0,2.0,tree_top,0.575757575758,0.0,1.0,3.0,tree_top
0.01,1,0.1,100,35,16,1.01,0.0,1.0,23.0,tree_top,1.3,0.0,2.0,23.0,tree_top,0.2,0.0,0.2,1.0,tree_top,2.4,1.0,3.0,23.0,off_bot
0.01,1,0.1,100,35,24,1.17,1.0,1.0,17.0,tree_top,1.54285714286,1.0,2.0,17.0,tree_top,0.578947368421,1.0,1.0,2.0,tree_top,2.6875,1.5,4.0,17.0,tree_top
0.01,1,0.1,100,35,32,1.57,1.0,2.0,11.0,tree_top,2.02857142857,1.0,3.0,11.0,tree_top,0.666666666667,1.0,1.0,3.0,tree_top,3.47058823529,3.0,6.0,11.0,tree_top
0.01,1,0.1,100,35,40,2.54,1.0,3.0,28.0,tree_top,3.17142857143,1.0,5.2,28.0,tree_top,0.625,1.0,1.0,3.0,tree_top,6.56666666667,4.5,13.2,28.0,tree_top
0.01,1,0.1,100,30,12,0.51,0.0,1.0,4.0,tree_top,0.657142857143,1.0,1.0,4.0,tree_top,0.525,0.0,1.0,2.0,tree_top,0.833333333333,1.0,1.0,4.0,off_bot
0.01,1,0.1,100,30,16,0.51,0.0,1.0,3.0,tree_top,0.6,0.0,1.0,3.0,tree_top,0.71875,1.0,1.0,3.0,tree_top,0.5,0.0,1.0,3.0,tree_top
0.01,1,0.1,100,30,24,0.96,0.0,1.2,8.0,tree_top,1.27142857143,1.0,2.0,8.0,tree_top,0.3,0.0,1.0,1.0,tree_top,2.0,1.0,2.4,8.0,tree_top
0.01,1,0.1,100,30,32,0.95,0.5,1.0,12.0,tree_top,1.15714285714,1.0,1.0,12.0,tree_top,0.631578947368,1.0,1.0,3.0,tree_top,1.78125,0.5,2.8,12.0,tree_top
0.01,1,0.1,100,30,40,8.91,1.0,11.6,116.0,tree_top,12.3857142857,1.0,21.0,116.0,tree_top,0.114285714286,0.0,0.0,2.0,tree_top,24.6571428571,18.0,40.8,116.0,tree_top
0.01,1,0.05,140,40,12,0.88,1.0,1.0,4.0,tree_top,1.01428571429,1.0,2.0,4.0,tree_top,0.666666666667,1.0,1.0,2.0,tree_top,1.32432432432,1.0,2.8,4.0,tree_top
0.01,1,0.05,140,40,16,2.41,0.0,3.0,34.0,tree_top,3.27142857143,1.0,7.0,34.0,tree_top,0.62962962963,0.0,1.0,4.0,tree_top,4.93023255814,2.0,9.6,34.0,tree_top
0.01,1,0.05,140,40,24,2.2,0.0,2.0,31.0,tree_top,3.04285714286,1.0,3.0,31.0,tree_top,0.51724137931,0.0,1.0,2.0,tree_top,4.82926829268,1.0,7.0,31.0,tree_top
0.01,1,0.05,140,40,32,2.01,1.0,2.0,22.0,tree_top,2.67142857143,1.0,4.2,22.0,tree_top,0.5,0.0,1.0,2.0,tree_top,4.11904761905,1.5,8.8,22.0,tree_top
0.01,1,0.05,140,40,40,0.69,0.0,1.0,9.0,tree_top,0.814285714286,1.0,1.0,9.0,tree_top,0.5,0.0,1.0,3.0,tree_top,1.14705882353,1.0,2.0,9.0,tree_top
0.01,1,0.05,140,35,12,2.05,1.0,2.2,32.0,tree_top,2.8,1.0,3.2,32.0,tree_top,0.428571428571,0.0,1.0,2.0,tree_top,5.17142857143,3.0,8.2,32.0,tree_top
0.01,1,0.05,140,35,16,4.67,0.0,3.2,70.0,tree_top,6.5,1.0,9.4,70.0,tree_top,0.314285714286,0.0,1.0,2.0,tree_top,12.6857142857,5.0,24.2,70.0,tree_bot
0.01,1,0.05,140,35,24,1.0,0.0,1.0,11.0,tree_top,1.11428571429,0.0,1.2,11.0,tree_top,0.307692307692,0.0,1.0,1.0,tree_top,2.12903225806,1.0,4.0,11.0,tree_top
0.01,1,0.05,140,35,32,1.65,1.0,2.0,28.0,tree_top,2.21428571429,1.0,3.0,28.0,tree_top,1.12121212121,1.0,2.0,3.0,tree_top,3.18918918919,2.0,5.0,28.0,tree_bot
0.01,1,0.05,140,35,40,0.63,0.0,1.0,5.0,tree_top,0.714285714286,0.0,1.0,5.0,tree_top,0.333333333333,0.0,1.0,1.0,tree_top,1.0,1.0,2.0,5.0,tree_top
0.01,1,0.05,140,30,12,1.72,1.0,1.2,48.0,tree_top,2.22857142857,1.0,2.0,48.0,tree_top,0.45,0.0,1.0,2.0,tree_top,4.6,2.0,6.2,48.0,tree_bot
0.01,1,0.05,140,30,16,0.62,0.0,1.0,10.0,tree_top,0.771428571429,0.0,1.0,10.0,tree_top,0.2,0.0,0.0,2.0,tree_top,1.2,1.0,2.0,10.0,tree_top
0.01,1,0.05,140,30,24,0.58,0.0,1.0,6.0,tree_top,0.785714285714,1.0,1.0,6.0,tree_top,0.342857142857,0.0,1.0,2.0,tree_top,1.22857142857,1.0,2.0,6.0,tree_top
0.01,1,0.05,140,30,32,0.9,1.0,1.0,6.0,tree_top,1.08571428571,1.0,2.0,6.0,tree_top,0.628571428571,1.0,1.0,2.0,tree_top,1.54285714286,1.0,3.0,6.0,tree_top
0.01,1,0.05,140,30,40,2.0,1.0,2.0,25.0,tree_top,2.71428571429,1.0,4.0,25.0,tree_top,0.742857142857,1.0,1.0,2.0,tree_top,4.68571428571,2.0,7.2,25.0,tree_top
0.01,1,0.05,120,40,12,1.09,0.0,2.0,14.0,tree_top,1.47142857143,1.0,2.2,14.0,tree_top,0.379310344828,0.0,1.0,2.0,tree_top,2.24390243902,1.0,4.0,14.0,tree_bot
0.01,1,0.05,120,40,16,0.51,0.0,1.0,3.0,tree_top,0.642857142857,1.0,1.0,3.0,tree_top,0.810810810811,1.0,1.0,3.0,tree_top,0.454545454545,0.0,1.0,2.0,tree_top
0.01,1,0.05,120,40,24,1.37,1.0,2.0,11.0,tree_top,1.81428571429,1.0,2.0,11.0,tree_top,0.944444444444,1.0,1.0,2.0,tree_top,2.73529411765,2.0,5.0,11.0,tree_top
0.01,1,0.05,120,40,32,0.86,1.0,1.0,9.0,tree_top,1.05714285714,1.0,2.0,9.0,tree_top,1.0625,1.0,1.0,3.0,tree_top,1.05263157895,0.0,2.0,9.0,tree_top
0.01,1,0.05,120,40,40,0.91,1.0,1.0,10.0,tree_top,1.21428571429,1.0,2.0,10.0,tree_top,0.823529411765,1.0,1.0,2.0,tree_top,1.58333333333,1.0,3.0,10.0,tree_top
0.01,1,0.05,120,35,12,0.42,0.0,1.0,5.0,tree_top,0.585714285714,0.0,1.0,5.0,tree_top,0.228571428571,0.0,1.0,1.0,tree_top,0.942857142857,1.0,1.0,5.0,tree_bot
0.01,1,0.05,120,35,16,0.87,0.0,1.0,7.0,tree_top,1.08571428571,1.0,2.0,7.0,tree_top,0.692307692308,1.0,1.0,3.0,tree_top,1.58064516129,1.0,3.0,7.0,tree_bot
0.01,1,0.05,120,35,24,2.47,1.0,1.2,46.0,tree_top,3.41428571429,1.0,2.0,46.0,tree_top,0.611111111111,1.0,1.0,2.0,tree_top,6.38235294118,2.0,8.0,46.0,tree_bot
0.01,1,0.05,120,35,32,1.76,0.0,2.0,24.0,tree_top,2.41428571429,1.0,2.0,24.0,tree_top,0.533333333333,1.0,1.0,1.0,tree_top,3.825,2.0,7.2,24.0,tree_top
0.01,1,0.05,120,35,40,1.08,0.0,1.0,16.0,tree_top,1.38571428571,0.0,2.0,16.0,tree_top,0.0975609756098,0.0,0.0,1.0,tree_top,3.20689655172,2.0,5.4,16.0,tree_top
0.01,1,0.05,120,30,12,0.66,0.0,1.0,4.0,tree_top,0.771428571429,0.0,1.0,4.0,tree_top,0.433333333333,0.0,1.0,2.0,tree_top,1.025,1.0,2.0,4.0,tree_bot
0.01,1,0.05,120,30,16,1.6,1.0,2.0,24.0,tree_top,2.17142857143,1.0,3.0,24.0,tree_top,0.515151515152,0.0,1.0,2.0,tree_top,3.64864864865,2.0,5.0,24.0,tree_top
0.01,1,0.05,120,30,24,1.07,0.0,2.0,12.0,tree_top,1.42857142857,1.0,2.0,12.0,tree_top,0.633333333333,0.0,1.0,2.0,tree_top,2.025,1.0,2.0,12.0,tree_top
0.01,1,0.05,120,30,32,3.57,0.0,2.0,51.0,tree_top,4.94285714286,1.0,4.2,51.0,tree_top,0.290322580645,0.0,1.0,1.0,tree_top,8.64102564103,2.0,13.8,51.0,tree_top
0.01,1,0.05,120,30,40,3.3,0.0,2.0,56.0,tree_top,4.6,1.0,4.0,56.0,tree_top,0.475,0.0,1.0,3.0,tree_top,10.1,3.5,15.4,56.0,off_bot
0.01,1,0.05,110,40,12,0.93,1.0,1.0,10.0,tree_top,1.2,1.0,1.0,10.0,tree_top,0.685714285714,1.0,1.0,2.0,tree_top,1.71428571429,1.0,2.0,10.0,tree_bot
0.01,1,0.05,110,40,16,1.86,0.0,1.0,69.0,tree_top,2.58571428571,1.0,1.2,69.0,tree_top,0.5,0.0,1.0,2.0,tree_top,4.34210526316,1.0,4.0,69.0,off_bot
0.01,1,0.05,110,40,24,0.78,0.0,1.0,7.0,tree_top,0.942857142857,1.0,1.2,7.0,tree_top,0.538461538462,0.0,1.0,2.0,tree_top,1.45161290323,1.0,3.0,7.0,tree_top
0.01,1,0.05,110,40,32,1.13,0.0,1.0,27.0,tree_top,1.48571428571,0.5,2.0,27.0,tree_top,0.638888888889,1.0,1.0,3.0,tree_top,2.38235294118,0.0,4.0,27.0,tree_top
0.01,1,0.05,110,40,40,0.79,0.0,1.0,10.0,tree_top,0.842857142857,0.0,1.0,10.0,tree_top,0.136363636364,0.0,0.0,2.0,tree_top,2.03846153846,1.0,3.0,10.0,tree_top
0.01,1,0.05,110,35,12,0.6,0.0,1.0,4.0,tree_top,0.714285714286,0.0,1.0,4.0,tree_top,0.80487804878,0.0,2.0,4.0,tree_top,0.586206896552,1.0,1.0,2.0,tree_top
0.01,1,0.05,110,35,16,1.77,0.0,1.2,25.0,tree_top,2.42857142857,1.0,2.2,25.0,tree_top,0.142857142857,0.0,0.0,2.0,tree_top,3.95238095238,1.0,7.2,25.0,tree_top
0.01,1,0.05,110,35,24,0.6,0.0,1.0,5.0,tree_top,0.728571428571,1.0,1.0,5.0,tree_top,0.567567567568,1.0,1.0,2.0,tree_top,0.909090909091,1.0,1.6,5.0,tree_top
0.01,1,0.05,110,35,32,1.09,0.0,2.0,10.0,tree_top,1.45714285714,1.0,2.0,10.0,tree_top,0.6,0.0,1.0,3.0,tree_top,2.1,1.0,4.0,10.0,tree_top
0.01,1,0.05,110,35,40,1.49,0.0,1.2,15.0,tree_top,1.94285714286,0.0,3.0,15.0,tree_top,0.258064516129,0.0,1.0,2.0,tree_top,3.28205128205,1.0,6.4,15.0,tree_top
0.01,1,0.05,110,30,12,0.63,0.0,1.0,5.0,tree_top,0.785714285714,1.0,1.0,5.0,tree_top,0.694444444444,1.0,1.0,4.0,tree_top,0.882352941176,1.0,1.4,5.0,tree_top
0.01,1,0.05,110,30,16,1.42,0.0,1.2,26.0,tree_top,1.92857142857,1.0,2.0,26.0,tree_top,0.541666666667,0.0,1.0,2.0,tree_top,2.65217391304,1.0,4.0,26.0,tree_top
0.01,1,0.05,110,30,24,1.38,1.0,2.0,17.0,tree_top,1.72857142857,1.0,2.0,17.0,tree_top,0.633333333333,1.0,1.0,2.0,tree_top,2.55,1.0,4.2,17.0,tree_top
0.01,1,0.05,110,30,32,0.81,0.0,1.0,14.0,tree_top,0.985714285714,0.0,1.0,14.0,tree_top,0.620689655172,1.0,1.0,2.0,tree_top,1.24390243902,0.0,1.0,14.0,tree_top
0.01,1,0.05,110,30,40,1.5,1.0,2.0,18.0,tree_top,2.02857142857,1.0,2.0,18.0,tree_top,0.676470588235,1.0,1.0,2.0,tree_top,3.30555555556,2.0,5.0,18.0,tree_top
0.01,1,0.05,100,40,12,0.4,0.0,1.0,3.0,tree_top,0.471428571429,0.0,1.0,3.0,tree_top,0.53125,0.0,1.0,3.0,tree_top,0.421052631579,0.0,1.0,3.0,tree_top
0.01,1,0.05,100,40,16,0.54,0.0,1.0,4.0,tree_top,0.6,0.0,1.0,4.0,tree_top,0.405405405405,0.0,1.0,2.0,tree_top,0.818181818182,0.0,2.0,4.0,tree_top
0.01,1,0.05,100,40,24,1.14,1.0,2.0,13.0,tree_top,1.35714285714,1.0,2.2,13.0,tree_top,0.777777777778,1.0,1.0,3.0,tree_top,1.97058823529,1.0,3.0,13.0,tree_top
0.01,1,0.05,100,40,32,1.38,1.0,2.0,13.0,tree_top,1.78571428571,1.0,2.0,13.0,tree_top,0.527777777778,0.0,1.0,2.0,tree_top,3.11764705882,2.0,5.0,13.0,tree_top
0.01,1,0.05,100,40,40,2.81,1.0,4.0,56.0,tree_top,3.88571428571,1.0,6.0,56.0,tree_top,0.484848484848,0.0,1.0,2.0,tree_top,6.91891891892,4.0,8.8,56.0,tree_top
0.01,1,0.05,100,35,12,0.42,0.0,1.0,2.0,tree_top,0.5,0.0,1.0,2.0,tree_top,0.542857142857,0.0,1.0,2.0,tree_top,0.457142857143,0.0,1.0,2.0,tree_top
0.01,1,0.05,100,35,16,0.42,0.0,1.0,3.0,tree_top,0.5,0.0,1.0,3.0,tree_top,0.323529411765,0.0,1.0,2.0,tree_top,0.666666666667,0.0,1.0,3.0,tree_top
0.01,1,0.05,100,35,24,1.47,1.0,2.0,21.0,tree_top,1.97142857143,1.0,2.0,21.0,tree_top,0.833333333333,1.0,1.0,2.0,tree_top,3.17647058824,2.0,5.0,21.0,tree_top
0.01,1,0.05,100,35,32,0.56,0.0,1.0,9.0,tree_top,0.685714285714,0.0,1.0,9.0,tree_top,0.40625,0.0,1.0,2.0,tree_top,0.921052631579,0.5,1.0,9.0,tree_top
0.01,1,0.05,100,35,40,1.25,1.0,2.0,11.0,tree_top,1.64285714286,1.0,2.0,11.0,tree_top,0.666666666667,1.0,1.0,2.0,tree_top,2.51351351351,1.0,4.8,11.0,tree_top
0.01,1,0.05,100,30,12,0.61,0.0,1.0,4.0,tree_top,0.757142857143,0.5,1.0,4.0,tree_top,0.853658536585,1.0,2.0,4.0,tree_top,0.620689655172,0.0,1.0,4.0,tree_bot
0.01,1,0.05,100,30,16,0.91,1.0,2.0,5.0,tree_top,1.18571428571,1.0,2.0,5.0,tree_top,1.15151515152,1.0,2.0,5.0,tree_top,1.21621621622,1.0,2.0,5.0,off_bot
0.01,1,0.05,100,30,24,1.06,1.0,1.2,7.0,tree_top,1.41428571429,1.0,2.0,7.0,tree_top,0.611111111111,1.0,1.0,2.0,tree_top,2.26470588235,1.0,4.0,7.0,off_bot
0.01,1,0.05,100,30,32,9.38,0.0,4.0,251.0,tree_top,13.2142857143,1.0,7.8,251.0,tree_top,0.0967741935484,0.0,0.0,1.0,tree_top,23.641025641,4.0,41.0,251.0,off_bot
0.01,1,0.05,100,30,40,1.84,0.0,2.0,20.0,tree_top,2.37142857143,0.0,6.0,20.0,tree_top,0.102564102564,0.0,0.0,1.0,tree_top,5.22580645161,4.0,8.0,20.0,tree_top
0.01,1,0.01,140,40,12,0.72,0.0,1.0,9.0,tree_top,0.942857142857,0.0,2.0,9.0,tree_top,0.08,0.0,0.0,1.0,tree_top,1.42222222222,1.0,2.2,9.0,tree_top
0.01,1,0.01,140,40,16,2.83,1.0,2.0,46.0,tree_top,3.87142857143,1.0,2.2,46.0,tree_top,0.529411764706,0.0,1.0,2.0,tree_top,7.02777777778,2.0,11.0,46.0,tree_bot
0.01,1,0.01,140,40,24,0.72,0.0,1.0,12.0,tree_top,0.9,0.0,1.0,12.0,tree_top,0.5,0.0,1.0,2.0,tree_top,1.2,0.0,2.2,12.0,tree_top
0.01,1,0.01,140,40,32,0.5,0.0,1.0,2.0,tree_top,0.528571428571,0.0,1.0,2.0,tree_top,0.5,0.0,1.0,2.0,tree_top,0.566666666667,0.0,2.0,2.0,tree_top
0.01,1,0.01,140,40,40,3.36,1.0,4.0,41.0,tree_top,4.58571428571,1.0,6.2,41.0,tree_top,0.625,1.0,1.0,2.0,tree_top,7.92105263158,4.5,13.0,41.0,tree_top
0.01,1,0.01,140,35,12,0.66,0.0,1.0,4.0,tree_top,0.8,1.0,1.0,4.0,tree_top,1.02702702703,1.0,1.0,4.0,tree_top,0.545454545455,0.0,1.0,3.0,tree_top
0.01,1,0.01,140,35,16,1.14,1.0,2.0,12.0,tree_top,1.47142857143,1.0,2.0,12.0,tree_top,0.51724137931,0.0,1.0,2.0,tree_top,2.14634146341,1.0,4.0,12.0,tree_top
0.01,1,0.01,140,35,24,0.69,1.0,1.0,5.0,tree_top,0.857142857143,1.0,1.0,5.0,tree_top,1.29032258065,1.0,2.0,5.0,tree_top,0.512820512821,0.0,1.0,2.0,tree_top
0.01,1,0.01,140,35,32,0.79,0.0,1.0,10.0,tree_top,0.871428571429,0.0,1.0,10.0,tree_top,0.625,0.5,1.0,2.0,tree_top,1.2,0.0,2.0,10.0,tree_top
0.01,1,0.01,140,35,40,9.73,1.0,8.2,135.0,tree_top,13.7428571429,1.5,22.2,135.0,tree_top,0.314285714286,0.0,1.0,2.0,tree_top,27.1714285714,10.0,45.4,135.0,tree_top
0.01,1,0.01,140,30,12,0.85,1.0,1.0,5.0,tree_top,1.02857142857,1.0,1.0,5.0,tree_top,0.78125,1.0,1.0,1.0,tree_top,1.23684210526,1.0,2.0,5.0,tree_top
0.01,1,0.01,140,30,16,0.55,0.0,1.0,3.0,tree_top,0.7,0.5,1.0,3.0,tree_top,0.578947368421,0.0,1.0,2.0,tree_top,0.84375,1.0,2.0,3.0,tree_bot
0.01,1,0.01,140,30,24,0.35,0.0,1.0,3.0,tree_top,0.414285714286,0.0,1.0,3.0,tree_top,0.35,0.0,1.0,3.0,tree_top,0.5,0.0,1.0,2.0,tree_top
0.01,1,0.01,140,30,32,3.65,1.0,5.0,54.0,tree_top,5.02857142857,1.0,7.2,54.0,tree_top,0.103448275862,0.0,0.0,1.0,tree_top,8.51219512195,5.0,12.0,54.0,tree_bot
0.01,1,0.01,140,30,40,1.71,1.0,2.0,22.0,tree_top,2.24285714286,1.0,4.0,22.0,tree_top,0.40625,0.0,1.0,2.0,tree_top,3.78947368421,2.5,6.0,22.0,tree_top
0.01,1,0.01,120,40,12,2.87,1.0,2.0,45.0,tree_top,3.92857142857,1.0,5.0,45.0,tree_top,0.848484848485,1.0,1.6,3.0,tree_top,6.67567567568,2.0,11.8,45.0,off_bot
0.01,1,0.01,120,40,16,1.43,0.0,1.0,21.0,tree_top,1.95714285714,1.0,2.0,21.0,tree_top,0.65625,1.0,1.0,2.0,tree_top,3.05263157895,1.0,6.0,21.0,tree_bot
0.01,1,0.01,120,40,24,1.35,1.0,2.0,11.0,tree_top,1.84285714286,1.0,2.0,11.0,tree_top,1.27586206897,1.0,2.0,4.0,tree_top,2.24390243902,2.0,3.0,11.0,tree_top
0.01,1,0.01,120,40,32,1.02,0.5,1.0,21.0,tree_top,1.37142857143,1.0,1.0,21.0,tree_top,0.540540540541,1.0,1.0,1.0,tree_top,2.30303030303,1.0,3.0,21.0,tree_top
0.01,1,0.01,120,40,40,4.07,1.0,6.0,47.0,tree_top,5.62857142857,2.0,8.0,47.0,tree_top,0.58064516129,0.0,1.0,2.0,tree_top,9.64102564103,6.0,14.4,47.0,tree_top
0.01,1,0.01,120,35,12,0.63,0.0,1.0,7.0,tree_top,0.7,0.0,1.0,7.0,tree_top,0.3,0.0,1.0,2.0,tree_top,1.0,0.5,2.0,7.0,tree_top
0.01,1,0.01,120,35,16,0.43,0.0,1.0,3.0,tree_top,0.514285714286,0.0,1.0,3.0,tree_top,0.47619047619,0.0,1.0,2.0,tree_top,0.571428571429,0.0,1.0,3.0,tree_bot
0.01,1,0.01,120,35,24,2.2,1.0,2.0,38.0,tree_top,3.05714285714,1.0,2.0,38.0,tree_top,1.0,1.0,1.0,4.0,tree_top,5.64516129032,2.0,7.0,38.0,tree_top
0.01,1,0.01,120,35,32,1.28,1.0,1.0,20.0,tree_top,1.72857142857,1.0,1.0,20.0,tree_top,0.742857142857,1.0,1.0,3.0,off_top,2.71428571429,1.0,3.0,20.0,tree_top
0.01,1,0.01,120,35,40,1.51,1.0,2.0,15.0,tree_top,2.04285714286,1.0,3.0,15.0,tree_top,1.10810810811,1.0,1.8,3.0,tree_top,3.09090909091,1.0,5.6,15.0,tree_top
0.01,1,0.01,120,30,12,0.96,1.0,1.0,5.0,tree_top,1.12857142857,1.0,1.2,5.0,tree_top,1.33333333333,1.0,2.0,5.0,tree_top,0.975,1.0,1.0,4.0,off_bot
0.01,1,0.01,120,30,16,0.88,0.0,1.0,9.0,tree_top,1.12857142857,1.0,2.0,9.0,tree_top,0.53125,0.0,1.0,2.0,tree_top,1.63157894737,1.0,3.6,9.0,tree_bot
0.01,1,0.01,120,30,24,0.83,1.0,1.0,7.0,tree_top,1.07142857143,1.0,1.0,7.0,tree_top,0.871794871795,1.0,1.0,2.0,tree_top,1.32258064516,1.0,2.0,7.0,tree_bot
0.01,1,0.01,120,30,32,1.41,1.0,2.0,12.0,tree_top,1.84285714286,1.0,2.2,12.0,tree_top,1.0,1.0,1.0,3.0,tree_top,2.43902439024,1.0,4.0,12.0,tree_bot
0.01,1,0.01,120,30,40,12.03,1.0,4.6,374.0,tree_top,16.9714285714,1.0,15.2,374.0,tree_top,1.07692307692,1.0,1.0,2.0,tree_top,36.9677419355,13.0,41.0,374.0,tree_top
0.01,1,0.01,110,40,12,0.44,0.0,1.0,5.0,tree_top,0.514285714286,0.0,1.0,5.0,tree_top,0.222222222222,0.0,1.0,1.0,tree_top,0.823529411765,0.0,2.0,5.0,tree_top
0.01,1,0.01,110,40,16,0.75,1.0,1.0,5.0,tree_top,0.928571428571,1.0,1.2,5.0,tree_top,0.941176470588,1.0,1.0,5.0,tree_top,0.916666666667,1.0,2.0,5.0,tree_top
0.01,1,0.01,110,40,24,1.08,0.0,1.0,19.0,tree_top,1.38571428571,1.0,1.2,19.0,tree_top,0.384615384615,0.0,1.0,1.0,tree_top,2.64516129032,1.0,4.0,19.0,tree_top
0.01,1,0.01,110,40,32,1.03,0.0,1.0,12.0,tree_top,1.3,1.0,2.0,12.0,tree_top,0.551724137931,0.0,1.0,2.0,tree_top,1.82926829268,1.0,4.0,12.0,tree_top
0.01,1,0.01,110,40,40,0.83,0.0,2.0,5.0,tree_top,0.957142857143,1.0,2.0,5.0,tree_top,0.65,0.0,1.2,4.0,tree_top,1.36666666667,1.0,2.0,5.0,tree_top
0.01,1,0.01,110,35,12,0.54,0.0,1.0,6.0,tree_top,0.628571428571,0.0,1.0,6.0,tree_top,0.606060606061,0.0,1.0,3.0,tree_top,0.648648648649,0.0,1.0,6.0,tree_bot
0.01,1,0.01,110,35,16,0.59,0.0,1.0,6.0,tree_top,0.728571428571,0.0,1.0,6.0,tree_top,0.611111111111,0.0,1.0,3.0,tree_top,0.852941176471,0.0,1.0,6.0,tree_top
0.01,1,0.01,110,35,24,1.66,1.0,2.0,20.0,tree_top,2.24285714286,1.0,3.0,20.0,tree_top,0.333333333333,0.0,1.0,1.0,tree_top,3.23913043478,2.0,6.0,20.0,tree_top
0.01,1,0.01,110,35,32,0.76,1.0,1.0,6.0,tree_top,0.942857142857,1.0,1.0,6.0,tree_top,0.828571428571,1.0,1.0,2.0,tree_top,1.05714285714,1.0,1.2,6.0,tree_top
0.01,1,0.01,110,35,40,4.25,1.0,6.4,31.0,tree_top,5.15714285714,1.5,11.0,31.0,tree_top,0.40625,0.0,1.0,3.0,tree_top,9.15789473684,6.0,15.0,31.0,tree_top
0.01,1,0.01,110,30,12,0.47,0.0,1.0,6.0,tree_top,0.6,0.0,1.0,6.0,tree_top,0.441176470588,0.0,1.0,1.0,tree_top,0.75,0.0,1.0,6.0,tree_top
0.01,1,0.01,110,30,16,2.09,1.0,2.0,43.0,tree_top,2.81428571429,1.0,2.2,43.0,tree_top,0.448275862069,0.0,1.0,2.0,tree_top,4.48780487805,2.0,4.0,43.0,off_bot
0.01,1,0.01,110,30,24,2.48,1.0,2.0,37.0,tree_top,3.41428571429,1.0,5.2,37.0,tree_top,0.5,0.0,1.0,2.0,tree_top,6.5,3.0,11.8,37.0,tree_top
0.01,1,0.01,110,30,32,0.63,0.5,1.0,4.0,tree_top,0.714285714286,1.0,1.0,4.0,tree_top,0.525,1.0,1.0,1.0,tree_top,0.966666666667,1.0,2.0,4.0,tree_top
0.01,1,0.01,110,30,40,1.27,1.0,2.0,14.0,tree_top,1.58571428571,1.0,2.0,14.0,tree_top,0.85,1.0,1.0,5.0,tree_top,2.56666666667,2.0,4.0,14.0,tree_top
0.01,1,0.01,100,40,12,0.94,1.0,2.0,6.0,tree_top,1.17142857143,1.0,2.0,6.0,tree_top,0.741935483871,1.0,1.0,3.0,tree_top,1.51282051282,1.0,2.0,6.0,off_bot
0.01,1,0.01,100,40,16,0.66,0.0,1.0,5.0,tree_top,0.871428571429,1.0,1.0,5.0,tree_top,0.735294117647,1.0,1.0,2.0,tree_top,1.0,1.0,2.0,5.0,off_bot
0.01,1,0.01,100,40,24,0.67,0.5,1.0,4.0,tree_top,0.785714285714,1.0,1.0,4.0,tree_top,0.594594594595,1.0,1.0,2.0,tree_top,1.0,1.0,2.0,4.0,tree_top
0.01,1,0.01,100,40,32,0.49,0.0,1.0,3.0,tree_top,0.6,0.0,1.0,3.0,tree_top,0.5,0.0,1.0,3.0,tree_top,0.675,0.0,1.0,3.0,tree_top
0.01,1,0.01,100,40,40,1.51,0.0,2.0,21.0,tree_top,2.04285714286,1.0,3.0,21.0,tree_top,0.428571428571,0.0,1.0,2.0,tree_top,3.65714285714,2.0,6.2,21.0,tree_top
0.01,1,0.01,100,35,12,0.57,0.0,1.0,3.0,tree_top,0.714285714286,1.0,1.0,3.0,tree_top,0.631578947368,1.0,1.0,2.0,tree_top,0.8125,1.0,1.0,3.0,off_bot
0.01,1,0.01,100,35,16,0.64,1.0,1.0,5.0,tree_top,0.728571428571,1.0,1.0,5.0,tree_top,0.775,1.0,1.0,2.0,tree_top,0.666666666667,0.0,1.0,5.0,tree_top
0.01,1,0.01,100,35,24,1.12,0.0,2.0,12.0,tree_top,1.5,0.5,2.0,12.0,tree_top,0.484848484848,0.0,1.0,2.0,tree_top,2.40540540541,1.0,3.0,12.0,tree_top
0.01,1,0.01,100,35,32,1.26,1.0,2.0,8.0,tree_top,1.6,1.0,3.0,8.0,tree_top,0.612903225806,1.0,1.0,3.0,tree_top,2.38461538462,2.0,4.0,8.0,tree_top
0.01,1,0.01,100,35,40,3.96,0.0,4.0,46.0,tree_top,5.55714285714,1.0,9.0,46.0,tree_top,0.346153846154,0.0,1.0,2.0,tree_top,8.63636363636,2.5,11.4,46.0,tree_top
0.01,1,0.01,100,30,12,0.55,0.0,1.0,4.0,tree_top,0.7,1.0,1.0,4.0,tree_top,0.594594594595,1.0,1.0,2.0,tree_top,0.818181818182,1.0,1.0,4.0,tree_bot
0.01,1,0.01,100,30,16,0.99,0.0,1.0,20.0,tree_top,1.25714285714,1.0,2.0,20.0,tree_top,0.375,0.0,1.0,2.0,tree_top,2.0,1.0,3.0,20.0,off_bot
0.01,1,0.01,100,30,24,0.75,0.0,1.0,7.0,tree_top,0.9,0.0,2.0,7.0,tree_top,0.307692307692,0.0,1.0,2.0,tree_top,1.64516129032,1.0,3.0,7.0,tree_top
0.01,1,0.01,100,30,32,1.03,1.0,2.0,8.0,tree_top,1.35714285714,1.0,2.0,8.0,tree_top,1.275,1.0,2.0,5.0,tree_top,1.46666666667,1.0,3.0,8.0,off_bot
0.01,1,0.01,100,30,40,3.32,1.0,5.2,41.0,tree_top,4.61428571429,1.0,9.2,41.0,tree_top,0.4,0.0,1.0,3.0,tree_top,7.775,5.5,12.0,41.0,tree_bot
0.01,1,0.001,140,40,12,2.1,1.0,2.0,40.0,tree_top,2.8,1.0,2.0,40.0,tree_top,0.777777777778,1.0,2.0,2.0,tree_top,4.94117647059,1.5,6.4,40.0,tree_bot
0.01,1,0.001,140,40,16,0.74,0.0,1.0,13.0,tree_top,0.985714285714,0.0,1.0,13.0,tree_top,0.243243243243,0.0,1.0,1.0,tree_top,1.81818181818,1.0,2.0,13.0,tree_top
0.01,1,0.001,140,40,24,0.99,1.0,1.0,7.0,tree_top,1.22857142857,1.0,2.0,7.0,tree_top,0.866666666667,1.0,1.0,2.0,tree_top,1.5,1.0,2.2,7.0,tree_top
0.01,1,0.001,140,40,32,0.41,0.0,1.0,4.0,tree_top,0.514285714286,0.0,1.0,4.0,tree_top,0.382352941176,0.0,1.0,2.0,tree_top,0.638888888889,0.0,1.0,4.0,tree_top
0.01,1,0.001,140,40,40,3.1,0.0,2.4,31.0,tree_top,4.15714285714,0.0,5.2,31.0,tree_top,0.205882352941,0.0,0.4,1.0,tree_top,7.88888888889,3.0,16.0,31.0,tree_top
0.01,1,0.001,140,35,12,0.66,0.0,1.0,4.0,tree_top,0.857142857143,1.0,1.0,4.0,tree_top,0.857142857143,1.0,1.0,2.0,tree_top,0.857142857143,0.0,2.0,4.0,tree_top
0.01,1,0.001,140,35,16,0.66,0.0,1.0,5.0,tree_top,0.714285714286,0.0,1.0,5.0,tree_top,0.257142857143,0.0,1.0,1.0,tree_top,1.17142857143,1.0,2.2,5.0,tree_top
0.01,1,0.001,140,35,24,2.1,0.0,2.0,28.0,tree_top,2.75714285714,0.0,4.0,28.0,tree_top,0.272727272727,0.0,1.0,1.0,tree_top,4.97297297297,2.0,6.8,28.0,tree_top
0.01,1,0.001,140,35,32,0.68,0.0,1.0,12.0,tree_top,0.885714285714,0.0,1.0,12.0,tree_top,0.272727272727,0.0,1.0,1.0,tree_top,1.43243243243,0.0,1.0,12.0,tree_top
0.01,1,0.001,140,35,40,50.45,1.0,37.8,1011.0,tree_top,71.7857142857,2.0,96.6,1011.0,tree_top,0.714285714286,1.0,1.0,3.0,tree_top,142.857142857,46.0,251.2,1011.0,tree_top
0.01,1,0.001,140,30,12,0.52,0.0,1.0,6.0,tree_top,0.657142857143,0.0,1.0,6.0,tree_top,0.439024390244,0.0,1.0,3.0,tree_top,0.965517241379,1.0,1.0,6.0,tree_bot
0.01,1,0.001,140,30,16,0.45,0.0,1.0,7.0,tree_top,0.528571428571,0.0,1.0,7.0,tree_top,0.216216216216,0.0,0.0,2.0,tree_top,0.878787878788,0.0,1.6,7.0,tree_top
0.01,1,0.001,140,30,24,0.92,1.0,1.0,7.0,tree_top,1.1,1.0,2.0,7.0,tree_top,0.731707317073,1.0,1.0,2.0,tree_top,1.62068965517,1.0,3.0,7.0,tree_top
0.01,1,0.001,140,30,32,3.32,1.0,2.0,64.0,tree_top,4.51428571429,1.0,4.0,64.0,tree_top,0.945945945946,1.0,1.0,2.0,tree_top,8.51515151515,3.0,16.6,64.0,tree_top
0.01,1,0.001,140,30,40,3.1,0.0,3.0,96.0,tree_top,4.31428571429,1.0,3.0,96.0,tree_top,0.605263157895,0.0,1.0,3.0,tree_top,8.71875,3.0,7.8,96.0,off_bot
0.01,1,0.001,120,40,12,1.74,0.0,2.0,37.0,tree_top,2.34285714286,1.0,3.0,37.0,tree_top,0.264705882353,0.0,0.0,3.0,tree_top,4.30555555556,2.0,6.0,37.0,tree_bot
0.01,1,0.001,120,40,16,0.62,0.0,1.0,4.0,tree_top,0.828571428571,1.0,1.0,4.0,tree_top,0.625,1.0,1.0,2.0,tree_top,1.0,1.0,2.0,4.0,tree_top
0.01,1,0.001,120,40,24,0.96,1.0,1.0,9.0,tree_top,1.18571428571,1.0,2.0,9.0,tree_top,0.78125,1.0,1.0,2.0,tree_top,1.52631578947,1.0,2.0,9.0,tree_top
0.01,1,0.001,120,40,32,0.69,0.5,1.0,3.0,tree_top,0.857142857143,1.0,1.0,3.0,tree_top,0.810810810811,1.0,1.0,2.0,tree_top,0.909090909091,1.0,1.0,3.0,tree_top
0.01,1,0.001,120,40,40,1.47,1.0,1.0,27.0,tree_top,1.88571428571,1.0,2.0,27.0,tree_top,0.818181818182,1.0,1.0,2.0,tree_top,2.83783783784,0.0,3.6,27.0,tree_top
0.01,1,0.001,120,35,12,0.66,0.0,1.0,4.0,tree_top,0.785714285714,1.0,1.0,4.0,tree_top,0.58064516129,0.0,1.0,2.0,tree_top,0.948717948718,1.0,1.4,4.0,off_bot
0.01,1,0.001,120,35,16,0.67,0.5,1.0,4.0,tree_top,0.857142857143,1.0,1.0,4.0,tree_top,0.85,1.0,1.0,2.0,tree_top,0.866666666667,1.0,1.2,4.0,off_bot
0.01,1,0.001,120,35,24,1.3,1.0,1.0,15.0,tree_top,1.72857142857,1.0,3.0,15.0,tree_top,0.677419354839,1.0,1.0,2.0,tree_top,2.5641025641,1.0,4.0,15.0,tree_bot
0.01,1,0.001,120,35,32,1.17,1.0,2.0,7.0,tree_top,1.44285714286,1.0,2.0,7.0,tree_top,1.11111111111,1.0,2.0,4.0,tree_top,1.79411764706,1.0,3.0,7.0,tree_top
0.01,1,0.001,120,35,40,2.91,1.0,4.0,33.0,tree_top,4.02857142857,1.0,6.2,33.0,tree_top,0.529411764706,0.0,1.0,2.0,tree_top,7.33333333333,4.5,12.0,33.0,tree_top
0.01,1,0.001,120,30,12,0.42,0.0,1.0,3.0,tree_top,0.471428571429,0.0,1.0,3.0,tree_top,0.391304347826,0.0,1.0,3.0,tree_top,0.625,0.5,1.0,3.0,tree_top
0.01,1,0.001,120,30,16,0.56,0.0,1.0,4.0,tree_top,0.642857142857,0.5,1.0,4.0,tree_top,0.58064516129,1.0,1.0,2.0,tree_top,0.692307692308,0.0,1.0,4.0,tree_bot
0.01,1,0.001,120,30,24,0.61,0.0,1.0,5.0,tree_top,0.785714285714,1.0,1.0,5.0,tree_top,0.5,0.0,1.0,2.0,tree_top,1.05555555556,1.0,2.0,5.0,tree_top
0.01,1,0.001,120,30,32,0.97,0.0,1.2,15.0,tree_top,1.27142857143,1.0,2.0,15.0,tree_top,0.866666666667,1.0,1.0,3.0,tree_top,1.575,1.0,2.2,15.0,tree_bot
0.01,1,0.001,120,30,40,11.66,1.0,12.4,105.0,tree_top,16.4857142857,1.0,26.4,105.0,tree_top,0.71875,1.0,1.0,4.0,tree_top,29.7631578947,14.5,60.2,105.0,tree_top
0.01,1,0.001,110,40,12,1.07,1.0,2.0,13.0,tree_top,1.4,1.0,2.0,13.0,tree_top,0.641025641026,1.0,1.0,2.0,tree_top,2.35483870968,2.0,3.0,13.0,tree_top
0.01,1,0.001,110,40,16,0.78,0.0,1.0,15.0,tree_top,0.928571428571,1.0,1.0,15.0,tree_top,0.567567567568,1.0,1.0,2.0,tree_top,1.33333333333,1.0,2.0,15.0,tree_top
0.01,1,0.001,110,40,24,1.82,0.0,2.0,18.0,tree_top,2.52857142857,0.5,3.0,18.0,tree_top,0.533333333333,0.0,1.0,3.0,tree_top,4.025,1.5,8.0,18.0,tree_top
0.01,1,0.001,110,40,32,0.51,0.0,1.0,6.0,tree_top,0.642857142857,0.0,1.0,6.0,tree_top,0.358974358974,0.0,1.0,1.0,tree_top,1.0,0.0,2.0,6.0,tree_top
0.01,1,0.001,110,40,40,2.84,1.0,2.0,33.0,tree_top,3.88571428571,1.0,7.0,33.0,tree_top,0.710526315789,1.0,1.0,3.0,tree_top,7.65625,5.0,11.0,33.0,tree_top
0.01,1,0.001,110,35,12,0.67,0.0,1.0,8.0,tree_top,0.871428571429,1.0,1.0,8.0,tree_top,0.514285714286,0.0,1.0,2.0,tree_top,1.22857142857,1.0,1.2,8.0,tree_top
0.01,1,0.001,110,35,16,0.72,0.0,1.0,11.0,tree_top,0.885714285714,0.0,1.0,11.0,tree_top,0.806451612903,1.0,1.0,3.0,tree_top,0.948717948718,0.0,1.0,11.0,tree_top
0.01,1,0.001,110,35,24,1.42,0.0,1.0,33.0,tree_top,1.87142857143,1.0,2.0,33.0,tree_top,0.439024390244,0.0,1.0,2.0,tree_top,3.89655172414,2.0,5.0,33.0,tree_top
0.01,1,0.001,110,35,32,3.03,1.0,3.0,40.0,tree_top,4.14285714286,1.0,7.0,40.0,tree_top,0.6,1.0,1.0,2.0,tree_top,6.8,3.0,11.2,40.0,off_bot
0.01,1,0.001,110,35,40,16.13,1.0,23.4,229.0,tree_top,22.5142857143,1.5,40.2,229.0,tree_top,0.147058823529,0.0,0.0,2.0,tree_top,43.6388888889,30.0,54.0,229.0,tree_top
0.01,1,0.001,110,30,12,0.72,0.0,1.0,7.0,tree_top,0.885714285714,1.0,1.0,7.0,tree_top,0.513513513514,0.0,1.0,2.0,tree_top,1.30303030303,1.0,2.0,7.0,off_bot
0.01,1,0.001,110,30,16,0.99,1.0,2.0,5.0,tree_top,1.27142857143,1.0,2.0,5.0,tree_top,0.967741935484,1.0,1.0,3.0,tree_top,1.51282051282,1.0,2.4,5.0,off_bot
0.01,1,0.001,110,30,24,2.07,1.0,2.0,43.0,tree_top,2.78571428571,1.0,3.0,43.0,tree_top,0.694444444444,1.0,1.0,3.0,tree_top,5.0,2.0,6.4,43.0,tree_top
0.01,1,0.001,110,30,32,1.7,0.5,2.0,36.0,tree_top,2.25714285714,1.0,3.0,36.0,tree_top,0.4,0.0,1.0,2.0,tree_top,4.11428571429,2.0,6.0,36.0,tree_bot
0.01,1,0.001,110,30,40,4.61,1.0,7.0,136.0,tree_top,6.44285714286,1.0,9.0,136.0,tree_top,0.242424242424,0.0,1.0,1.0,tree_top,11.972972973,7.0,14.0,136.0,off_bot
0.01,1,0.001,100,40,12,0.91,0.0,1.0,11.0,tree_top,1.18571428571,0.5,2.0,11.0,tree_top,0.172413793103,0.0,0.0,1.0,tree_top,1.90243902439,1.0,3.0,11.0,tree_top
0.01,1,0.001,100,40,16,0.65,0.0,1.0,6.0,tree_top,0.814285714286,1.0,1.0,6.0,tree_top,0.880952380952,1.0,1.0,4.0,tree_top,0.714285714286,0.5,1.0,6.0,tree_bot
0.01,1,0.001,100,40,24,0.66,0.0,1.0,8.0,tree_top,0.857142857143,0.0,1.0,8.0,tree_top,0.361111111111,0.0,1.0,2.0,tree_top,1.38235294118,1.0,2.0,8.0,off_bot
0.01,1,0.001,100,40,32,0.65,0.0,1.0,7.0,tree_top,0.828571428571,0.0,1.0,7.0,tree_top,0.382352941176,0.0,1.0,1.0,tree_top,1.25,1.0,2.0,7.0,tree_top
0.01,1,0.001,100,40,40,0.88,0.0,1.0,9.0,tree_top,1.15714285714,1.0,1.2,9.0,tree_top,0.558139534884,1.0,1.0,1.0,tree_top,2.11111111111,2.0,3.8,9.0,tree_top
0.01,1,0.001,100,35,12,0.49,0.0,1.0,2.0,tree_top,0.585714285714,1.0,1.0,2.0,tree_top,0.463414634146,0.0,1.0,1.0,tree_top,0.758620689655,1.0,1.0,2.0,off_bot
0.01,1,0.001,100,35,16,0.46,0.0,1.0,4.0,tree_top,0.528571428571,0.0,1.0,4.0,tree_top,0.264705882353,0.0,1.0,2.0,tree_top,0.777777777778,1.0,1.0,4.0,tree_top
0.01,1,0.001,100,35,24,2.5,1.0,2.2,38.0,tree_top,3.45714285714,1.0,5.0,38.0,tree_top,0.638888888889,1.0,1.0,2.0,tree_top,6.44117647059,3.5,10.0,38.0,tree_top
0.01,1,0.001,100,35,32,1.84,1.0,2.0,19.0,tree_top,2.4,1.0,4.0,19.0,tree_top,0.705882352941,1.0,1.0,2.0,tree_top,4.0,1.5,7.0,19.0,tree_bot
0.01,1,0.001,100,35,40,0.96,1.0,2.0,10.0,tree_top,1.2,1.0,2.0,10.0,tree_top,0.774193548387,1.0,1.0,2.0,tree_top,1.53846153846,1.0,2.0,10.0,tree_top
0.01,1,0.001,100,30,12,0.44,0.0,1.0,3.0,tree_top,0.571428571429,0.0,1.0,3.0,tree_top,0.432432432432,0.0,1.0,2.0,tree_top,0.727272727273,0.0,1.6,3.0,tree_bot
0.01,1,0.001,100,30,16,0.83,0.0,1.0,7.0,tree_top,1.02857142857,1.0,1.0,7.0,tree_top,0.6,1.0,1.0,2.0,tree_top,1.45714285714,1.0,3.0,7.0,tree_top
0.01,1,0.001,100,30,24,0.94,1.0,1.2,14.0,tree_top,1.18571428571,1.0,2.0,14.0,tree_top,0.424242424242,0.0,1.0,2.0,tree_top,1.86486486486,1.0,2.0,14.0,off_bot
0.01,1,0.001,100,30,32,2.42,1.0,2.0,43.0,tree_top,3.31428571429,1.0,3.2,43.0,tree_top,0.540540540541,0.0,1.0,2.0,tree_top,6.42424242424,3.0,8.0,43.0,off_bot
0.01,1,0.001,100,30,40,3.38,0.0,2.0,54.0,tree_top,4.72857142857,1.0,4.6,54.0,tree_top,0.206896551724,0.0,0.4,1.0,tree_top,7.92682926829,2.0,14.0,54.0,tree_top
0.005,1,0.1,140,40,12,0.78,0.0,1.0,12.0,tree_top,1.0,0.0,1.2,12.0,tree_top,0.432432432432,0.0,1.0,2.0,tree_top,1.63636363636,1.0,2.0,12.0,tree_bot
0.005,1,0.1,140,40,16,1.43,0.0,1.0,49.0,tree_top,1.88571428571,0.0,1.0,49.0,tree_top,0.125,0.0,0.0,1.0,tree_top,4.23333333333,1.0,6.0,49.0,off_bot
0.005,1,0.1,140,40,24,0.34,0.0,1.0,2.0,tree_top,0.414285714286,0.0,1.0,2.0,tree_top,0.325,0.0,1.0,2.0,tree_top,0.533333333333,0.0,1.0,2.0,tree_top
0.005,1,0.1,140,40,32,1.62,1.0,3.0,14.0,tree_top,2.18571428571,1.0,4.0,14.0,tree_top,0.861111111111,1.0,1.0,3.0,tree_top,3.58823529412,3.0,5.0,14.0,tree_top
0.005,1,0.1,140,40,40,1.31,0.0,1.0,16.0,tree_top,1.77142857143,1.0,2.0,16.0,tree_top,0.484848484848,0.0,1.0,2.0,tree_top,2.91891891892,1.0,5.8,16.0,tree_top
0.005,1,0.1,140,35,12,0.89,1.0,2.0,5.0,tree_top,1.14285714286,1.0,2.0,5.0,tree_top,1.0487804878,1.0,2.0,3.0,tree_top,1.27586206897,1.0,2.0,5.0,off_bot
0.005,1,0.1,140,35,16,1.17,0.0,2.0,17.0,tree_top,1.51428571429,0.0,3.0,17.0,tree_top,0.189189189189,0.0,0.0,1.0,tree_top,3.0,2.0,5.0,17.0,tree_top
0.005,1,0.1,140,35,24,1.52,0.0,2.0,25.0,tree_top,1.91428571429,1.0,2.0,25.0,tree_top,0.428571428571,0.0,1.0,2.0,tree_top,4.14285714286,2.0,5.8,25.0,tree_top
0.005,1,0.1,140,35,32,1.33,1.0,2.0,22.0,tree_top,1.67142857143,1.0,2.2,22.0,tree_top,0.8125,1.0,1.8,2.0,tree_top,2.39473684211,1.0,3.6,22.0,tree_top
0.005,1,0.1,140,35,40,2.68,0.0,2.0,36.0,tree_top,3.68571428571,0.0,6.2,36.0,tree_top,0.0882352941176,0.0,0.0,1.0,tree_top,7.08333333333,2.5,11.0,36.0,tree_top
0.005,1,0.1,140,30,12,0.99,1.0,1.2,13.0,tree_top,1.18571428571,1.0,2.0,13.0,tree_top,1.175,1.0,2.0,4.0,tree_top,1.2,1.0,1.0,13.0,tree_top
0.005,1,0.1,140,30,16,1.13,1.0,2.0,8.0,tree_top,1.52857142857,1.0,2.0,8.0,tree_top,1.0,1.0,1.0,3.0,tree_top,2.12121212121,1.0,3.0,8.0,tree_top
0.005,1,0.1,140,30,24,1.16,1.0,2.0,8.0,tree_top,1.5,1.0,2.0,8.0,tree_top,0.685714285714,1.0,1.0,2.0,tree_top,2.31428571429,2.0,4.0,8.0,tree_top
0.005,1,0.1,140,30,32,3.0,1.0,2.0,31.0,tree_top,4.11428571429,1.0,6.4,31.0,tree_top,0.466666666667,0.0,1.0,2.0,tree_top,6.85,2.0,14.0,31.0,tree_top
0.005,1,0.1,140,30,40,2.2,1.0,2.0,26.0,tree_top,3.01428571429,1.0,3.0,26.0,tree_top,0.969696969697,1.0,1.0,3.0,tree_top,4.83783783784,2.0,9.0,26.0,tree_top
0.005,1,0.1,120,40,12,1.2,0.0,1.2,21.0,tree_top,1.58571428571,0.0,2.0,21.0,tree_top,0.294117647059,0.0,1.0,3.0,tree_top,2.80555555556,1.5,3.0,21.0,off_bot
0.005,1,0.1,120,40,16,0.22,0.0,1.0,2.0,tree_top,0.242857142857,0.0,1.0,2.0,tree_top,0.275,0.0,1.0,2.0,tree_top,0.2,0.0,0.2,1.0,tree_top
0.005,1,0.1,120,40,24,1.1,1.0,2.0,8.0,tree_top,1.37142857143,1.0,2.0,8.0,tree_top,1.34482758621,1.0,2.0,4.0,tree_top,1.39024390244,1.0,2.0,8.0,tree_top
0.005,1,0.1,120,40,32,2.18,1.0,2.0,29.0,tree_top,3.0,1.0,3.2,29.0,tree_top,0.628571428571,1.0,1.0,3.0,tree_top,5.37142857143,3.0,7.2,29.0,tree_top
0.005,1,0.1,120,40,40,0.94,0.0,2.0,13.0,tree_top,1.3,1.0,2.0,13.0,tree_top,0.65625,0.5,1.0,2.0,tree_top,1.84210526316,1.0,2.0,13.0,tree_top
0.005,1,0.1,120,35,12,0.6,0.0,1.0,4.0,tree_top,0.757142857143,1.0,1.0,3.0,tree_top,0.710526315789,1.0,1.0,3.0,tree_top,0.8125,1.0,1.0,3.0,tree_bot
0.005,1,0.1,120,35,16,0.52,0.0,1.0,7.0,tree_top,0.685714285714,0.0,1.0,7.0,tree_top,0.78125,0.5,1.0,3.0,tree_top,0.605263157895,0.0,1.0,7.0,tree_bot
0.005,1,0.1,120,35,24,6.06,0.0,2.6,145.0,tree_top,8.6,1.0,7.0,145.0,tree_top,0.30303030303,0.0,1.0,2.0,tree_top,16.0,5.0,24.0,145.0,tree_top
0.005,1,0.1,120,35,32,0.77,0.0,1.0,5.0,tree_top,0.985714285714,1.0,2.0,5.0,tree_top,0.666666666667,1.0,1.0,2.0,tree_top,1.27027027027,1.0,2.8,5.0,tree_bot
0.005,1,0.1,120,35,40,1.68,1.0,2.0,24.0,tree_top,2.28571428571,1.0,3.0,24.0,tree_top,0.731707317073,1.0,1.0,3.0,tree_top,4.48275862069,2.0,6.4,24.0,tree_top
0.005,1,0.1,120,30,12,0.92,1.0,2.0,4.0,tree_top,1.12857142857,1.0,2.0,4.0,tree_top,1.2,1.0,2.0,4.0,tree_top,1.03333333333,1.0,2.0,4.0,tree_bot
0.005,1,0.1,120,30,16,0.68,0.0,1.0,7.0,tree_top,0.857142857143,1.0,1.0,7.0,tree_top,0.48275862069,0.0,1.0,2.0,tree_top,1.12195121951,1.0,2.0,7.0,tree_bot
0.005,1,0.1,120,30,24,1.16,1.0,1.0,16.0,tree_top,1.48571428571,1.0,2.0,16.0,tree_top,1.05405405405,1.0,1.0,4.0,tree_top,1.9696969697,1.0,3.6,16.0,tree_top
0.005,1,0.1,120,30,32,5.79,1.0,2.0,168.0,tree_top,8.08571428571,1.0,2.0,168.0,tree_top,0.96875,1.0,1.0,3.0,tree_top,14.0789473684,1.0,3.0,168.0,tree_bot
0.005,1,0.1,120,30,40,1.77,0.0,1.0,27.0,tree_top,2.37142857143,0.5,2.0,27.0,tree_top,0.297297297297,0.0,1.0,2.0,tree_top,4.69696969697,1.0,8.6,27.0,tree_top
0.005,1,0.1,110,40,12,1.18,1.0,2.0,17.0,tree_top,1.47142857143,1.0,2.0,17.0,tree_top,0.59375,0.0,1.0,3.0,tree_top,2.21052631579,1.0,3.0,17.0,tree_bot
0.005,1,0.1,110,40,16,3.56,1.0,2.0,67.0,tree_top,4.95714285714,1.0,4.0,67.0,tree_top,0.611111111111,1.0,1.0,2.0,tree_top,9.55882352941,3.5,13.0,67.0,off_bot
0.005,1,0.1,110,40,24,17.34,1.0,15.6,211.0,tree_top,24.6285714286,1.0,41.6,211.0,tree_top,0.333333333333,0.0,1.0,2.0,tree_top,50.3529411765,23.0,88.2,211.0,tree_bot
0.005,1,0.1,110,40,32,0.62,0.0,1.0,5.0,tree_top,0.785714285714,1.0,1.0,5.0,tree_top,0.688888888889,1.0,1.0,2.0,tree_top,0.96,1.0,1.0,5.0,tree_top
0.005,1,0.1,110,40,40,1.54,0.0,2.0,22.0,tree_top,2.11428571429,1.0,3.0,22.0,tree_top,0.555555555556,0.0,1.0,2.0,tree_top,3.76470588235,2.0,5.4,22.0,tree_top
0.005,1,0.1,110,35,12,0.64,0.0,1.0,3.0,tree_top,0.742857142857,1.0,1.0,3.0,tree_top,0.742857142857,1.0,1.0,3.0,tree_top,0.742857142857,0.0,1.0,3.0,tree_bot
0.005,1,0.1,110,35,16,0.86,0.0,1.0,9.0,tree_top,1.14285714286,1.0,2.0,9.0,tree_top,0.658536585366,1.0,1.0,3.0,tree_top,1.8275862069,1.0,3.0,9.0,tree_top
0.005,1,0.1,110,35,24,1.59,1.0,2.0,20.0,tree_top,2.07142857143,1.0,3.0,20.0,tree_top,1.02777777778,1.0,2.0,3.0,tree_top,3.17647058824,2.0,4.0,20.0,tree_top
0.005,1,0.1,110,35,32,0.62,0.0,1.0,13.0,tree_top,0.742857142857,0.0,1.0,13.0,tree_top,0.461538461538,0.0,1.0,3.0,tree_top,1.09677419355,1.0,1.0,13.0,off_bot
0.005,1,0.1,110,35,40,0.55,0.0,1.0,8.0,tree_top,0.642857142857,0.0,1.0,8.0,tree_top,0.1,0.0,0.0,1.0,tree_top,1.05,0.0,2.0,8.0,tree_top
0.005,1,0.1,110,30,12,0.65,0.0,1.0,8.0,tree_top,0.728571428571,1.0,1.0,8.0,tree_top,0.756756756757,1.0,1.0,2.0,tree_top,0.69696969697,0.0,1.0,8.0,tree_top
0.005,1,0.1,110,30,16,0.59,0.5,1.0,3.0,tree_top,0.642857142857,1.0,1.0,3.0,tree_top,0.615384615385,1.0,1.0,3.0,tree_top,0.677419354839,1.0,1.0,2.0,tree_top
0.005,1,0.1,110,30,24,0.89,0.0,1.0,9.0,tree_top,1.1,0.0,2.0,9.0,tree_top,0.176470588235,0.0,0.0,2.0,tree_top,1.97222222222,1.0,3.0,9.0,tree_top
0.005,1,0.1,110,30,32,2.86,1.0,3.2,34.0,tree_top,3.81428571429,1.0,4.2,34.0,tree_top,0.793103448276,1.0,1.0,2.0,tree_top,5.9512195122,3.0,9.0,34.0,off_bot
0.005,1,0.1,110,30,40,1.24,1.0,2.0,10.0,tree_top,1.52857142857,1.0,2.0,10.0,tree_top,0.690476190476,1.0,1.0,2.0,tree_top,2.78571428571,2.0,4.0,10.0,tree_top
0.005,1,0.1,100,40,12,0.81,1.0,1.0,6.0,tree_top,0.971428571429,1.0,2.0,6.0,tree_top,0.75,1.0,1.0,2.0,tree_top,1.20588235294,1.0,2.0,6.0,off_bot
0.005,1,0.1,100,40,16,1.62,1.0,2.0,17.0,tree_top,2.15714285714,1.0,2.2,17.0,tree_top,1.10526315789,1.0,2.0,3.0,tree_top,3.40625,1.0,5.0,17.0,tree_bot
0.005,1,0.1,100,40,24,1.03,1.0,1.0,11.0,tree_top,1.31428571429,1.0,2.0,11.0,tree_top,0.515151515152,1.0,1.0,1.0,tree_top,2.02702702703,1.0,3.8,11.0,off_bot
0.005,1,0.1,100,40,32,0.9,0.0,1.0,17.0,tree_top,1.17142857143,0.0,1.2,17.0,tree_top,0.117647058824,0.0,0.0,1.0,tree_top,2.16666666667,1.0,3.0,17.0,tree_bot
0.005,1,0.1,100,40,40,3.58,0.0,2.0,38.0,tree_top,5.0,1.0,5.4,38.0,tree_top,0.48275862069,0.0,1.0,3.0,tree_top,8.19512195122,1.0,17.0,38.0,tree_top
