1,1,0.9,60,35,1,1.37,1.0,2.0,24.0,tree_top,1.54705882353,1.0,2.0,24.0,tree_top,0.527472527473,0.0,1.0,3.0,tree_top,2.72151898734,1.0,4.0,24.0,tree_top
1,1,0.9,60,35,2,6.445,1.0,5.0,125.0,tree_top,7.51176470588,1.0,7.2,125.0,tree_top,0.932584269663,1.0,1.0,5.0,tree_top,14.7407407407,4.0,24.0,125.0,tree_top
1,1,0.9,60,35,3,1.63,0.0,2.0,29.0,tree_top,1.83529411765,1.0,2.0,29.0,tree_top,0.575,0.0,1.0,2.0,tree_top,2.95555555556,1.0,5.0,29.0,tree_top
1,1,0.9,60,25,1,3.065,1.0,2.0,69.0,tree_top,3.55882352941,1.0,3.2,69.0,tree_top,0.494949494949,0.0,1.0,2.0,tree_top,7.83098591549,3.0,12.0,69.0,tree_top
1,1,0.9,60,25,2,3.875,1.0,5.0,71.0,tree_top,4.48235294118,1.0,7.0,71.0,tree_top,0.794871794872,1.0,1.0,3.0,tree_top,7.60869565217,4.0,12.0,71.0,tree_top
1,1,0.9,60,15,1,1.195,0.0,1.0,20.0,tree_top,1.33529411765,0.0,2.0,20.0,tree_top,0.505494505495,0.0,1.0,2.0,tree_top,2.29113924051,1.0,4.0,20.0,tree_top
1,1,0.9,60,15,2,1.875,1.0,2.0,31.0,tree_top,2.13529411765,1.0,2.0,31.0,tree_top,0.674698795181,1.0,1.0,3.0,tree_top,3.52873563218,1.0,4.0,31.0,tree_top
1,1,0.9,60,15,3,3.095,1.0,3.0,40.0,tree_top,3.57647058824,1.0,3.0,40.0,tree_top,0.866666666667,1.0,1.0,3.0,tree_top,6.625,3.0,10.2,40.0,off_bot
1,1,0.9,60,10,1,0.77,0.0,1.0,11.0,tree_top,0.847058823529,1.0,1.0,11.0,tree_top,0.617021276596,1.0,1.0,2.0,tree_top,1.13157894737,0.0,2.0,11.0,off_bot
1,1,0.9,60,10,2,0.695,0.0,1.0,6.0,tree_top,0.747058823529,0.0,1.0,6.0,tree_top,0.518072289157,0.0,1.0,3.0,tree_top,0.965517241379,0.0,1.8,6.0,tree_bot
1,1,0.9,60,10,3,1.165,0.0,1.0,34.0,tree_top,1.31764705882,0.5,2.0,34.0,tree_top,0.513157894737,0.0,1.0,2.0,tree_top,1.96808510638,1.0,2.0,34.0,off_bot
1,1,0.9,50,35,1,1.16,0.5,1.0,18.0,tree_top,1.3,1.0,2.0,18.0,tree_top,0.494117647059,0.0,1.0,2.0,tree_top,2.10588235294,1.0,4.0,18.0,tree_top
1,1,0.9,50,35,2,2.285,1.0,2.0,30.0,tree_top,2.61764705882,1.0,3.0,30.0,tree_top,0.818181818182,1.0,1.0,4.0,tree_top,4.5487804878,2.0,7.8,30.0,tree_top
1,1,0.9,50,35,3,0.985,0.0,1.0,17.0,tree_top,1.08823529412,0.0,1.0,17.0,tree_top,0.428571428571,0.0,1.0,4.0,tree_top,1.84810126582,1.0,3.0,17.0,tree_top
1,1,0.9,50,25,1,2.185,0.0,2.0,115.0,tree_top,2.54117647059,1.0,2.0,115.0,tree_top,0.365853658537,0.0,1.0,3.0,tree_top,4.56818181818,1.0,4.0,115.0,tree_top
1,1,0.9,50,25,2,1.575,1.0,2.0,19.0,tree_top,1.80588235294,1.0,3.0,19.0,tree_top,0.548780487805,0.0,1.0,3.0,tree_top,2.97727272727,1.5,5.6,19.0,tree_top
1,1,0.9,50,25,3,2.81,1.0,2.0,61.0,tree_top,3.23529411765,1.0,3.0,61.0,tree_top,0.565789473684,1.0,1.0,2.0,tree_top,5.39361702128,2.0,6.4,61.0,tree_top
1,1,0.9,50,15,1,0.85,0.0,1.0,10.0,tree_top,0.935294117647,1.0,1.0,10.0,tree_top,0.47191011236,0.0,1.0,2.0,tree_top,1.44444444444,1.0,2.0,10.0,tree_bot
1,1,0.9,50,15,2,1.175,0.0,1.0,16.0,tree_top,1.31764705882,1.0,2.0,16.0,tree_top,0.478723404255,0.0,1.0,4.0,tree_top,2.35526315789,1.0,3.0,16.0,off_bot
1,1,0.9,50,15,3,1.18,1.0,2.0,13.0,tree_top,1.30588235294,1.0,2.0,13.0,tree_top,0.70652173913,1.0,1.0,4.0,tree_top,2.01282051282,1.0,3.0,13.0,off_bot
1,1,0.9,50,10,1,0.775,0.0,1.0,6.0,tree_top,0.835294117647,0.0,1.0,6.0,tree_top,0.569444444444,0.0,1.0,3.0,tree_top,1.0306122449,1.0,1.6,6.0,off_bot
1,1,0.9,50,10,2,0.895,0.0,1.0,9.0,tree_top,0.994117647059,1.0,1.2,9.0,tree_top,0.511111111111,0.0,1.0,4.0,tree_top,1.5375,1.0,3.0,9.0,off_bot
1,1,0.9,50,10,3,0.655,0.0,1.0,6.0,tree_top,0.729411764706,0.0,1.0,6.0,tree_top,0.487804878049,0.0,1.0,3.0,tree_top,0.954545454545,1.0,2.0,6.0,off_bot
1,1,0.9,40,35,1,1.125,0.0,1.0,14.0,tree_top,1.27647058824,0.0,2.0,14.0,tree_top,0.347826086957,0.0,1.0,3.0,tree_top,2.37179487179,1.0,4.0,14.0,tree_top
1,1,0.9,40,35,2,2.44,1.0,2.2,44.0,tree_top,2.8,1.0,3.0,44.0,tree_top,0.530864197531,0.0,1.0,2.0,tree_top,4.86516853933,2.0,8.0,44.0,tree_top
1,1,0.9,40,35,3,2.29,1.0,2.0,30.0,tree_top,2.66470588235,1.0,3.0,30.0,tree_top,0.686046511628,1.0,1.0,4.0,tree_top,4.69047619048,2.0,8.0,30.0,tree_top
1,1,0.9,40,25,1,2.5,0.5,2.0,44.0,tree_top,2.9,1.0,4.0,44.0,tree_top,0.418918918919,0.0,1.0,2.0,tree_top,4.8125,2.0,8.0,44.0,tree_top
1,1,0.9,40,25,2,2.205,1.0,2.0,23.0,tree_top,2.50588235294,1.0,2.2,23.0,tree_top,0.761904761905,1.0,1.0,4.0,tree_top,4.20930232558,2.0,8.0,23.0,tree_top
1,1,0.9,40,25,3,1.39,0.0,1.0,27.0,tree_top,1.58235294118,0.0,2.0,27.0,tree_top,0.41975308642,0.0,1.0,3.0,tree_top,2.6404494382,1.0,4.0,27.0,tree_top
1,1,0.9,40,15,1,1.02,0.0,1.0,13.0,tree_top,1.14705882353,1.0,1.0,13.0,tree_top,0.456790123457,0.0,1.0,2.0,tree_top,1.77528089888,1.0,3.0,13.0,tree_bot
1,1,0.9,40,15,2,1.05,1.0,2.0,12.0,tree_top,1.17058823529,1.0,2.0,12.0,tree_top,0.651162790698,1.0,1.0,3.0,tree_top,1.70238095238,1.0,3.0,12.0,off_bot
1,1,0.9,40,15,3,1.16,1.0,2.0,14.0,tree_top,1.29411764706,1.0,2.0,14.0,tree_top,0.620689655172,0.0,1.0,3.0,tree_top,2.0,1.0,2.6,14.0,off_bot
1,1,0.9,40,10,1,0.48,0.0,1.0,3.0,tree_top,0.5,0.0,1.0,3.0,tree_top,0.438202247191,0.0,1.0,2.0,tree_top,0.567901234568,0.0,1.0,3.0,tree_bot
1,1,0.9,40,10,2,0.68,0.0,1.0,6.0,tree_top,0.747058823529,0.0,1.0,6.0,tree_top,0.510869565217,0.0,1.0,3.0,tree_top,1.02564102564,1.0,2.0,6.0,tree_bot
1,1,0.9,40,10,3,0.545,0.0,1.0,3.0,tree_top,0.6,0.0,1.0,3.0,tree_top,0.5,0.0,1.0,3.0,tree_top,0.697674418605,0.5,1.0,3.0,tree_bot
1,1,0.9,30,35,1,2.655,0.0,2.0,112.0,tree_top,3.07647058824,0.0,2.0,112.0,tree_top,0.301204819277,0.0,1.0,2.0,tree_top,5.72413793103,2.0,6.8,112.0,tree_top
1,1,0.9,30,35,2,1.09,0.0,1.0,14.0,tree_top,1.24705882353,1.0,2.0,14.0,tree_top,0.540229885057,0.0,1.0,2.0,tree_top,1.98795180723,1.0,3.0,14.0,tree_top
1,1,0.9,30,35,3,1.655,0.0,2.0,30.0,tree_top,1.88823529412,0.0,2.0,30.0,tree_top,0.370786516854,0.0,1.0,3.0,tree_top,3.55555555556,1.0,6.0,30.0,tree_top
1,1,0.9,30,25,1,0.635,0.0,1.0,6.0,tree_top,0.694117647059,0.0,1.0,6.0,tree_top,0.488372093023,0.0,1.0,3.0,tree_top,0.904761904762,1.0,1.0,6.0,tree_bot
1,1,0.9,30,25,2,1.575,1.0,2.0,22.0,tree_top,1.78235294118,1.0,2.0,22.0,tree_top,0.732558139535,1.0,1.0,3.0,tree_top,2.85714285714,1.0,5.0,22.0,tree_top
1,1,0.9,30,25,3,1.25,1.0,2.0,15.0,tree_top,1.37058823529,1.0,2.0,15.0,tree_top,0.685393258427,1.0,1.0,3.0,tree_top,2.12345679012,1.0,4.0,15.0,tree_top
1,1,0.9,30,15,1,0.67,0.0,1.0,6.0,tree_top,0.758823529412,0.0,1.0,6.0,tree_top,0.569892473118,0.0,1.0,4.0,tree_top,0.987012987013,1.0,1.8,6.0,tree_bot
1,1,0.9,30,15,2,0.675,0.0,1.0,8.0,tree_top,0.758823529412,0.0,1.0,8.0,tree_top,0.620253164557,0.0,1.0,3.0,tree_top,0.879120879121,0.0,1.0,8.0,tree_bot
1,1,0.9,30,15,3,0.74,0.0,1.0,11.0,tree_top,0.829411764706,0.0,1.0,11.0,tree_top,0.620253164557,0.0,1.0,5.0,tree_top,1.01098901099,0.0,2.0,11.0,tree_bot
1,1,0.9,30,10,1,0.53,0.0,1.0,4.0,tree_top,0.576470588235,0.0,1.0,4.0,tree_top,0.528735632184,0.0,1.0,3.0,tree_top,0.626506024096,0.0,1.0,4.0,off_bot
1,1,0.9,30,10,2,0.76,0.0,1.0,7.0,tree_top,0.841176470588,1.0,1.0,7.0,tree_top,0.677419354839,1.0,1.0,4.0,tree_top,1.03896103896,0.0,2.0,7.0,off_bot
1,1,0.9,30,10,3,0.745,0.5,1.0,5.0,tree_top,0.782352941176,1.0,1.0,5.0,tree_top,0.493150684932,0.0,1.0,2.0,tree_top,1.0,1.0,2.0,5.0,off_bot
1,1,0.5,60,35,1,1.88,1.0,2.0,80.0,tree_top,2.17647058824,1.0,2.0,80.0,tree_top,0.511904761905,0.0,1.0,2.0,tree_top,3.8023255814,1.0,5.0,80.0,tree_top
1,1,0.5,60,35,2,3.325,1.0,4.0,51.0,tree_top,3.86470588235,1.0,5.0,51.0,tree_top,0.8,1.0,1.0,4.0,tree_top,6.58888888889,3.0,10.0,51.0,tree_top
1,1,0.5,60,35,3,1.395,0.0,2.0,19.0,tree_top,1.60588235294,1.0,2.0,19.0,tree_top,0.414634146341,0.0,1.0,3.0,tree_top,2.71590909091,1.0,6.0,19.0,tree_top
1,1,0.5,60,25,1,1.345,1.0,2.0,21.0,tree_top,1.53529411765,1.0,2.0,21.0,tree_top,0.647058823529,0.0,1.0,3.0,tree_top,2.42352941176,1.0,5.0,21.0,tree_top
1,1,0.5,60,25,2,2.89,1.0,3.0,43.0,tree_top,3.34117647059,1.0,3.2,43.0,tree_top,0.682352941176,1.0,1.0,3.0,tree_top,6.0,2.0,11.2,43.0,tree_top
1,1,0.5,60,25,3,2.4,1.0,3.0,31.0,tree_top,2.78235294118,1.0,4.0,31.0,tree_top,0.707317073171,1.0,1.0,3.0,tree_top,4.71590909091,2.0,7.6,31.0,tree_top
1,1,0.5,60,15,1,1.02,1.0,1.0,17.0,tree_top,1.13529411765,1.0,2.0,17.0,tree_top,0.684782608696,0.0,1.0,5.0,tree_top,1.66666666667,1.0,2.0,17.0,off_bot
1,1,0.5,60,15,2,1.66,1.0,2.0,23.0,tree_top,1.92352941176,1.0,2.0,23.0,tree_top,0.817073170732,1.0,1.0,3.0,tree_top,2.95454545455,1.0,5.0,23.0,tree_top
1,1,0.5,60,15,3,2.855,1.0,2.0,59.0,tree_top,3.28235294118,1.0,3.0,59.0,tree_top,0.730337078652,1.0,1.0,3.0,tree_top,6.08641975309,1.0,11.0,59.0,off_bot
1,1,0.5,60,10,1,0.745,0.0,1.0,8.0,tree_top,0.823529411765,1.0,1.0,8.0,tree_top,0.631578947368,1.0,1.0,3.0,tree_top,1.06666666667,1.0,2.0,8.0,off_bot
1,1,0.5,60,10,2,1.385,1.0,2.0,17.0,tree_top,1.55882352941,1.0,2.0,17.0,tree_top,0.777777777778,1.0,1.0,4.0,tree_top,2.26966292135,1.0,3.4,17.0,tree_bot
1,1,0.5,60,10,3,1.2,1.0,2.0,11.0,tree_top,1.34705882353,1.0,2.0,11.0,tree_top,0.688888888889,1.0,1.0,5.0,tree_top,2.0875,1.0,3.0,11.0,off_bot
1,1,0.5,50,35,1,1.815,0.5,2.0,38.0,tree_top,2.07058823529,1.0,2.0,38.0,tree_top,0.506024096386,0.0,1.0,2.0,tree_top,3.5632183908,1.0,7.0,38.0,tree_top
1,1,0.5,50,35,2,1.34,1.0,2.0,16.0,tree_top,1.52941176471,1.0,2.0,16.0,tree_top,0.68085106383,1.0,1.0,3.0,tree_top,2.57894736842,1.0,4.0,16.0,tree_top
1,1,0.5,50,35,3,1.445,1.0,2.0,27.0,tree_top,1.64117647059,1.0,2.2,27.0,tree_top,0.675,0.5,1.0,5.0,tree_top,2.5,1.0,4.0,27.0,tree_top
1,1,0.5,50,25,1,3.665,1.0,5.0,58.0,tree_top,4.24117647059,1.0,5.0,58.0,tree_top,0.692307692308,1.0,1.0,3.0,tree_top,7.25,4.0,10.0,58.0,tree_top
1,1,0.5,50,25,2,2.7,1.0,2.0,94.0,tree_top,3.12352941176,1.0,3.0,94.0,tree_top,0.631578947368,0.0,1.0,5.0,tree_top,5.13829787234,1.0,9.4,94.0,tree_bot
1,1,0.5,50,25,3,2.205,1.0,2.0,39.0,tree_top,2.51764705882,1.0,3.0,39.0,tree_top,0.7,1.0,1.0,3.0,tree_top,4.5625,2.0,7.0,39.0,tree_top
1,1,0.5,50,15,1,0.955,1.0,1.0,12.0,tree_top,1.08823529412,1.0,2.0,12.0,tree_top,0.615384615385,1.0,1.0,3.0,tree_top,1.63291139241,1.0,3.0,12.0,off_bot
1,1,0.5,50,15,2,0.815,0.0,1.0,7.0,tree_top,0.911764705882,1.0,1.0,7.0,tree_top,0.574712643678,1.0,1.0,3.0,tree_top,1.26506024096,1.0,2.0,7.0,tree_bot
1,1,0.5,50,15,3,2.52,1.0,2.2,42.0,tree_top,2.90588235294,1.0,4.0,42.0,tree_top,0.727272727273,1.0,1.0,3.0,tree_top,4.70967741935,1.0,7.0,42.0,tree_top
1,1,0.5,50,10,1,0.655,0.0,1.0,6.0,tree_top,0.682352941176,0.0,1.0,6.0,tree_top,0.523255813953,0.0,1.0,3.0,tree_top,0.845238095238,1.0,1.4,6.0,off_bot
1,1,0.5,50,10,2,0.85,1.0,1.0,10.0,tree_top,0.952941176471,1.0,1.2,10.0,tree_top,0.583333333333,0.0,1.0,3.0,tree_top,1.43243243243,1.0,2.0,10.0,off_bot
1,1,0.5,50,10,3,0.89,0.5,1.0,14.0,tree_top,0.947058823529,0.5,1.0,14.0,tree_top,0.564705882353,0.0,1.0,3.0,tree_top,1.32941176471,1.0,2.0,14.0,off_bot
1,1,0.5,40,35,1,1.8,1.0,2.0,36.0,tree_top,2.07647058824,1.0,2.0,36.0,tree_top,0.55,0.0,1.0,4.0,tree_top,3.43333333333,1.0,4.2,36.0,tree_top
1,1,0.5,40,35,2,1.62,1.0,2.0,14.0,tree_top,1.83529411765,1.0,3.0,14.0,tree_top,0.629213483146,0.0,1.0,2.0,tree_top,3.16049382716,2.0,6.0,14.0,tree_top
1,1,0.5,40,35,3,1.51,1.0,2.0,31.0,tree_top,1.71764705882,1.0,2.0,31.0,tree_top,0.431818181818,0.0,1.0,2.0,tree_top,3.09756097561,1.0,5.0,31.0,tree_top
1,1,0.5,40,25,1,3.025,1.0,3.0,61.0,tree_top,3.49411764706,1.0,3.0,61.0,tree_top,0.448275862069,0.0,1.0,3.0,tree_top,6.68674698795,2.0,7.0,61.0,off_bot
1,1,0.5,40,25,2,2.065,1.0,2.0,52.0,tree_top,2.35882352941,1.0,3.0,52.0,tree_top,0.55421686747,1.0,1.0,2.0,tree_top,4.08045977011,1.0,5.0,52.0,off_bot
1,1,0.5,40,25,3,2.7,1.0,2.0,52.0,tree_top,3.11176470588,1.0,3.0,52.0,tree_top,0.67816091954,1.0,1.0,5.0,tree_top,5.66265060241,1.0,6.6,52.0,tree_top
1,1,0.5,40,15,1,1.145,0.0,1.0,23.0,tree_top,1.28235294118,0.0,2.0,23.0,tree_top,0.457831325301,0.0,1.0,2.0,tree_top,2.06896551724,1.0,3.8,23.0,off_bot
1,1,0.5,40,15,2,0.83,1.0,1.0,7.0,tree_top,0.876470588235,1.0,1.0,7.0,tree_top,0.716049382716,1.0,1.0,4.0,tree_top,1.02247191011,0.0,2.0,7.0,tree_bot
1,1,0.5,40,15,3,1.045,1.0,1.0,17.0,tree_top,1.19411764706,1.0,1.2,17.0,tree_top,0.658536585366,1.0,1.0,5.0,tree_top,1.69318181818,1.0,3.0,17.0,off_bot
1,1,0.5,40,10,1,0.59,0.0,1.0,4.0,tree_top,0.641176470588,0.0,1.0,4.0,tree_top,0.546666666667,1.0,1.0,2.0,tree_top,0.715789473684,0.0,1.0,4.0,tree_bot
1,1,0.5,40,10,2,0.725,0.0,1.0,6.0,tree_top,0.782352941176,0.0,1.0,6.0,tree_top,0.649484536082,1.0,1.0,3.0,tree_top,0.958904109589,0.0,2.0,6.0,tree_bot
1,1,0.5,40,10,3,0.755,1.0,1.0,9.0,tree_top,0.829411764706,1.0,1.0,9.0,tree_top,0.674418604651,1.0,1.0,3.0,tree_top,0.988095238095,1.0,2.0,9.0,off_bot
1,1,0.5,30,35,1,0.605,0.0,1.0,5.0,tree_top,0.676470588235,0.0,1.0,5.0,tree_top,0.494117647059,0.0,1.0,3.0,tree_top,0.858823529412,0.0,2.0,5.0,tree_top
1,1,0.5,30,35,2,1.575,1.0,2.0,36.0,tree_top,1.81764705882,1.0,2.0,36.0,tree_top,0.753246753247,1.0,1.0,4.0,tree_top,2.69892473118,1.0,3.6,36.0,tree_bot
1,1,0.5,30,35,3,1.115,0.0,2.0,12.0,tree_top,1.27647058824,1.0,2.0,12.0,tree_top,0.55421686747,0.0,1.0,2.0,tree_top,1.96551724138,1.0,3.0,12.0,tree_bot
1,1,0.5,30,25,1,0.59,0.0,1.0,4.0,tree_top,0.641176470588,0.0,1.0,4.0,tree_top,0.433333333333,0.0,1.0,3.0,tree_top,0.875,0.5,2.0,4.0,tree_bot
1,1,0.5,30,25,2,1.145,0.0,1.2,12.0,tree_top,1.3,1.0,2.0,12.0,tree_top,0.474358974359,0.0,1.0,3.0,tree_top,2.0,1.0,3.8,12.0,tree_top
1,1,0.5,30,25,3,0.885,0.0,1.0,21.0,tree_top,0.994117647059,1.0,1.0,21.0,tree_top,0.46511627907,0.0,1.0,2.0,tree_top,1.53571428571,1.0,2.0,21.0,tree_top
1,1,0.5,30,15,1,0.955,1.0,1.0,12.0,tree_top,1.05294117647,1.0,2.0,12.0,tree_top,0.5,0.0,1.0,3.0,tree_top,1.47916666667,1.0,2.0,12.0,off_bot
1,1,0.5,30,15,2,0.985,1.0,2.0,15.0,tree_top,1.11176470588,1.0,2.0,15.0,tree_top,0.775280898876,1.0,1.0,4.0,tree_top,1.48148148148,1.0,2.0,15.0,off_bot
1,1,0.5,30,15,3,0.705,0.0,1.0,7.0,tree_top,0.776470588235,1.0,1.0,7.0,tree_top,0.528735632184,0.0,1.0,2.0,tree_top,1.03614457831,1.0,2.0,7.0,tree_bot
1,1,0.5,30,10,1,0.53,0.0,1.0,4.0,tree_top,0.576470588235,0.0,1.0,4.0,tree_top,0.5,0.0,1.0,3.0,tree_top,0.632653061224,0.0,1.0,4.0,tree_bot
1,1,0.5,30,10,2,0.58,0.0,1.0,4.0,tree_top,0.641176470588,0.0,1.0,4.0,tree_top,0.622222222222,0.0,1.0,3.0,tree_top,0.6625,0.0,1.0,4.0,tree_bot
1,1,0.5,30,10,3,0.74,0.0,1.0,7.0,tree_top,0.788235294118,0.5,1.0,7.0,tree_top,0.626666666667,0.0,1.0,4.0,tree_top,0.915789473684,1.0,2.0,7.0,tree_bot
1,1,0.1,60,35,1,2.595,1.0,2.2,41.0,tree_top,3.01176470588,1.0,3.2,41.0,tree_top,0.5,0.0,1.0,2.0,tree_top,5.35227272727,2.0,6.6,41.0,tree_top
1,1,0.1,60,35,2,2.02,1.0,3.0,21.0,tree_top,2.3,1.0,3.0,21.0,tree_top,0.607594936709,0.0,1.0,3.0,tree_top,3.76923076923,2.0,7.0,21.0,tree_top
1,1,0.1,60,35,3,1.55,1.0,2.0,25.0,tree_top,1.74117647059,1.0,2.0,25.0,tree_top,0.433333333333,0.0,1.0,2.0,tree_top,3.2125,2.0,6.0,25.0,tree_top
1,1,0.1,60,25,1,1.78,0.0,2.0,25.0,tree_top,2.04705882353,1.0,3.0,25.0,tree_top,0.532608695652,0.0,1.0,4.0,tree_top,3.83333333333,2.0,6.6,25.0,tree_top
1,1,0.1,60,25,2,2.925,1.0,4.0,33.0,tree_top,3.34117647059,1.0,5.0,33.0,tree_top,0.779220779221,1.0,1.0,3.0,tree_top,5.4623655914,3.0,9.0,33.0,tree_top
1,1,0.1,60,25,3,2.715,1.0,2.0,60.0,tree_top,3.15294117647,1.0,4.0,60.0,tree_top,0.681318681319,1.0,1.0,5.0,tree_top,6.0,2.0,7.8,60.0,tree_top
1,1,0.1,60,15,1,1.115,0.0,1.0,17.0,tree_top,1.29411764706,1.0,2.0,17.0,tree_top,0.494382022472,0.0,1.0,2.0,tree_top,2.17283950617,1.0,3.0,17.0,off_bot
1,1,0.1,60,15,2,4.14,1.0,3.0,130.0,tree_top,4.80588235294,1.0,4.0,130.0,tree_top,0.939759036145,1.0,1.6,4.0,tree_top,8.49425287356,3.0,9.0,130.0,off_bot
1,1,0.1,60,15,3,2.05,0.0,2.0,29.0,tree_top,2.37647058824,1.0,2.0,29.0,tree_top,0.554054054054,0.0,1.0,3.0,tree_top,3.78125,1.0,5.0,29.0,tree_bot
1,1,0.1,60,10,1,0.805,0.0,1.0,14.0,tree_top,0.882352941176,0.0,1.0,14.0,tree_top,0.461538461538,0.0,1.0,3.0,tree_top,1.36708860759,1.0,2.0,14.0,off_bot
1,1,0.1,60,10,2,1.095,0.0,1.0,17.0,tree_top,1.23529411765,1.0,1.2,17.0,tree_top,0.416666666667,0.0,1.0,2.0,tree_top,1.83673469388,1.0,2.0,17.0,off_bot
1,1,0.1,60,10,3,1.285,0.0,1.0,16.0,tree_top,1.46470588235,1.0,2.0,16.0,tree_top,0.535714285714,0.0,1.0,2.0,tree_top,2.37209302326,1.0,4.0,16.0,tree_bot
1,1,0.1,50,35,1,1.575,1.0,2.0,21.0,tree_top,1.77647058824,1.0,2.0,21.0,tree_top,0.658536585366,0.0,1.0,4.0,tree_top,2.81818181818,1.0,4.0,21.0,tree_top
1,1,0.1,50,35,2,1.11,1.0,1.2,12.0,tree_top,1.24117647059,1.0,2.0,12.0,tree_top,0.622222222222,1.0,1.0,4.0,tree_top,1.9375,1.0,4.0,12.0,tree_top
1,1,0.1,50,35,3,1.925,1.0,2.0,49.0,tree_top,2.20588235294,1.0,2.0,49.0,tree_top,0.776595744681,1.0,1.0,3.0,tree_top,3.97368421053,1.0,6.0,49.0,tree_top
1,1,0.1,50,25,1,1.735,1.0,2.0,31.0,tree_top,2.0,1.0,2.0,31.0,tree_top,0.602564102564,0.5,1.0,3.0,tree_top,3.1847826087,1.0,4.0,31.0,tree_top
1,1,0.1,50,25,2,1.685,1.0,2.0,23.0,tree_top,1.91764705882,1.0,3.0,23.0,tree_top,0.609195402299,0.0,1.0,4.0,tree_top,3.28915662651,1.0,5.0,23.0,tree_top
1,1,0.1,50,25,3,0.935,1.0,1.0,17.0,tree_top,1.05294117647,1.0,1.0,17.0,tree_top,0.567010309278,0.0,1.0,2.0,tree_top,1.69863013699,1.0,2.0,17.0,tree_top
1,1,0.1,50,15,1,1.0,0.0,1.2,14.0,tree_top,1.13529411765,1.0,2.0,14.0,tree_top,0.516853932584,0.0,1.0,3.0,tree_top,1.81481481481,1.0,2.0,14.0,off_bot
1,1,0.1,50,15,2,1.875,1.0,2.0,30.0,tree_top,2.14705882353,1.0,3.0,30.0,tree_top,0.616279069767,0.0,1.0,5.0,tree_top,3.71428571429,1.0,7.0,30.0,off_bot
1,1,0.1,50,15,3,0.88,0.5,1.0,17.0,tree_top,0.976470588235,1.0,1.0,17.0,tree_top,0.666666666667,1.0,1.0,3.0,tree_top,1.18811881188,1.0,2.0,17.0,tree_bot
1,1,0.1,50,10,1,0.85,0.0,1.0,10.0,tree_top,0.982352941176,1.0,1.0,10.0,tree_top,0.632183908046,0.0,1.0,3.0,tree_top,1.34939759036,1.0,2.0,10.0,off_bot
1,1,0.1,50,10,2,1.365,1.0,2.0,19.0,tree_top,1.55882352941,1.0,2.0,19.0,tree_top,0.777777777778,1.0,1.0,3.0,tree_top,2.26966292135,1.0,3.0,19.0,off_bot
1,1,0.1,50,10,3,0.72,0.0,1.0,5.0,tree_top,0.8,1.0,1.0,5.0,tree_top,0.704545454545,1.0,1.0,5.0,tree_top,0.90243902439,1.0,2.0,4.0,off_bot
1,1,0.1,40,35,1,1.8,1.0,2.0,32.0,tree_top,2.07058823529,1.0,3.0,32.0,tree_top,0.568181818182,0.0,1.0,5.0,tree_top,3.68292682927,2.0,6.0,32.0,tree_top
1,1,0.1,40,35,2,2.02,1.0,2.0,31.0,tree_top,2.31764705882,1.0,3.0,31.0,tree_top,0.597826086957,0.0,1.0,5.0,tree_top,4.34615384615,2.0,7.0,31.0,tree_top
1,1,0.1,40,35,3,2.145,1.0,2.0,38.0,tree_top,2.42941176471,1.0,2.2,38.0,tree_top,0.583333333333,0.5,1.0,2.0,tree_top,4.23255813953,1.0,7.0,38.0,tree_top
1,1,0.1,40,25,1,1.12,0.0,1.0,18.0,tree_top,1.27647058824,0.5,2.0,18.0,tree_top,0.559139784946,0.0,1.0,2.0,tree_top,2.14285714286,1.0,3.0,18.0,tree_top
1,1,0.1,40,25,2,3.39,1.0,3.0,61.0,tree_top,3.91176470588,1.0,3.2,61.0,tree_top,0.709302325581,1.0,1.0,4.0,tree_top,7.19047619048,2.0,10.2,61.0,off_bot
1,1,0.1,40,25,3,2.765,1.0,3.0,90.0,tree_top,3.14705882353,1.0,3.0,90.0,tree_top,0.595505617978,0.0,1.0,3.0,tree_top,5.95061728395,2.0,6.0,90.0,tree_top
1,1,0.1,40,15,1,0.925,0.0,1.0,12.0,tree_top,1.04705882353,0.0,1.2,12.0,tree_top,0.44,0.0,1.0,2.0,tree_top,1.52631578947,1.0,2.0,12.0,tree_bot
1,1,0.1,40,15,2,1.35,1.0,2.0,15.0,tree_top,1.54705882353,1.0,2.0,15.0,tree_top,0.714285714286,1.0,1.0,4.0,tree_top,2.36046511628,1.0,3.0,15.0,off_bot
1,1,0.1,40,15,3,1.845,1.0,2.0,41.0,tree_top,2.05882352941,1.0,2.0,41.0,tree_top,0.576470588235,0.0,1.0,2.0,tree_top,3.54117647059,1.0,4.2,41.0,tree_bot
1,1,0.1,40,10,1,0.53,0.0,1.0,4.0,tree_top,0.576470588235,0.0,1.0,4.0,tree_top,0.413333333333,0.0,1.0,2.0,tree_top,0.705263157895,0.0,1.0,4.0,off_bot
1,1,0.1,40,10,2,0.71,0.0,1.0,8.0,tree_top,0.770588235294,1.0,1.0,8.0,tree_top,0.536585365854,0.0,1.0,2.0,tree_top,0.988636363636,1.0,2.0,8.0,tree_bot
1,1,0.1,40,10,3,0.67,0.0,1.0,7.0,tree_top,0.7,0.0,1.0,7.0,tree_top,0.464285714286,0.0,1.0,3.0,tree_top,0.93023255814,1.0,2.0,7.0,off_bot
1,1,0.1,30,35,1,1.775,0.0,2.0,77.0,tree_top,2.03529411765,1.0,2.0,77.0,tree_top,0.41975308642,0.0,1.0,2.0,tree_top,3.50561797753,1.0,3.0,77.0,tree_top
1,1,0.1,30,35,2,1.085,0.0,2.0,10.0,tree_top,1.2,0.0,2.0,10.0,tree_top,0.386363636364,0.0,1.0,2.0,tree_top,2.07317073171,1.0,4.0,10.0,tree_top
1,1,0.1,30,35,3,1.695,1.0,2.0,27.0,tree_top,1.92941176471,1.0,2.0,27.0,tree_top,0.793103448276,1.0,1.0,4.0,tree_top,3.12048192771,1.0,5.0,27.0,tree_top
1,1,0.1,30,25,1,0.935,1.0,2.0,8.0,tree_top,1.05294117647,1.0,2.0,8.0,tree_top,0.59793814433,0.0,1.0,4.0,tree_top,1.65753424658,1.0,3.0,8.0,tree_top
1,1,0.1,30,25,2,1.48,1.0,2.0,19.0,tree_top,1.65294117647,1.0,2.2,19.0,tree_top,0.641975308642,1.0,1.0,3.0,tree_top,2.57303370787,1.0,5.0,19.0,tree_top
1,1,0.1,30,25,3,1.225,1.0,2.0,27.0,tree_top,1.37058823529,1.0,2.0,27.0,tree_top,0.581081081081,0.0,1.0,2.0,tree_top,1.97916666667,1.0,3.0,27.0,tree_top
1,1,0.1,30,15,1,0.525,0.0,1.0,5.0,tree_top,0.576470588235,0.0,1.0,5.0,tree_top,0.547619047619,0.0,1.0,2.0,tree_top,0.604651162791,0.0,1.0,5.0,tree_bot
1,1,0.1,30,15,2,0.62,0.0,1.0,10.0,tree_top,0.664705882353,0.0,1.0,10.0,tree_top,0.556818181818,0.0,1.0,4.0,tree_top,0.780487804878,0.0,1.0,10.0,tree_top
1,1,0.1,30,15,3,0.945,0.0,1.0,14.0,tree_top,1.07058823529,0.0,2.0,14.0,tree_top,0.597222222222,0.0,1.0,3.0,tree_top,1.41836734694,1.0,2.0,14.0,tree_bot
1,1,0.1,30,10,1,0.69,0.0,1.0,8.0,tree_top,0.776470588235,1.0,1.0,8.0,tree_top,0.546666666667,0.0,1.0,2.0,tree_top,0.957894736842,1.0,2.0,8.0,tree_bot
1,1,0.1,30,10,2,0.44,0.0,1.0,5.0,tree_top,0.488235294118,0.0,1.0,5.0,tree_top,0.38202247191,0.0,1.0,2.0,tree_top,0.604938271605,0.0,1.0,5.0,off_bot
1,1,0.1,30,10,3,0.63,0.0,1.0,6.0,tree_top,0.652941176471,0.0,1.0,6.0,tree_top,0.518518518519,0.0,1.0,2.0,tree_top,0.775280898876,0.0,1.0,6.0,off_bot
1,1,0.01,60,35,1,1.595,1.0,2.0,21.0,tree_top,1.81764705882,1.0,2.2,21.0,tree_top,0.576470588235,0.0,1.0,4.0,tree_top,3.05882352941,1.0,5.2,21.0,tree_top
1,1,0.01,60,35,2,1.175,0.0,2.0,12.0,tree_top,1.32352941176,0.5,2.0,12.0,tree_top,0.433734939759,0.0,1.0,3.0,tree_top,2.1724137931,1.0,3.0,12.0,tree_top
1,1,0.01,60,35,3,1.715,0.0,2.0,28.0,tree_top,1.99411764706,0.0,2.2,28.0,tree_top,0.358024691358,0.0,1.0,3.0,tree_top,3.48314606742,1.0,6.0,28.0,tree_top
1,1,0.01,60,25,1,4.625,1.0,3.0,103.0,tree_top,5.37058823529,1.0,4.0,103.0,tree_top,0.53488372093,0.5,1.0,2.0,tree_top,10.3214285714,3.0,14.8,103.0,tree_top
1,1,0.01,60,25,2,2.52,1.0,3.0,46.0,tree_top,2.89411764706,1.0,3.2,46.0,tree_top,0.707865168539,1.0,1.0,6.0,tree_top,5.2962962963,3.0,7.0,46.0,tree_top
1,1,0.01,60,25,3,3.185,1.0,3.0,55.0,tree_top,3.67647058824,1.0,4.0,55.0,tree_top,0.758241758242,1.0,1.0,4.0,tree_top,7.03797468354,3.0,11.0,55.0,tree_top
1,1,0.01,60,15,1,3.165,1.0,4.0,74.0,tree_top,3.64117647059,1.0,5.0,74.0,tree_top,0.566265060241,0.0,1.0,3.0,tree_top,6.57471264368,3.0,9.0,74.0,tree_top
1,1,0.01,60,15,2,3.74,1.0,3.0,146.0,tree_top,4.34117647059,1.0,3.2,146.0,tree_top,0.8375,1.0,1.0,3.0,tree_top,7.45555555556,2.0,6.0,146.0,off_bot
1,1,0.01,60,15,3,4.08,1.0,3.0,74.0,tree_top,4.72941176471,1.0,5.0,74.0,tree_top,0.858823529412,1.0,1.0,4.0,tree_top,8.6,2.0,13.0,74.0,off_bot
1,1,0.01,60,10,1,0.69,0.0,1.0,7.0,tree_top,0.711764705882,0.0,1.0,7.0,tree_top,0.567901234568,0.0,1.0,4.0,tree_top,0.842696629213,0.0,1.4,7.0,off_bot
1,1,0.01,60,10,2,0.91,1.0,1.0,7.0,tree_top,1.01764705882,1.0,1.2,7.0,tree_top,0.766666666667,1.0,1.0,4.0,tree_top,1.3,1.0,2.2,7.0,tree_bot
1,1,0.01,60,10,3,0.675,0.0,1.0,11.0,tree_top,0.747058823529,0.0,1.0,11.0,tree_top,0.591397849462,0.0,1.0,4.0,tree_top,0.935064935065,0.0,1.0,11.0,off_bot
1,1,0.01,50,35,1,2.435,1.0,3.0,39.0,tree_top,2.81764705882,1.0,3.2,39.0,tree_top,0.58024691358,0.0,1.0,3.0,tree_top,4.85393258427,2.0,9.0,39.0,tree_top
1,1,0.01,50,35,2,3.915,1.0,4.0,69.0,tree_top,4.54117647059,1.0,5.0,69.0,tree_top,0.739130434783,0.5,1.0,5.0,tree_top,9.02564102564,4.0,14.0,69.0,tree_top
1,1,0.01,50,35,3,2.54,1.0,2.0,75.0,tree_top,2.94117647059,1.0,3.0,75.0,tree_top,0.77027027027,1.0,1.0,4.0,tree_top,4.61458333333,1.5,6.0,75.0,tree_top
1,1,0.01,50,25,1,1.94,0.0,2.0,33.0,tree_top,2.24705882353,1.0,2.0,33.0,tree_top,0.671052631579,0.0,1.0,3.0,tree_top,3.52127659574,1.0,5.4,33.0,tree_bot
1,1,0.01,50,25,2,3.98,1.0,3.0,108.0,tree_top,4.60588235294,1.0,4.2,108.0,tree_top,0.641025641026,1.0,1.0,3.0,tree_top,7.96739130435,2.0,10.0,108.0,tree_top
1,1,0.01,50,25,3,2.38,1.0,3.0,33.0,tree_top,2.74705882353,1.0,3.0,33.0,tree_top,0.74358974359,1.0,1.0,3.0,tree_top,4.44565217391,1.0,6.0,33.0,tree_top
1,1,0.01,50,15,1,0.775,0.0,1.0,8.0,tree_top,0.858823529412,1.0,1.0,8.0,tree_top,0.533333333333,0.0,1.0,3.0,tree_top,1.225,1.0,2.0,8.0,off_bot
1,1,0.01,50,15,2,1.35,1.0,2.0,18.0,tree_top,1.53529411765,1.0,2.0,18.0,tree_top,0.506172839506,0.0,1.0,3.0,tree_top,2.47191011236,1.0,4.0,18.0,off_bot
1,1,0.01,50,15,3,0.89,0.0,1.0,11.0,tree_top,1.00588235294,1.0,1.0,11.0,tree_top,0.5,0.0,1.0,2.0,tree_top,1.5487804878,1.0,2.0,11.0,off_bot
1,1,0.01,50,10,1,0.585,0.0,1.0,3.0,tree_top,0.647058823529,0.5,1.0,3.0,tree_top,0.597701149425,1.0,1.0,2.0,tree_top,0.698795180723,0.0,1.0,3.0,off_bot
1,1,0.01,50,10,2,0.655,0.0,1.0,8.0,tree_top,0.735294117647,0.0,1.0,8.0,tree_top,0.566265060241,0.0,1.0,3.0,tree_top,0.896551724138,1.0,1.0,8.0,off_bot
1,1,0.01,50,10,3,0.715,0.0,1.0,11.0,tree_top,0.788235294118,0.0,1.0,11.0,tree_top,0.590361445783,0.0,1.0,2.0,tree_top,0.977011494253,0.0,1.0,11.0,off_bot
1,1,0.01,40,35,1,2.875,1.0,5.0,57.0,tree_top,3.31764705882,1.0,6.0,57.0,tree_top,0.537313432836,0.0,1.0,3.0,tree_top,5.12621359223,2.0,8.0,57.0,tree_top
1,1,0.01,40,35,2,1.005,0.0,1.0,21.0,tree_top,1.15294117647,0.0,1.2,21.0,tree_top,0.35,0.0,1.0,2.0,tree_top,1.86666666667,1.0,3.0,21.0,tree_top
1,1,0.01,40,35,3,3.03,1.0,3.0,53.0,tree_top,3.45882352941,1.0,4.0,53.0,tree_top,0.641025641026,1.0,1.0,4.0,tree_top,5.84782608696,2.0,8.8,53.0,tree_top
1,1,0.01,40,25,1,1.59,1.0,2.0,26.0,tree_top,1.80588235294,1.0,2.0,26.0,tree_top,0.546666666667,0.0,1.0,2.0,tree_top,2.8,1.0,5.0,26.0,tree_top
1,1,0.01,40,25,2,1.62,1.0,2.0,24.0,tree_top,1.87058823529,1.0,2.0,24.0,tree_top,0.659090909091,1.0,1.0,2.0,tree_top,3.17073170732,2.0,5.0,24.0,tree_top
1,1,0.01,40,25,3,1.765,0.5,2.0,29.0,tree_top,2.04705882353,1.0,3.2,29.0,tree_top,0.518518518519,0.0,1.0,3.0,tree_top,3.43820224719,2.0,6.0,29.0,tree_top
1,1,0.01,40,15,1,0.91,0.5,1.0,9.0,tree_top,1.01764705882,1.0,2.0,9.0,tree_top,0.658823529412,1.0,1.0,3.0,tree_top,1.37647058824,1.0,2.2,9.0,off_bot
1,1,0.01,40,15,2,0.94,0.5,1.0,9.0,tree_top,1.07058823529,1.0,1.0,9.0,tree_top,0.620253164557,1.0,1.0,3.0,tree_top,1.46153846154,1.0,2.0,9.0,tree_top
1,1,0.01,40,15,3,2.075,1.0,2.0,20.0,tree_top,2.4,1.0,3.0,20.0,tree_top,0.714285714286,1.0,1.0,3.0,tree_top,3.79569892473,1.0,7.0,20.0,off_bot
1,1,0.01,40,10,1,0.725,0.0,1.0,8.0,tree_top,0.805882352941,0.0,1.2,8.0,tree_top,0.593023255814,0.0,1.0,3.0,tree_top,1.02380952381,1.0,2.0,8.0,off_bot
1,1,0.01,40,10,2,0.675,0.0,1.0,5.0,tree_top,0.741176470588,0.0,1.0,5.0,tree_top,0.670588235294,0.0,1.0,4.0,tree_top,0.811764705882,0.0,1.2,5.0,tree_bot
1,1,0.01,40,10,3,0.72,0.0,1.0,9.0,tree_top,0.782352941176,1.0,1.0,9.0,tree_top,0.576470588235,0.0,1.0,2.0,tree_top,0.988235294118,1.0,1.2,9.0,off_bot
1,1,0.01,30,35,1,0.73,0.0,1.0,26.0,tree_top,0.817647058824,0.0,1.0,26.0,tree_top,0.383720930233,0.0,1.0,3.0,tree_top,1.2619047619,0.0,1.0,26.0,tree_top
1,1,0.01,30,35,2,1.89,1.0,2.0,30.0,tree_top,2.17647058824,1.0,3.0,30.0,tree_top,0.702702702703,0.5,1.0,4.0,tree_top,3.3125,1.0,5.0,30.0,tree_top
1,1,0.01,30,35,3,1.01,0.0,1.2,14.0,tree_top,1.14117647059,0.0,2.0,14.0,tree_top,0.358024691358,0.0,1.0,2.0,tree_top,1.85393258427,1.0,3.0,14.0,tree_top
1,1,0.01,30,25,1,1.11,0.0,1.0,18.0,tree_top,1.23529411765,0.0,1.0,18.0,tree_top,0.425,0.0,1.0,2.0,tree_top,1.95555555556,1.0,3.0,18.0,off_bot
1,1,0.01,30,25,2,1.485,1.0,2.0,14.0,tree_top,1.70588235294,1.0,2.0,14.0,tree_top,0.671232876712,1.0,1.0,3.0,tree_top,2.48453608247,1.0,4.0,14.0,tree_top
1,1,0.01,30,25,3,1.34,1.0,2.0,14.0,tree_top,1.53529411765,1.0,2.0,14.0,tree_top,0.616279069767,0.5,1.0,3.0,tree_top,2.47619047619,1.0,3.4,14.0,off_bot
1,1,0.01,30,15,1,0.51,0.0,1.0,3.0,tree_top,0.576470588235,0.0,1.0,3.0,tree_top,0.560975609756,0.0,1.0,3.0,tree_top,0.590909090909,0.0,1.0,3.0,tree_bot
1,1,0.01,30,15,2,0.67,0.0,1.0,7.0,tree_top,0.741176470588,0.0,1.0,7.0,tree_top,0.431818181818,0.0,1.0,3.0,tree_top,1.07317073171,1.0,2.0,7.0,tree_bot
1,1,0.01,30,15,3,0.65,0.0,1.0,8.0,tree_top,0.723529411765,0.0,1.0,8.0,tree_top,0.455555555556,0.0,1.0,2.0,tree_top,1.025,1.0,2.0,8.0,off_bot
1,1,0.01,30,10,1,0.48,0.0,1.0,6.0,tree_top,0.517647058824,0.0,1.0,6.0,tree_top,0.443037974684,0.0,1.0,3.0,tree_top,0.582417582418,0.0,1.0,6.0,tree_bot
1,1,0.01,30,10,2,0.59,0.0,1.0,4.0,tree_top,0.652941176471,0.0,1.0,4.0,tree_top,0.585365853659,0.0,1.0,3.0,tree_top,0.715909090909,0.0,1.0,4.0,tree_bot
1,1,0.01,30,10,3,0.58,0.0,1.0,4.0,tree_top,0.605882352941,0.0,1.0,4.0,tree_top,0.539473684211,0.0,1.0,3.0,tree_top,0.659574468085,0.0,1.0,4.0,tree_bot
1,0.5,0.9,60,35,1,2.4,1.0,3.0,33.0,tree_top,2.68235294118,1.0,4.0,33.0,tree_top,0.411764705882,0.0,1.0,1.0,tree_top,4.95294117647,3.0,8.0,33.0,tree_top
1,0.5,0.9,60,35,2,2.47,1.0,3.0,31.0,tree_top,2.85294117647,1.0,4.0,31.0,tree_top,0.64367816092,1.0,1.0,4.0,tree_top,5.1686746988,2.0,8.6,31.0,tree_top
1,0.5,0.9,60,35,3,1.95,1.0,2.0,28.0,tree_top,2.2,1.0,3.0,28.0,tree_top,0.773195876289,1.0,1.0,4.0,tree_top,4.09589041096,2.0,7.6,28.0,tree_top
1,0.5,0.9,60,25,1,1.94,1.0,2.0,29.0,tree_top,2.19411764706,1.0,2.0,29.0,tree_top,0.860215053763,1.0,1.0,3.0,tree_top,3.80519480519,1.0,6.0,29.0,tree_top
1,0.5,0.9,60,25,2,4.835,1.0,5.0,105.0,tree_top,5.63529411765,1.0,7.0,105.0,tree_top,0.808988764045,1.0,1.0,4.0,tree_top,10.9382716049,5.0,17.0,105.0,tree_top
1,0.5,0.9,60,25,3,1.645,1.0,2.0,22.0,tree_top,1.86470588235,1.0,3.0,22.0,tree_top,0.6,0.0,1.0,4.0,tree_top,3.46666666667,2.0,5.2,22.0,tree_top
1,0.5,0.9,60,15,1,1.105,0.0,1.2,21.0,tree_top,1.22941176471,0.0,2.0,21.0,tree_top,0.387096774194,0.0,1.0,3.0,tree_top,2.24675324675,1.0,3.8,21.0,off_bot
1,0.5,0.9,60,15,2,1.78,1.0,2.0,30.0,tree_top,2.04117647059,1.0,2.0,30.0,tree_top,0.8,1.0,1.0,4.0,tree_top,3.4375,1.0,4.2,30.0,off_bot
1,0.5,0.9,60,15,3,1.51,1.0,2.0,13.0,tree_top,1.72941176471,1.0,3.0,13.0,tree_top,0.829268292683,1.0,1.0,3.0,tree_top,2.56818181818,1.0,4.6,13.0,tree_bot
1,0.5,0.9,60,10,1,4.42,1.0,4.0,87.0,tree_top,4.95294117647,1.0,5.0,87.0,tree_top,0.476744186047,0.0,1.0,3.0,tree_top,9.53571428571,4.0,15.0,87.0,tree_top
1,0.5,0.9,60,10,2,1.015,0.5,1.0,11.0,tree_top,1.15882352941,1.0,2.0,11.0,tree_top,0.736111111111,1.0,1.0,5.0,tree_top,1.4693877551,1.0,2.0,11.0,off_bot
1,0.5,0.9,60,10,3,0.76,0.0,1.0,8.0,tree_top,0.811764705882,1.0,1.0,8.0,tree_top,0.581395348837,0.0,1.0,3.0,tree_top,1.04761904762,1.0,1.4,8.0,tree_bot
1,0.5,0.9,50,35,1,1.43,0.0,2.0,18.0,tree_top,1.63529411765,0.0,2.0,18.0,tree_top,0.3375,0.0,1.0,2.0,tree_top,2.78888888889,1.0,4.0,18.0,tree_top
1,0.5,0.9,50,35,2,2.19,1.0,3.0,21.0,tree_top,2.46470588235,1.0,3.2,21.0,tree_top,0.670588235294,0.0,1.0,4.0,tree_top,4.25882352941,2.0,6.2,21.0,tree_top
1,0.5,0.9,50,35,3,3.02,1.0,3.2,75.0,tree_top,3.48235294118,1.0,4.0,75.0,tree_top,0.698630136986,0.0,1.0,4.0,tree_top,5.57731958763,2.0,8.8,75.0,tree_top
1,0.5,0.9,50,25,1,2.15,1.0,2.0,53.0,tree_top,2.48823529412,1.0,2.0,53.0,tree_top,0.477272727273,0.0,1.0,2.0,tree_top,4.64634146341,1.5,7.0,53.0,tree_top
1,0.5,0.9,50,25,2,1.345,1.0,2.0,26.0,tree_top,1.5,1.0,2.0,26.0,tree_top,0.578947368421,0.0,1.0,3.0,tree_top,2.66666666667,1.0,4.0,26.0,tree_top
1,0.5,0.9,50,25,3,3.32,1.0,3.0,61.0,tree_top,3.82352941176,1.0,3.2,61.0,tree_top,0.880952380952,1.0,1.0,3.0,tree_top,6.6976744186,2.0,10.0,61.0,tree_top
1,0.5,0.9,50,15,1,1.11,0.0,1.0,18.0,tree_top,1.23529411765,1.0,2.0,18.0,tree_top,0.488095238095,0.0,1.0,2.0,tree_top,1.96511627907,1.0,3.0,18.0,off_bot
1,0.5,0.9,50,15,2,1.7,1.0,2.0,39.0,tree_top,1.92941176471,1.0,2.0,39.0,tree_top,0.681318681319,1.0,1.0,3.0,tree_top,3.36708860759,2.0,4.0,39.0,off_bot
1,0.5,0.9,50,15,3,1.415,1.0,2.0,22.0,tree_top,1.58823529412,1.0,2.0,22.0,tree_top,0.747252747253,1.0,1.0,3.0,tree_top,2.55696202532,1.0,4.4,22.0,off_bot
1,0.5,0.9,50,10,1,0.66,0.0,1.0,5.0,tree_top,0.735294117647,0.0,1.0,5.0,tree_top,0.5625,0.0,1.0,2.0,tree_top,0.888888888889,0.5,1.0,5.0,off_bot
1,0.5,0.9,50,10,2,0.68,1.0,1.0,7.0,tree_top,0.729411764706,1.0,1.0,7.0,tree_top,0.777777777778,1.0,1.0,3.0,tree_top,0.675,0.0,1.0,7.0,tree_bot
1,0.5,0.9,50,10,3,1.065,1.0,1.0,14.0,tree_top,1.2,1.0,2.0,14.0,tree_top,0.761904761905,1.0,1.0,3.0,tree_top,1.62790697674,1.0,3.0,14.0,off_bot
1,0.5,0.9,40,35,1,1.03,0.0,1.0,13.0,tree_top,1.17647058824,1.0,2.0,13.0,tree_top,0.5375,0.0,1.0,2.0,tree_top,1.74444444444,1.0,3.0,13.0,tree_top
1,0.5,0.9,40,35,2,1.915,1.0,2.0,49.0,tree_top,2.21764705882,1.0,3.0,49.0,tree_top,0.758620689655,0.0,1.0,6.0,tree_top,3.74698795181,2.0,5.0,49.0,tree_top
1,0.5,0.9,40,35,3,2.5,1.0,2.0,46.0,tree_top,2.88235294118,1.0,3.0,46.0,tree_top,0.678571428571,1.0,1.0,3.0,tree_top,5.03488372093,2.0,9.0,46.0,tree_top
1,0.5,0.9,40,25,1,0.94,0.0,1.0,15.0,tree_top,1.04705882353,0.5,1.0,15.0,tree_top,0.636363636364,0.5,1.0,3.0,tree_top,1.48780487805,0.5,2.0,15.0,tree_top
1,0.5,0.9,40,25,2,1.195,0.0,1.0,20.0,tree_top,1.35882352941,1.0,2.0,20.0,tree_top,0.532608695652,0.0,1.0,3.0,tree_top,2.33333333333,1.0,4.0,20.0,tree_top
1,0.5,0.9,40,25,3,1.035,1.0,1.2,13.0,tree_top,1.15294117647,1.0,2.0,13.0,tree_top,0.593023255814,0.5,1.0,3.0,tree_top,1.72619047619,1.0,3.0,13.0,tree_bot
1,0.5,0.9,40,15,1,0.755,0.0,1.0,6.0,tree_top,0.829411764706,0.5,1.0,6.0,tree_top,0.540229885057,0.0,1.0,2.0,tree_top,1.13253012048,1.0,2.0,6.0,off_bot
1,0.5,0.9,40,15,2,1.995,1.0,2.0,34.0,tree_top,2.24117647059,1.0,2.2,34.0,tree_top,0.671052631579,1.0,1.0,3.0,tree_top,3.51063829787,1.5,6.0,34.0,off_bot
1,0.5,0.9,40,15,3,1.16,1.0,2.0,18.0,tree_top,1.32352941176,1.0,2.0,18.0,tree_top,0.626373626374,1.0,1.0,4.0,tree_top,2.12658227848,1.0,3.0,18.0,off_bot
1,0.5,0.9,40,10,1,0.47,0.0,1.0,6.0,tree_top,0.529411764706,0.0,1.0,6.0,tree_top,0.4,0.0,1.0,2.0,tree_top,0.675,0.0,1.0,6.0,tree_bot
1,0.5,0.9,40,10,2,0.715,1.0,1.0,8.0,tree_top,0.782352941176,1.0,1.0,8.0,tree_top,0.69696969697,1.0,1.0,2.0,tree_top,0.901408450704,1.0,1.0,8.0,off_bot
1,0.5,0.9,40,10,3,0.86,1.0,1.0,10.0,tree_top,0.947058823529,1.0,1.0,10.0,tree_top,0.666666666667,0.5,1.0,4.0,tree_top,1.31081081081,1.0,2.0,10.0,off_bot
1,0.5,0.9,30,35,1,0.835,0.0,1.0,12.0,tree_top,0.905882352941,0.0,1.2,12.0,tree_top,0.411764705882,0.0,1.0,3.0,tree_top,1.4,1.0,2.0,12.0,tree_top
1,0.5,0.9,30,35,2,4.64,1.0,7.2,58.0,tree_top,4.84117647059,1.0,8.0,58.0,tree_top,0.682926829268,1.0,1.0,3.0,tree_top,8.71590909091,5.0,12.6,58.0,tree_top
1,0.5,0.9,30,35,3,1.87,1.0,2.0,47.0,tree_top,2.15294117647,1.0,3.0,47.0,tree_top,0.493506493506,0.0,1.0,2.0,tree_top,3.52688172043,2.0,6.0,47.0,tree_top
1,0.5,0.9,30,25,1,0.81,0.0,1.0,13.0,tree_top,0.917647058824,1.0,1.0,13.0,tree_top,0.781609195402,1.0,1.0,4.0,tree_top,1.06024096386,0.0,1.0,13.0,tree_bot
1,0.5,0.9,30,25,2,7.255,2.0,11.0,98.0,tree_top,6.73529411765,1.0,10.0,98.0,tree_top,0.918604651163,1.0,1.0,3.0,tree_top,12.6904761905,7.0,20.0,98.0,tree_top
1,0.5,0.9,30,25,3,1.02,0.0,1.0,14.0,tree_top,1.14117647059,1.0,2.0,14.0,tree_top,0.585365853659,0.0,1.0,3.0,tree_top,1.65909090909,1.0,2.6,14.0,tree_top
1,0.5,0.9,30,15,1,0.485,0.0,1.0,5.0,tree_top,0.488235294118,0.0,1.0,5.0,tree_top,0.386363636364,0.0,1.0,3.0,tree_top,0.59756097561,0.0,1.0,5.0,tree_bot
1,0.5,0.9,30,15,2,0.68,0.0,1.0,6.0,tree_top,0.741176470588,0.0,1.0,6.0,tree_top,0.524390243902,0.0,1.0,3.0,tree_top,0.943181818182,0.5,2.0,6.0,tree_bot
1,0.5,0.9,30,15,3,0.675,0.0,1.0,9.0,tree_top,0.747058823529,0.0,1.0,9.0,tree_top,0.563218390805,0.0,1.0,3.0,tree_top,0.939759036145,0.0,1.0,9.0,tree_bot
1,0.5,0.9,30,10,1,0.565,0.0,1.0,4.0,tree_top,0.629411764706,0.0,1.0,4.0,tree_top,0.607142857143,1.0,1.0,3.0,tree_top,0.651162790698,0.0,1.0,4.0,off_bot
1,0.5,0.9,30,10,2,0.56,0.0,1.0,4.0,tree_top,0.6,0.0,1.0,4.0,tree_top,0.552631578947,0.0,1.0,2.0,tree_top,0.63829787234,0.0,1.0,4.0,tree_bot
1,0.5,0.9,30,10,3,0.69,0.0,1.0,5.0,tree_top,0.758823529412,1.0,1.0,5.0,tree_top,0.577777777778,0.0,1.0,3.0,tree_top,0.9625,1.0,2.0,5.0,off_bot
1,0.5,0.5,60,35,1,1.185,1.0,2.0,18.0,tree_top,1.32941176471,1.0,2.0,18.0,tree_top,0.717647058824,1.0,1.0,2.0,tree_top,1.94117647059,1.0,3.0,18.0,tree_top
1,0.5,0.5,60,35,2,3.445,1.0,4.0,46.0,tree_top,3.95294117647,1.0,6.2,46.0,tree_top,0.520547945205,0.0,1.0,2.0,tree_top,6.53608247423,3.0,10.0,46.0,tree_top
1,0.5,0.5,60,35,3,2.29,1.0,3.0,38.0,tree_top,2.61764705882,1.0,3.2,38.0,tree_top,0.593406593407,0.0,1.0,3.0,tree_top,4.94936708861,2.0,7.4,38.0,tree_top
1,0.5,0.5,60,25,1,2.81,1.0,3.0,33.0,tree_top,3.25294117647,1.0,4.0,33.0,tree_top,0.47191011236,0.0,1.0,3.0,tree_top,6.30864197531,3.0,9.0,33.0,tree_top
1,0.5,0.5,60,25,2,3.365,1.0,5.0,60.0,tree_top,3.88823529412,1.0,6.0,60.0,tree_top,0.775,1.0,1.0,4.0,tree_top,6.65555555556,3.0,11.2,60.0,tree_top
1,0.5,0.5,60,25,3,1.425,1.0,1.0,26.0,tree_top,1.62941176471,1.0,2.0,26.0,tree_top,0.622222222222,1.0,1.0,3.0,tree_top,2.7625,1.0,3.2,26.0,tree_top
1,0.5,0.5,60,15,1,1.72,1.0,2.0,37.0,tree_top,1.95882352941,1.0,2.0,37.0,tree_top,0.533333333333,0.0,1.0,2.0,tree_top,3.5625,2.0,5.0,37.0,off_bot
1,0.5,0.5,60,15,2,3.045,1.0,3.2,63.0,tree_top,3.52352941176,1.0,5.2,63.0,tree_top,0.753246753247,1.0,1.0,3.0,tree_top,5.81720430108,2.0,8.6,63.0,tree_bot
1,0.5,0.5,60,15,3,1.695,1.0,2.0,31.0,tree_top,1.92941176471,1.0,2.0,31.0,tree_top,0.837209302326,1.0,1.0,3.0,tree_top,3.04761904762,1.0,4.0,31.0,off_bot
1,0.5,0.5,60,10,1,1.11,1.0,2.0,16.0,tree_top,1.26470588235,1.0,2.0,16.0,tree_top,0.558441558442,0.0,1.0,2.0,tree_top,1.84946236559,1.0,3.0,16.0,off_bot
1,0.5,0.5,60,10,2,1.15,1.0,1.0,18.0,tree_top,1.29411764706,1.0,2.0,18.0,tree_top,0.760563380282,1.0,1.0,5.0,tree_top,1.67676767677,1.0,2.0,18.0,off_bot
1,0.5,0.5,60,10,3,1.07,0.0,1.0,23.0,tree_top,1.22941176471,1.0,2.0,23.0,tree_top,0.569620253165,0.0,1.0,3.0,tree_top,1.8021978022,1.0,3.0,23.0,off_bot
1,0.5,0.5,50,35,1,1.625,0.0,2.0,22.0,tree_top,1.84705882353,1.0,3.0,22.0,tree_top,0.3625,0.0,1.0,3.0,tree_top,3.16666666667,2.0,5.2,22.0,tree_top
1,0.5,0.5,50,35,2,2.095,1.0,3.0,21.0,tree_top,2.38823529412,1.0,4.0,21.0,tree_top,0.817073170732,1.0,1.0,5.0,tree_top,3.85227272727,2.0,6.6,21.0,tree_top
1,0.5,0.5,50,35,3,1.44,1.0,2.0,25.0,tree_top,1.64705882353,1.0,3.0,25.0,tree_top,0.564705882353,0.0,1.0,5.0,tree_top,2.72941176471,2.0,4.2,25.0,tree_top
1,0.5,0.5,50,25,1,3.265,1.0,4.0,65.0,tree_top,3.77058823529,1.0,5.0,65.0,tree_top,0.472222222222,0.0,1.0,3.0,tree_top,6.19387755102,3.0,9.0,65.0,tree_top
1,0.5,0.5,50,25,2,2.31,1.0,2.0,32.0,tree_top,2.64705882353,1.0,3.0,32.0,tree_top,0.647887323944,0.0,1.0,4.0,tree_top,4.08080808081,1.0,6.4,32.0,tree_top
1,0.5,0.5,50,25,3,0.94,0.0,1.0,13.0,tree_top,1.05294117647,1.0,2.0,13.0,tree_top,0.464285714286,0.0,1.0,3.0,tree_top,1.62790697674,1.0,3.0,13.0,tree_top
1,0.5,0.5,50,15,1,0.965,1.0,2.0,8.0,tree_top,1.07058823529,1.0,2.0,8.0,tree_top,0.684210526316,1.0,1.0,2.0,tree_top,1.56,1.0,3.0,8.0,tree_bot
1,0.5,0.5,50,15,2,0.495,0.0,1.0,5.0,tree_top,0.535294117647,0.0,1.0,5.0,tree_top,0.358490566038,0.0,1.0,2.0,tree_top,0.828125,0.0,2.0,5.0,tree_bot
1,0.5,0.5,50,15,3,1.2,1.0,2.0,16.0,tree_top,1.34705882353,1.0,2.0,16.0,tree_top,0.709302325581,0.5,1.0,3.0,tree_top,2.0,1.0,3.0,16.0,tree_bot
1,0.5,0.5,50,10,1,0.755,0.0,1.0,6.0,tree_top,0.852941176471,1.0,1.0,6.0,tree_top,0.647727272727,1.0,1.0,3.0,tree_top,1.07317073171,1.0,2.0,6.0,off_bot
1,0.5,0.5,50,10,2,0.82,0.0,1.0,17.0,tree_top,0.888235294118,0.0,1.0,17.0,tree_top,0.618421052632,1.0,1.0,3.0,tree_top,1.10638297872,0.0,1.0,17.0,tree_bot
1,0.5,0.5,50,10,3,1.085,1.0,2.0,11.0,tree_top,1.22352941176,1.0,2.0,11.0,tree_top,0.545454545455,0.0,1.0,3.0,tree_top,1.78494623656,1.0,3.0,11.0,off_bot
1,0.5,0.5,40,35,1,1.14,1.0,1.0,29.0,tree_top,1.24705882353,1.0,1.0,29.0,tree_top,0.621052631579,1.0,1.0,3.0,tree_top,2.04,1.0,2.2,29.0,tree_top
1,0.5,0.5,40,35,2,1.98,1.0,2.0,67.0,tree_top,2.26470588235,1.0,2.0,67.0,tree_top,0.573033707865,0.0,1.0,3.0,tree_top,4.12345679012,2.0,5.0,67.0,tree_top
1,0.5,0.5,40,35,3,1.1,0.0,1.0,11.0,tree_top,1.23529411765,1.0,2.0,11.0,tree_top,0.552941176471,0.0,1.0,4.0,tree_top,1.91764705882,1.0,3.2,11.0,tree_top
1,0.5,0.5,40,25,1,1.03,0.0,1.0,12.0,tree_top,1.17647058824,0.0,2.0,12.0,tree_top,0.416666666667,0.0,1.0,3.0,tree_top,1.91860465116,1.0,3.0,12.0,tree_top
1,0.5,0.5,40,25,2,1.86,1.0,2.0,20.0,tree_top,2.12352941176,1.0,3.0,20.0,tree_top,0.696629213483,1.0,1.0,4.0,tree_top,3.69135802469,2.0,6.0,20.0,tree_bot
1,0.5,0.5,40,25,3,1.55,0.0,2.0,38.0,tree_top,1.78235294118,1.0,2.0,38.0,tree_top,0.549450549451,0.0,1.0,3.0,tree_top,3.20253164557,1.0,4.0,38.0,tree_top
1,0.5,0.5,40,15,1,0.825,0.0,1.0,15.0,tree_top,0.894117647059,0.0,1.0,15.0,tree_top,0.43023255814,0.0,1.0,3.0,tree_top,1.36904761905,1.0,2.0,15.0,off_bot
1,0.5,0.5,40,15,2,0.9,0.0,1.0,21.0,tree_top,0.988235294118,0.0,1.0,21.0,tree_top,0.583333333333,0.0,1.0,2.0,tree_top,1.38372093023,0.0,2.0,21.0,tree_bot
1,0.5,0.5,40,15,3,0.915,0.0,1.0,18.0,tree_top,1.01764705882,0.5,1.2,18.0,tree_top,0.535714285714,0.0,1.0,5.0,tree_top,1.48837209302,1.0,2.0,18.0,off_bot
1,0.5,0.5,40,10,1,0.5,0.0,1.0,5.0,tree_top,0.541176470588,0.0,1.0,5.0,tree_top,0.53488372093,0.0,1.0,3.0,tree_top,0.547619047619,0.0,1.0,5.0,tree_bot
1,0.5,0.5,40,10,2,0.73,0.0,1.0,7.0,tree_top,0.794117647059,0.0,1.0,7.0,tree_top,0.535714285714,0.0,1.0,4.0,tree_top,1.04651162791,1.0,2.0,7.0,off_bot
1,0.5,0.5,40,10,3,0.6,0.0,1.0,4.0,tree_top,0.641176470588,0.0,1.0,4.0,tree_top,0.636363636364,0.0,1.0,3.0,tree_top,0.646341463415,0.0,1.0,4.0,tree_bot
1,0.5,0.5,30,35,1,1.095,0.0,2.0,15.0,tree_top,1.23529411765,0.0,2.0,15.0,tree_top,0.436781609195,0.0,1.0,3.0,tree_top,2.07228915663,1.0,4.0,15.0,tree_top
1,0.5,0.5,30,35,2,1.07,0.0,1.0,31.0,tree_top,1.21764705882,0.0,2.0,31.0,tree_top,0.316326530612,0.0,1.0,3.0,tree_top,2.44444444444,1.0,4.0,31.0,tree_top
1,0.5,0.5,30,35,3,1.145,1.0,2.0,10.0,tree_top,1.28823529412,1.0,2.0,10.0,tree_top,0.545454545455,0.0,1.0,3.0,tree_top,2.32394366197,1.0,4.0,10.0,tree_top
1,0.5,0.5,30,25,1,0.855,1.0,1.0,7.0,tree_top,0.941176470588,1.0,1.2,7.0,tree_top,0.626506024096,0.0,1.0,3.0,tree_top,1.24137931034,1.0,2.0,7.0,tree_top
1,0.5,0.5,30,25,2,1.67,1.0,2.0,24.0,tree_top,1.91764705882,1.0,2.0,24.0,tree_top,0.6,1.0,1.0,2.0,tree_top,3.08888888889,1.0,3.2,24.0,tree_bot
1,0.5,0.5,30,25,3,1.275,0.0,1.0,32.0,tree_top,1.46470588235,1.0,2.0,32.0,tree_top,0.426829268293,0.0,1.0,4.0,tree_top,2.43181818182,1.0,3.0,32.0,off_bot
1,0.5,0.5,30,15,1,0.605,0.0,1.0,4.0,tree_top,0.635294117647,0.0,1.0,4.0,tree_top,0.633333333333,0.0,1.0,4.0,tree_top,0.6375,0.0,1.0,4.0,off_bot
1,0.5,0.5,30,15,2,0.755,0.5,1.0,9.0,tree_top,0.835294117647,1.0,1.0,9.0,tree_top,0.622222222222,1.0,1.0,3.0,tree_top,1.075,1.0,2.0,9.0,tree_bot
1,0.5,0.5,30,15,3,0.67,0.0,1.0,7.0,tree_top,0.723529411765,0.0,1.0,7.0,tree_top,0.549450549451,0.0,1.0,3.0,tree_top,0.924050632911,1.0,2.0,7.0,tree_bot
1,0.5,0.5,30,10,1,0.71,0.0,1.0,10.0,tree_top,0.788235294118,0.0,1.0,10.0,tree_top,0.488888888889,0.0,1.0,4.0,tree_top,1.125,1.0,2.0,10.0,off_bot
1,0.5,0.5,30,10,2,0.46,0.0,1.0,4.0,tree_top,0.494117647059,0.0,1.0,4.0,tree_top,0.435294117647,0.0,1.0,4.0,tree_top,0.552941176471,0.0,1.0,4.0,tree_bot
1,0.5,0.5,30,10,3,0.56,0.0,1.0,4.0,tree_top,0.623529411765,0.0,1.0,4.0,tree_top,0.471264367816,0.0,1.0,3.0,tree_top,0.78313253012,1.0,1.0,4.0,tree_bot
1,0.5,0.1,60,35,1,1.355,1.0,2.0,16.0,tree_top,1.53529411765,1.0,2.0,16.0,tree_top,0.662162162162,1.0,1.0,3.0,tree_top,2.20833333333,1.0,4.0,16.0,tree_top
1,0.5,0.1,60,35,2,3.485,1.0,3.0,71.0,tree_top,4.02941176471,1.0,3.0,71.0,tree_top,0.746987951807,1.0,1.0,5.0,tree_top,7.16091954023,2.0,9.8,71.0,tree_top
1,0.5,0.1,60,35,3,0.99,0.0,1.0,15.0,tree_top,1.10588235294,0.0,1.0,15.0,tree_top,0.388888888889,0.0,1.0,4.0,tree_top,1.9125,1.0,3.0,15.0,tree_top
1,0.5,0.1,60,25,1,1.935,1.0,3.0,20.0,tree_top,2.21764705882,1.0,3.0,20.0,tree_top,0.595505617978,1.0,1.0,2.0,tree_top,4.0,3.0,7.0,20.0,tree_top
1,0.5,0.1,60,25,2,2.765,1.0,3.0,38.0,tree_top,3.18823529412,1.0,4.0,38.0,tree_top,0.743902439024,1.0,1.0,6.0,tree_top,5.46590909091,2.0,7.0,38.0,tree_top
1,0.5,0.1,60,25,3,1.82,1.0,2.0,24.0,tree_top,2.08235294118,1.0,3.0,24.0,tree_top,0.702127659574,1.0,1.0,3.0,tree_top,3.78947368421,2.0,5.0,24.0,tree_top
1,0.5,0.1,60,15,1,1.155,0.0,2.0,19.0,tree_top,1.30588235294,1.0,2.0,19.0,tree_top,0.547619047619,0.0,1.0,3.0,tree_top,2.04651162791,1.0,3.0,19.0,tree_top
1,0.5,0.1,60,15,2,21.405,4.5,31.4,256.0,tree_top,21.6764705882,3.0,30.2,256.0,tree_top,1.20512820513,1.0,2.0,7.0,tree_top,39.0326086957,23.5,57.0,256.0,tree_top
1,0.5,0.1,60,15,3,2.105,1.0,2.0,57.0,tree_top,2.41176470588,1.0,2.2,57.0,tree_top,0.782608695652,1.0,1.0,3.0,tree_top,4.33333333333,2.0,5.0,57.0,off_bot
1,0.5,0.1,60,10,1,0.67,0.0,1.0,7.0,tree_top,0.764705882353,0.0,1.0,7.0,tree_top,0.585365853659,1.0,1.0,2.0,tree_top,0.931818181818,0.0,2.0,7.0,off_bot
1,0.5,0.1,60,10,2,1.125,1.0,2.0,13.0,tree_top,1.26470588235,1.0,2.0,13.0,tree_top,0.753086419753,1.0,1.0,3.0,tree_top,1.73033707865,1.0,3.0,13.0,tree_bot
1,0.5,0.1,60,10,3,0.785,0.0,1.0,9.0,tree_top,0.882352941176,1.0,1.0,9.0,tree_top,0.47619047619,0.0,1.0,2.0,tree_top,1.27906976744,1.0,2.0,9.0,tree_bot
1,0.5,0.1,50,35,1,1.12,1.0,1.2,12.0,tree_top,1.28823529412,1.0,2.0,12.0,tree_top,0.46511627907,0.0,1.0,2.0,tree_top,2.13095238095,1.0,4.0,12.0,tree_top
1,0.5,0.1,50,35,2,1.055,1.0,1.0,16.0,tree_top,1.2,1.0,2.0,16.0,tree_top,0.547169811321,0.0,1.0,3.0,tree_top,2.28125,1.0,4.0,16.0,tree_top
1,0.5,0.1,50,35,3,2.12,0.5,2.0,87.0,tree_top,2.45882352941,1.0,3.0,87.0,tree_top,0.457831325301,0.0,1.0,2.0,tree_top,4.36781609195,2.0,6.0,87.0,tree_top
1,0.5,0.1,50,25,1,1.14,0.0,1.2,25.0,tree_top,1.28823529412,1.0,2.0,25.0,tree_top,0.344444444444,0.0,1.0,2.0,tree_top,2.35,1.0,3.0,25.0,tree_top
1,0.5,0.1,50,25,2,1.115,0.5,2.0,16.0,tree_top,1.25294117647,1.0,2.0,16.0,tree_top,0.483516483516,0.0,1.0,4.0,tree_top,2.13924050633,1.0,3.4,16.0,tree_top
1,0.5,0.1,50,25,3,1.555,1.0,2.0,24.0,tree_top,1.76470588235,1.0,2.0,24.0,tree_top,0.653846153846,1.0,1.0,3.0,tree_top,2.70652173913,1.0,4.0,24.0,tree_top
1,0.5,0.1,50,15,1,0.985,1.0,1.0,13.0,tree_top,1.10588235294,1.0,1.0,13.0,tree_top,0.707865168539,1.0,1.0,3.0,tree_top,1.54320987654,1.0,2.0,13.0,off_bot
1,0.5,0.1,50,15,2,1.325,1.0,2.0,14.0,tree_top,1.49411764706,1.0,2.0,14.0,tree_top,0.639534883721,0.0,1.0,3.0,tree_top,2.36904761905,1.0,4.0,14.0,off_bot
1,0.5,0.1,50,15,3,1.185,1.0,2.0,13.0,tree_top,1.35294117647,1.0,2.0,13.0,tree_top,0.604938271605,1.0,1.0,3.0,tree_top,2.03370786517,1.0,3.0,13.0,off_bot
1,0.5,0.1,50,10,1,0.625,0.0,1.0,5.0,tree_top,0.670588235294,0.0,1.0,5.0,tree_top,0.444444444444,0.0,1.0,2.0,tree_top,0.876404494382,1.0,2.0,5.0,tree_bot
1,0.5,0.1,50,10,2,0.76,0.0,1.0,6.0,tree_top,0.835294117647,1.0,1.0,6.0,tree_top,0.66265060241,1.0,1.0,3.0,tree_top,1.0,1.0,2.0,6.0,off_bot
1,0.5,0.1,50,10,3,0.81,0.0,1.0,8.0,tree_top,0.894117647059,1.0,2.0,8.0,tree_top,0.626506024096,0.0,1.0,3.0,tree_top,1.14942528736,1.0,2.0,8.0,tree_bot
1,0.5,0.1,40,35,1,1.44,0.0,2.0,28.0,tree_top,1.64705882353,1.0,2.0,28.0,tree_top,0.380952380952,0.0,1.0,2.0,tree_top,2.88372093023,1.0,4.0,28.0,tree_top
1,0.5,0.1,40,35,2,1.495,1.0,2.0,20.0,tree_top,1.68235294118,1.0,2.0,20.0,tree_top,0.451219512195,0.0,1.0,2.0,tree_top,2.82954545455,1.0,4.6,20.0,tree_top
1,0.5,0.1,40,35,3,2.045,1.0,3.0,38.0,tree_top,2.34705882353,1.0,3.0,38.0,tree_top,0.590361445783,1.0,1.0,4.0,tree_top,4.02298850575,2.0,7.0,38.0,tree_top
1,0.5,0.1,40,25,1,2.1,1.0,2.0,40.0,tree_top,2.39411764706,1.0,2.0,40.0,tree_top,0.4625,0.0,1.0,2.0,tree_top,4.11111111111,1.0,6.0,40.0,tree_top
1,0.5,0.1,40,25,2,2.645,1.0,2.0,63.0,tree_top,3.05294117647,1.0,3.0,63.0,tree_top,0.744186046512,1.0,1.0,3.0,tree_top,5.41666666667,1.0,9.0,63.0,tree_top
1,0.5,0.1,40,25,3,1.57,1.0,2.0,24.0,tree_top,1.81176470588,1.0,2.0,24.0,tree_top,0.614583333333,1.0,1.0,3.0,tree_top,3.36486486486,2.0,5.0,24.0,tree_top
1,0.5,0.1,40,15,1,1.135,1.0,1.0,17.0,tree_top,1.27647058824,1.0,2.0,17.0,tree_top,0.448275862069,0.0,1.0,3.0,tree_top,2.14457831325,1.0,3.0,17.0,off_bot
1,0.5,0.1,40,15,2,1.27,0.0,2.0,27.0,tree_top,1.45882352941,1.0,2.0,27.0,tree_top,0.625,0.0,1.0,3.0,tree_top,2.07142857143,1.0,3.0,27.0,tree_bot
1,0.5,0.1,40,15,3,1.41,0.0,1.0,24.0,tree_top,1.6,1.0,2.0,24.0,tree_top,0.69512195122,1.0,1.0,4.0,tree_top,2.44318181818,1.0,3.0,24.0,off_bot
1,0.5,0.1,40,10,1,0.595,0.0,1.0,4.0,tree_top,0.664705882353,0.0,1.0,4.0,tree_top,0.631578947368,0.0,1.0,3.0,tree_top,0.706666666667,0.0,1.0,4.0,tree_bot
1,0.5,0.1,40,10,2,0.69,0.0,1.0,6.0,tree_top,0.764705882353,1.0,1.0,6.0,tree_top,0.666666666667,1.0,1.0,2.0,tree_top,0.883116883117,0.0,1.8,6.0,off_bot
1,0.5,0.1,40,10,3,0.9,1.0,1.0,10.0,tree_top,1.02352941176,1.0,2.0,10.0,tree_top,0.694117647059,0.0,1.0,4.0,tree_top,1.35294117647,1.0,2.0,10.0,tree_bot
1,0.5,0.1,30,35,1,1.09,0.0,1.2,19.0,tree_top,1.22352941176,1.0,2.0,19.0,tree_top,0.395061728395,0.0,1.0,3.0,tree_top,1.97752808989,1.0,3.0,19.0,tree_top
1,0.5,0.1,30,35,2,1.34,1.0,2.0,17.0,tree_top,1.51176470588,1.0,2.0,17.0,tree_top,0.581395348837,0.0,1.0,4.0,tree_top,2.46428571429,1.0,4.0,17.0,tree_top
1,0.5,0.1,30,35,3,0.895,0.0,1.0,11.0,tree_top,0.982352941176,0.0,1.0,11.0,tree_top,0.4375,0.0,1.0,3.0,tree_top,1.68918918919,1.0,3.0,11.0,tree_top
1,0.5,0.1,30,25,1,0.66,0.0,1.0,7.0,tree_top,0.741176470588,0.0,1.0,7.0,tree_top,0.510638297872,0.0,1.0,3.0,tree_top,1.02631578947,0.5,2.0,7.0,tree_top
1,0.5,0.1,30,25,2,1.465,1.0,2.0,21.0,tree_top,1.64705882353,1.0,2.0,21.0,tree_top,0.607594936709,1.0,1.0,2.0,tree_top,2.54945054945,1.0,3.0,21.0,tree_top
1,0.5,0.1,30,25,3,0.835,0.0,1.0,9.0,tree_top,0.917647058824,1.0,1.0,9.0,tree_top,0.550561797753,0.0,1.0,4.0,tree_top,1.32098765432,1.0,2.0,9.0,tree_top
1,0.5,0.1,30,15,1,0.685,0.0,1.0,8.0,tree_top,0.764705882353,0.0,1.0,8.0,tree_top,0.421686746988,0.0,1.0,3.0,tree_top,1.09195402299,0.0,2.0,8.0,tree_bot
1,0.5,0.1,30,15,2,0.73,0.0,1.0,7.0,tree_top,0.805882352941,0.0,1.0,7.0,tree_top,0.466666666667,0.0,1.0,3.0,tree_top,1.1875,1.0,2.0,7.0,tree_bot
1,0.5,0.1,30,15,3,0.825,0.0,1.0,9.0,tree_top,0.941176470588,1.0,1.0,9.0,tree_top,0.583333333333,0.0,1.0,3.0,tree_top,1.29069767442,1.0,2.0,9.0,off_bot
1,0.5,0.1,30,10,1,0.605,0.0,1.0,7.0,tree_top,0.658823529412,0.0,1.0,7.0,tree_top,0.416666666667,0.0,1.0,3.0,tree_top,0.895348837209,1.0,1.0,7.0,off_bot
1,0.5,0.1,30,10,2,0.58,0.0,1.0,6.0,tree_top,0.6,0.0,1.0,6.0,tree_top,0.545454545455,0.0,1.0,3.0,tree_top,0.645161290323,0.0,1.0,6.0,tree_bot
1,0.5,0.1,30,10,3,0.595,0.0,1.0,4.0,tree_top,0.629411764706,0.0,1.0,4.0,tree_top,0.619565217391,0.0,1.0,4.0,tree_top,0.641025641026,0.0,1.0,3.0,tree_bot
1,0.5,0.01,60,35,1,2.32,1.0,2.2,33.0,tree_top,2.67058823529,1.0,4.0,33.0,tree_top,0.753424657534,1.0,1.0,2.0,tree_top,4.11340206186,2.0,6.8,33.0,tree_top
1,0.5,0.01,60,35,2,2.93,1.0,3.0,47.0,tree_top,3.39411764706,1.0,5.0,47.0,tree_top,0.649350649351,0.0,1.0,3.0,tree_top,5.66666666667,3.0,8.0,47.0,tree_top
1,0.5,0.01,60,35,3,1.765,0.0,2.0,30.0,tree_top,2.02941176471,1.0,2.0,30.0,tree_top,0.544444444444,0.0,1.0,2.0,tree_top,3.7,1.0,7.0,30.0,tree_top
1,0.5,0.01,60,25,1,1.795,1.0,2.0,22.0,tree_top,2.06470588235,1.0,3.0,22.0,tree_top,0.779220779221,1.0,1.0,6.0,tree_top,3.12903225806,2.0,5.0,22.0,tree_top
1,0.5,0.01,60,25,2,2.865,1.0,3.0,49.0,tree_top,3.31764705882,1.0,4.0,49.0,tree_top,0.75,1.0,1.0,3.0,tree_top,5.82558139535,3.0,9.0,49.0,tree_top
1,0.5,0.01,60,25,3,3.0,1.0,4.0,51.0,tree_top,3.48823529412,1.0,5.0,51.0,tree_top,0.705882352941,1.0,1.0,3.0,tree_top,6.27058823529,3.0,10.2,51.0,tree_top
1,0.5,0.01,60,15,1,0.875,0.5,1.0,11.0,tree_top,0.982352941176,1.0,1.0,11.0,tree_top,0.574712643678,0.0,1.0,2.0,tree_top,1.40963855422,1.0,2.0,11.0,tree_top
1,0.5,0.01,60,15,2,1.455,1.0,2.0,20.0,tree_top,1.64117647059,1.0,2.0,20.0,tree_top,0.852631578947,1.0,1.0,4.0,tree_top,2.64,1.0,4.0,20.0,off_bot
1,0.5,0.01,60,15,3,1.57,1.0,2.0,45.0,tree_top,1.78823529412,1.0,2.0,45.0,tree_top,0.731182795699,1.0,1.0,3.0,tree_top,3.06493506494,1.0,4.0,45.0,off_bot
1,0.5,0.01,60,10,1,0.65,0.0,1.0,5.0,tree_top,0.694117647059,0.0,1.0,5.0,tree_top,0.615384615385,0.0,1.0,3.0,tree_top,0.760869565217,0.0,1.0,5.0,off_bot
1,0.5,0.01,60,10,2,1.105,0.0,1.0,18.0,tree_top,1.23529411765,1.0,1.2,18.0,tree_top,0.581081081081,0.0,1.0,3.0,tree_top,1.73958333333,1.0,3.0,18.0,tree_bot
1,0.5,0.01,60,10,3,1.51,1.0,2.0,35.0,tree_top,1.72941176471,1.0,2.0,35.0,tree_top,0.776595744681,1.0,1.0,3.0,tree_top,2.90789473684,1.0,5.0,35.0,off_bot
1,0.5,0.01,50,35,1,1.63,1.0,2.0,16.0,tree_top,1.79411764706,1.0,2.0,16.0,tree_top,0.595238095238,1.0,1.0,3.0,tree_top,2.96511627907,2.0,5.0,16.0,tree_top
1,0.5,0.01,50,35,2,2.07,1.0,2.0,29.0,tree_top,2.38235294118,1.0,3.0,29.0,tree_top,0.681318681319,1.0,1.0,3.0,tree_top,4.3417721519,2.0,8.0,29.0,tree_top
1,0.5,0.01,50,35,3,1.81,1.0,2.0,29.0,tree_top,2.07647058824,1.0,2.2,29.0,tree_top,0.646341463415,0.0,1.0,3.0,tree_top,3.40909090909,2.0,5.0,29.0,tree_top
1,0.5,0.01,50,25,1,1.34,1.0,2.0,14.0,tree_top,1.51764705882,1.0,3.0,14.0,tree_top,0.635294117647,1.0,1.0,3.0,tree_top,2.4,2.0,4.0,14.0,tree_top
1,0.5,0.01,50,25,2,1.97,1.0,2.0,31.0,tree_top,2.28235294118,1.0,3.0,31.0,tree_top,0.731182795699,1.0,1.0,4.0,tree_top,4.15584415584,2.0,7.8,31.0,tree_top
1,0.5,0.01,50,25,3,1.295,1.0,2.0,14.0,tree_top,1.47647058824,1.0,2.0,14.0,tree_top,0.5875,0.5,1.0,2.0,tree_top,2.26666666667,1.0,3.0,14.0,tree_top
1,0.5,0.01,50,15,1,0.78,0.0,1.0,7.0,tree_top,0.870588235294,1.0,1.0,7.0,tree_top,0.722891566265,1.0,1.0,5.0,tree_top,1.01149425287,1.0,2.0,7.0,off_bot
1,0.5,0.01,50,15,2,1.245,1.0,2.0,12.0,tree_top,1.41176470588,1.0,2.0,12.0,tree_top,0.731707317073,1.0,1.0,5.0,tree_top,2.04545454545,1.0,3.0,12.0,off_bot
1,0.5,0.01,50,15,3,1.035,1.0,1.0,19.0,tree_top,1.15882352941,1.0,2.0,19.0,tree_top,0.86170212766,1.0,1.0,4.0,tree_top,1.52631578947,1.0,3.0,19.0,off_bot
1,0.5,0.01,50,10,1,0.835,1.0,1.0,8.0,tree_top,0.923529411765,1.0,1.0,8.0,tree_top,0.622222222222,0.0,1.0,3.0,tree_top,1.2625,1.0,2.0,8.0,off_bot
1,0.5,0.01,50,10,2,0.715,0.0,1.0,6.0,tree_top,0.805882352941,1.0,1.0,6.0,tree_top,0.591397849462,0.0,1.0,3.0,tree_top,1.06493506494,1.0,2.0,6.0,off_bot
1,0.5,0.01,50,10,3,0.985,1.0,2.0,7.0,tree_top,1.08235294118,1.0,2.0,7.0,tree_top,0.808988764045,1.0,1.0,4.0,tree_top,1.38271604938,1.0,2.0,7.0,off_bot
1,0.5,0.01,40,35,1,2.57,1.0,2.2,37.0,tree_top,2.95294117647,1.0,4.0,37.0,tree_top,0.506024096386,0.0,1.0,2.0,tree_top,5.28735632184,2.0,9.0,37.0,tree_top
1,0.5,0.01,40,35,2,3.47,1.0,4.0,52.0,tree_top,4.02941176471,1.0,6.0,52.0,tree_top,0.678571428571,1.0,1.0,3.0,tree_top,7.3023255814,3.5,12.0,52.0,tree_top
1,0.5,0.01,40,35,3,2.4,1.0,3.0,28.0,tree_top,2.77058823529,1.0,4.0,28.0,tree_top,0.721518987342,0.0,1.0,4.0,tree_top,4.54945054945,2.0,9.0,28.0,tree_top
1,0.5,0.01,40,25,1,1.645,1.0,2.0,21.0,tree_top,1.9,1.0,2.0,21.0,tree_top,0.585365853659,0.0,1.0,4.0,tree_top,3.125,1.0,5.0,21.0,tree_top
1,0.5,0.01,40,25,2,1.5,1.0,1.0,30.0,tree_top,1.71764705882,1.0,2.0,30.0,tree_top,0.62,0.0,1.0,5.0,tree_top,3.28571428571,1.0,4.2,30.0,tree_top
1,0.5,0.01,40,25,3,1.66,1.0,2.0,38.0,tree_top,1.9,1.0,3.0,38.0,tree_top,0.746987951807,1.0,1.0,5.0,tree_top,3.0,2.0,5.0,38.0,tree_bot
1,0.5,0.01,40,15,1,0.875,0.0,1.0,9.0,tree_top,0.964705882353,0.0,1.0,9.0,tree_top,0.438202247191,0.0,1.0,3.0,tree_top,1.54320987654,1.0,2.0,9.0,tree_bot
1,0.5,0.01,40,15,2,1.18,1.0,2.0,22.0,tree_top,1.34117647059,1.0,2.0,22.0,tree_top,0.653846153846,0.5,1.0,3.0,tree_top,1.92391304348,1.0,3.0,22.0,off_bot
1,0.5,0.01,40,15,3,0.735,0.0,1.0,7.0,tree_top,0.829411764706,0.0,1.0,7.0,tree_top,0.468085106383,0.0,1.0,3.0,tree_top,1.27631578947,1.0,2.0,7.0,off_bot
1,0.5,0.01,40,10,1,0.52,0.0,1.0,4.0,tree_top,0.594117647059,0.0,1.0,4.0,tree_top,0.531914893617,0.0,1.0,3.0,tree_top,0.671052631579,0.5,1.0,4.0,off_bot
1,0.5,0.01,40,10,2,0.675,0.0,1.0,6.0,tree_top,0.735294117647,0.0,1.0,6.0,tree_top,0.606741573034,0.0,1.0,4.0,tree_top,0.876543209877,0.0,2.0,6.0,tree_bot
1,0.5,0.01,40,10,3,0.63,0.0,1.0,10.0,tree_top,0.694117647059,0.0,1.0,10.0,tree_top,0.572916666667,0.0,1.0,4.0,tree_top,0.851351351351,0.0,1.0,10.0,off_bot
1,0.5,0.01,30,35,1,0.81,1.0,1.0,8.0,tree_top,0.864705882353,1.0,1.0,8.0,tree_top,0.431818181818,0.0,1.0,2.0,tree_top,1.32926829268,1.0,2.0,8.0,tree_top
1,0.5,0.01,30,35,2,1.12,0.0,1.0,15.0,tree_top,1.24705882353,1.0,2.0,15.0,tree_top,0.450549450549,0.0,1.0,2.0,tree_top,2.16455696203,1.0,4.0,15.0,tree_top
1,0.5,0.01,30,35,3,1.165,0.0,1.0,24.0,tree_top,1.30588235294,1.0,2.0,24.0,tree_top,0.555555555556,0.0,1.0,3.0,tree_top,2.35211267606,1.0,3.0,24.0,tree_top
1,0.5,0.01,30,25,1,1.265,0.0,2.0,16.0,tree_top,1.43529411765,1.0,2.0,16.0,tree_top,0.385714285714,0.0,1.0,2.0,tree_top,2.17,1.0,3.0,16.0,off_bot
1,0.5,0.01,30,25,2,1.425,1.0,1.0,23.0,tree_top,1.64705882353,1.0,2.0,23.0,tree_top,0.701149425287,1.0,1.0,3.0,tree_top,2.63855421687,1.0,3.0,23.0,off_bot
1,0.5,0.01,30,25,3,2.655,1.0,2.2,63.0,tree_top,3.07058823529,1.0,3.0,63.0,tree_top,0.739130434783,1.0,1.0,3.0,tree_top,4.66336633663,2.0,4.0,63.0,tree_top
1,0.5,0.01,30,15,1,0.535,0.0,1.0,5.0,tree_top,0.570588235294,0.0,1.0,5.0,tree_top,0.336842105263,0.0,1.0,2.0,tree_top,0.866666666667,0.0,2.0,5.0,tree_bot
1,0.5,0.01,30,15,2,0.92,1.0,2.0,17.0,tree_top,1.02352941176,1.0,2.0,17.0,tree_top,0.763157894737,1.0,1.0,3.0,tree_top,1.23404255319,1.0,2.0,17.0,off_bot
1,0.5,0.01,30,15,3,0.545,0.0,1.0,5.0,tree_top,0.588235294118,0.0,1.0,5.0,tree_top,0.485148514851,0.0,1.0,2.0,tree_top,0.739130434783,0.0,1.0,5.0,tree_bot
1,0.5,0.01,30,10,1,0.58,0.0,1.0,3.0,tree_top,0.623529411765,0.0,1.0,3.0,tree_top,0.581395348837,0.0,1.0,2.0,tree_top,0.666666666667,0.0,1.0,3.0,off_bot
1,0.5,0.01,30,10,2,0.73,0.0,1.0,8.0,tree_top,0.817647058824,1.0,1.0,8.0,tree_top,0.58904109589,0.0,1.0,3.0,tree_top,0.989690721649,1.0,1.0,8.0,off_bot
1,0.5,0.01,30,10,3,0.595,0.0,1.0,5.0,tree_top,0.647058823529,0.0,1.0,5.0,tree_top,0.441860465116,0.0,1.0,2.0,tree_top,0.857142857143,0.0,2.0,5.0,off_bot
0.5,1,0.9,60,35,1,0.66,1.0,1.0,5.0,tree_top,0.652941176471,1.0,1.0,5.0,tree_top,0.802469135802,1.0,1.0,4.0,tree_top,0.516853932584,0.0,1.0,5.0,tree_top
0.5,1,0.9,60,35,2,2.215,1.0,2.0,63.0,tree_top,2.54705882353,1.0,2.0,63.0,tree_top,0.626373626374,1.0,1.0,2.0,tree_top,4.75949367089,1.0,8.0,63.0,tree_top
0.5,1,0.9,60,35,3,5.465,1.0,5.2,102.0,tree_top,6.39411764706,1.0,8.0,102.0,tree_top,0.875,1.0,1.0,3.0,tree_top,11.3,4.0,16.4,102.0,tree_top
0.5,1,0.9,60,25,1,1.84,1.0,2.0,27.0,tree_top,2.11176470588,1.0,3.0,27.0,tree_top,0.4125,0.0,1.0,2.0,tree_top,3.62222222222,1.0,6.0,27.0,tree_top
0.5,1,0.9,60,25,2,9.63,1.0,10.2,234.0,tree_top,11.2470588235,2.0,14.0,234.0,tree_top,1.2125,1.0,2.0,10.0,tree_top,20.1666666667,9.0,37.4,234.0,tree_top
0.5,1,0.9,60,25,3,3.53,1.0,4.0,70.0,tree_top,4.09411764706,1.0,5.0,70.0,tree_top,0.946666666667,1.0,1.0,4.0,tree_top,6.57894736842,2.0,9.0,70.0,tree_top
0.5,1,0.9,60,15,1,6.01,1.0,3.2,242.0,tree_top,7.01176470588,1.0,5.4,242.0,tree_top,0.864864864865,1.0,1.0,3.0,tree_top,11.75,2.0,18.0,242.0,off_bot
0.5,1,0.9,60,15,2,7.215,1.0,3.0,326.0,tree_top,8.42352941176,1.0,5.0,326.0,tree_top,0.978723404255,1.0,1.4,3.0,tree_top,17.6315789474,3.5,21.0,326.0,off_bot
0.5,1,0.9,60,15,3,2.66,1.0,2.2,84.0,tree_top,3.04117647059,1.0,3.0,84.0,tree_top,0.89010989011,1.0,1.0,5.0,tree_top,5.51898734177,2.0,8.0,84.0,off_bot
0.5,1,0.9,60,10,1,3.315,1.0,2.0,122.0,tree_top,3.84705882353,1.0,2.2,122.0,tree_top,0.542168674699,0.0,1.0,3.0,tree_top,7.0,1.0,7.6,122.0,off_bot
0.5,1,0.9,60,10,2,1.095,1.0,2.0,16.0,tree_top,1.22352941176,1.0,2.0,16.0,tree_top,0.635294117647,0.0,1.0,4.0,tree_top,1.81176470588,1.0,3.0,16.0,off_bot
0.5,1,0.9,60,10,3,2.065,1.0,2.0,33.0,tree_top,2.37058823529,1.0,3.0,33.0,tree_top,1.10588235294,1.0,2.0,4.0,tree_top,3.63529411765,2.0,6.0,33.0,off_bot
0.5,1,0.9,50,35,1,4.105,1.0,4.0,66.0,tree_top,4.78235294118,1.0,5.0,66.0,tree_top,0.758620689655,1.0,1.0,3.0,tree_top,9.0,4.0,13.0,66.0,tree_top
0.5,1,0.9,50,35,2,3.11,1.0,2.0,150.0,tree_top,3.59411764706,1.0,4.0,150.0,tree_top,0.567010309278,0.0,1.0,2.0,tree_top,7.61643835616,3.0,8.0,150.0,tree_top
0.5,1,0.9,50,35,3,19.06,3.0,30.2,173.0,tree_top,20.2294117647,4.0,30.2,173.0,tree_top,1.34615384615,1.0,2.0,5.0,tree_top,36.2391304348,23.5,51.8,173.0,tree_top
0.5,1,0.9,50,25,1,4.125,1.0,5.0,71.0,tree_top,4.78823529412,1.0,7.0,71.0,tree_top,0.77027027027,1.0,1.0,3.0,tree_top,7.88541666667,3.5,11.0,71.0,tree_top
0.5,1,0.9,50,25,2,7.15,1.0,11.2,67.0,tree_top,8.35882352941,1.5,14.0,67.0,tree_top,1.11688311688,1.0,2.0,5.0,tree_top,14.3548387097,9.0,26.6,67.0,tree_top
0.5,1,0.9,50,25,3,2.845,1.0,3.0,32.0,tree_top,3.31176470588,1.0,3.2,32.0,tree_top,0.636363636364,1.0,1.0,3.0,tree_top,6.18292682927,3.0,13.0,32.0,tree_top
0.5,1,0.9,50,15,1,0.935,1.0,1.2,12.0,tree_top,1.04705882353,1.0,2.0,12.0,tree_top,0.893617021277,1.0,1.0,2.0,tree_top,1.23684210526,1.0,2.0,12.0,off_bot
0.5,1,0.9,50,15,2,3.04,1.0,3.0,52.0,tree_top,3.52352941176,1.0,3.0,52.0,tree_top,0.965909090909,1.0,1.0,4.0,tree_top,6.26829268293,2.0,11.0,52.0,off_bot
0.5,1,0.9,50,15,3,2.29,1.0,2.0,37.0,tree_top,2.62941176471,1.0,3.0,37.0,tree_top,0.864197530864,1.0,1.0,3.0,tree_top,4.23595505618,2.0,6.0,37.0,off_bot
0.5,1,0.9,50,10,1,0.685,0.0,1.0,8.0,tree_top,0.776470588235,1.0,1.0,8.0,tree_top,0.720930232558,1.0,1.0,3.0,tree_top,0.833333333333,0.0,2.0,8.0,off_bot
0.5,1,0.9,50,10,2,0.885,1.0,1.0,10.0,tree_top,0.964705882353,1.0,1.0,10.0,tree_top,0.674418604651,1.0,1.0,3.0,tree_top,1.2619047619,1.0,2.0,10.0,off_bot
0.5,1,0.9,50,10,3,1.13,1.0,2.0,17.0,tree_top,1.28823529412,1.0,2.0,17.0,tree_top,0.825,1.0,1.0,4.0,tree_top,1.7,1.0,3.0,17.0,off_bot
0.5,1,0.9,40,35,1,2.3,1.0,2.0,78.0,tree_top,2.65882352941,1.0,2.2,78.0,tree_top,0.804347826087,1.0,1.0,4.0,tree_top,4.84615384615,1.5,6.6,78.0,tree_top
0.5,1,0.9,40,35,2,3.405,1.0,2.0,53.0,tree_top,3.95294117647,1.0,4.0,53.0,tree_top,0.602564102564,0.5,1.0,4.0,tree_top,6.79347826087,2.0,9.8,53.0,tree_top
0.5,1,0.9,40,35,3,1.655,1.0,2.0,19.0,tree_top,1.88235294118,1.0,2.0,19.0,tree_top,0.666666666667,1.0,1.0,5.0,tree_top,2.98876404494,1.0,5.0,19.0,tree_top
0.5,1,0.9,40,25,1,3.665,0.0,2.0,76.0,tree_top,4.26470588235,0.0,3.0,76.0,tree_top,0.279569892473,0.0,1.0,2.0,tree_top,9.07792207792,2.0,11.8,76.0,tree_top
