0.1,1,0.5,119,36,56,0.1,0.82,1.0,1.0,5.0,tree_top,0.971428571429,1.0,2.0,5.0,tree_top,1.125,1.0,2.0,4.0,tree_top,0.842105263158,0.0,1.0,5.0,tree_top
0.1,1,0.5,119,36,56,0.05,5.92,1.0,3.0,125.0,tree_top,8.27142857143,1.0,5.6,125.0,tree_top,1.3125,1.0,2.0,4.0,tree_top,14.1315789474,3.0,21.8,125.0,tree_top
0.1,1,0.5,119,36,56,0.025,82.91,1.0,18.6,837.0,tree_top,118.171428571,1.0,260.0,837.0,tree_top,0.923076923077,1.0,1.0,3.0,tree_top,265.677419355,209.0,462.0,837.0,tree_top
0.1,1,0.5,119,36,56,0.01,45.75,2.0,34.8,909.0,tree_top,64.9428571429,2.0,78.2,909.0,tree_top,1.55555555556,1.0,2.0,8.0,tree_top,132.058823529,45.5,198.0,909.0,tree_top
0.1,1,0.5,119,36,56,0.008,121.67,2.0,215.8,1014.0,tree_top,173.442857143,3.0,354.2,1014.0,tree_top,1.41176470588,1.0,2.0,4.0,tree_top,335.916666667,285.0,587.0,1014.0,tree_top
0.1,1,0.5,119,36,56,0.005,93.17,2.0,130.2,1192.0,tree_top,130.357142857,6.0,248.4,1192.0,tree_top,1.6,1.0,2.0,6.0,tree_top,259.114285714,148.0,405.4,1192.0,tree_top
0.1,1,0.5,119,36,56,0.1,16.52,0.5,4.0,737.0,tree_top,23.4714285714,1.0,13.6,737.0,tree_top,0.486486486486,0.0,1.0,2.0,tree_top,49.2424242424,6.0,52.4,737.0,tree_top
0.1,1,0.5,119,36,56,0.1,2.1,0.0,3.0,30.0,tree_top,2.84285714286,1.0,4.0,30.0,tree_top,0.129032258065,0.0,0.0,1.0,tree_top,5.0,3.0,6.4,30.0,tree_top
0.1,1,0.5,119,36,56,0.05,4.41,1.0,6.2,45.0,tree_top,6.04285714286,2.0,9.2,45.0,tree_top,1.29032258065,1.0,2.0,4.0,tree_top,9.82051282051,7.0,16.8,45.0,tree_top
0.1,1,0.5,119,36,56,0.025,2.98,1.0,4.2,19.0,tree_top,4.04285714286,2.0,8.2,19.0,tree_top,1.41379310345,1.0,2.0,5.0,tree_top,5.90243902439,4.0,11.0,19.0,tree_top
0.1,1,0.5,119,36,56,0.01,189.77,2.0,390.6,1391.0,tree_top,189.542857143,1.0,371.6,1391.0,tree_top,0.675675675676,1.0,1.0,2.0,tree_top,401.303030303,351.0,502.4,1391.0,tree_top
0.1,1,0.5,119,36,56,0.008,67.31,1.0,72.4,1585.0,tree_top,95.8285714286,2.0,141.0,1585.0,tree_top,1.0,1.0,2.0,3.0,tree_top,190.657142857,113.0,284.6,1585.0,tree_top
0.1,1,0.5,119,36,56,0.005,17.91,2.0,20.2,323.0,tree_top,25.0428571429,3.0,27.8,323.0,tree_top,1.11428571429,1.0,2.0,4.0,tree_top,48.9714285714,22.0,59.2,323.0,tree_bot
0.1,1,0.5,119,36,56,0.1,0.77,0.0,1.0,6.0,tree_top,1.01428571429,0.5,2.0,6.0,tree_top,0.193548387097,0.0,0.0,1.0,tree_top,1.66666666667,1.0,3.0,6.0,tree_top
0.1,1,0.5,119,36,56,0.05,2.41,1.0,2.0,35.0,tree_top,3.3,1.0,4.2,35.0,tree_top,0.952380952381,1.0,1.0,2.0,tree_top,6.82142857143,4.5,10.6,35.0,tree_top
0.1,1,0.5,119,36,56,0.025,5.63,1.0,7.0,48.0,tree_top,7.52857142857,1.0,10.8,48.0,tree_top,1.0,1.0,1.0,3.0,tree_top,11.6279069767,5.0,22.2,48.0,tree_top
0.1,1,0.5,119,36,56,0.01,9.68,2.0,4.0,230.0,tree_top,13.3714285714,2.0,10.6,230.0,tree_top,1.4358974359,1.0,2.0,4.0,tree_top,28.3870967742,8.0,31.0,230.0,tree_bot
0.1,1,0.5,119,36,56,0.008,250.37,71.0,404.2,1992.0,tree_top,250.0,2.5,431.6,1992.0,tree_top,1.22222222222,1.0,2.0,3.0,tree_top,513.411764706,381.0,776.4,1992.0,tree_top
0.1,1,0.5,119,36,56,0.005,8.73,1.0,6.2,169.0,tree_top,12.1285714286,2.0,8.0,169.0,tree_top,0.944444444444,1.0,2.0,5.0,tree_top,23.9705882353,8.0,26.4,169.0,tree_top
0.1,1,0.5,119,36,56,0.1,7.23,1.0,5.2,111.0,tree_top,10.2285714286,1.0,21.4,111.0,tree_top,0.820512820513,1.0,1.0,2.0,tree_top,22.064516129,19.0,30.0,111.0,tree_top
0.1,1,0.5,119,36,56,0.05,10.45,1.0,7.2,193.0,tree_top,14.6428571429,1.5,18.8,193.0,tree_top,1.05882352941,1.0,2.0,4.0,tree_top,27.4722222222,9.5,46.0,193.0,tree_top
0.1,1,0.5,119,36,56,0.025,42.03,1.0,32.0,514.0,tree_top,59.9142857143,2.0,73.2,514.0,tree_top,0.96875,1.0,2.0,3.0,tree_top,109.552631579,42.5,132.4,514.0,tree_top
0.1,1,0.5,119,36,56,0.1,4.44,1.0,3.0,58.0,tree_top,6.15714285714,1.0,8.0,58.0,tree_top,0.516129032258,1.0,1.0,1.0,tree_top,10.641025641,3.0,17.4,58.0,tree_top
0.1,1,0.5,119,36,56,0.05,8.04,1.0,6.4,83.0,tree_top,11.2571428571,2.0,13.0,83.0,tree_top,1.42424242424,1.0,2.0,4.0,tree_top,20.027027027,9.0,38.0,83.0,tree_top
0.1,1,0.5,119,36,56,0.025,21.17,1.0,9.2,362.0,tree_top,30.0142857143,2.0,29.8,362.0,tree_top,1.30303030303,1.0,2.0,7.0,tree_top,55.6216216216,12.0,106.8,362.0,tree_top
0.1,1,0.5,119,36,56,0.01,59.88,1.0,11.6,1642.0,tree_top,85.2142857143,1.5,92.6,1642.0,tree_top,1.19047619048,1.0,2.0,5.0,tree_top,211.25,96.5,281.0,1642.0,tree_top
0.1,1,0.5,119,36,56,0.008,13.49,1.0,20.2,233.0,tree_top,18.8285714286,2.0,34.0,233.0,tree_top,1.11428571429,1.0,2.0,4.0,tree_top,36.5428571429,25.0,47.0,233.0,tree_top
0.1,1,0.5,119,36,56,0.005,122.58,1.0,115.0,2059.0,tree_top,174.428571429,3.0,237.4,2059.0,tree_top,0.972972972973,1.0,1.0,3.0,tree_top,368.909090909,202.0,648.4,2059.0,tree_top
0.1,1,0.5,119,36,56,0.001,92.23,1.0,56.6,1691.0,tree_top,131.557142857,3.0,179.0,1691.0,tree_top,1.6,1.0,2.0,7.0,tree_top,261.514285714,109.0,442.6,1691.0,tree_top
0.1,1,0.5,119,36,56,0.1,3.6,1.0,2.0,67.0,tree_top,4.97142857143,1.0,4.2,67.0,tree_top,0.891891891892,1.0,1.0,3.0,tree_top,9.54545454545,2.0,14.2,67.0,tree_top
0.1,1,0.5,119,36,56,0.05,5.7,1.0,5.2,93.0,tree_top,7.71428571429,1.0,8.0,93.0,tree_top,0.658536585366,1.0,1.0,3.0,tree_top,17.6896551724,8.0,24.8,93.0,tree_top
0.1,1,0.5,119,36,56,0.025,79.93,1.5,126.8,931.0,tree_top,113.842857143,3.0,216.6,931.0,tree_top,1.0,1.0,2.0,3.0,tree_top,220.416666667,143.5,337.0,931.0,tree_top
0.1,1,0.5,119,36,56,0.01,23.71,1.0,42.2,227.0,tree_top,33.5857142857,3.5,64.0,227.0,tree_top,0.612903225806,0.0,1.0,3.0,tree_top,59.7948717949,43.0,103.4,227.0,tree_top
0.1,1,0.5,119,36,56,0.008,117.03,2.0,167.2,1324.0,tree_top,166.671428571,5.0,279.4,1324.0,tree_top,1.5,1.0,2.0,6.0,tree_top,322.666666667,190.5,505.0,1324.0,tree_top
0.1,1,0.5,119,36,56,0.005,42.36,1.0,7.0,1051.0,tree_top,60.0857142857,2.0,27.2,1051.0,tree_top,1.22222222222,1.0,2.0,7.0,tree_top,166.04,47.0,203.2,1051.0,tree_top
0.1,1,0.5,119,36,56,0.001,33.71,1.0,22.2,588.0,tree_top,47.6571428571,2.0,78.0,588.0,tree_top,1.38461538462,1.0,2.0,6.0,tree_top,105.870967742,36.0,153.0,588.0,tree_bot
0.1,1,0.5,119,36,56,0.1,1.84,1.0,3.0,15.0,tree_top,2.51428571429,1.0,4.2,15.0,tree_top,0.454545454545,0.0,1.0,3.0,tree_top,4.35135135135,3.0,6.8,15.0,tree_top
0.1,1,0.5,119,36,56,0.05,5.57,1.0,3.0,82.0,tree_top,7.77142857143,1.5,6.4,82.0,tree_top,1.31428571429,1.0,2.0,3.0,tree_top,14.2285714286,3.0,22.0,82.0,tree_top
0.1,1,0.5,119,36,56,0.025,63.69,1.0,9.2,1133.0,tree_top,90.6285714286,2.5,37.4,1133.0,tree_top,1.54285714286,1.0,3.0,8.0,tree_top,179.714285714,18.0,452.8,1133.0,tree_top
0.1,1,0.5,119,36,56,0.01,31.44,1.0,8.0,541.0,tree_top,44.6714285714,2.0,36.4,541.0,tree_top,1.28205128205,1.0,2.0,4.0,tree_top,99.2580645161,25.0,222.0,541.0,tree_top
0.1,1,0.5,119,36,56,0.008,6.43,1.0,6.0,84.0,tree_top,9.0,2.0,16.4,84.0,tree_top,1.28947368421,1.0,1.6,5.0,tree_top,18.15625,12.0,29.0,84.0,tree_top
0.1,1,0.5,119,36,56,0.005,82.74,2.0,29.2,1454.0,tree_top,117.842857143,2.5,144.0,1454.0,tree_top,1.61538461538,1.0,2.0,5.0,tree_top,264.064516129,106.0,502.0,1454.0,tree_top
0.1,1,0.5,119,36,56,0.001,16.32,1.0,4.2,744.0,tree_top,22.8571428571,2.0,7.0,744.0,tree_top,1.7,1.0,2.0,8.0,tree_top,51.0666666667,5.5,41.8,744.0,tree_top
0.1,1,0.5,119,36,56,0.1,0.72,0.0,1.0,5.0,tree_top,0.957142857143,1.0,2.0,5.0,tree_top,0.333333333333,0.0,1.0,1.0,tree_top,1.61764705882,1.0,3.0,5.0,tree_top
0.1,1,0.5,119,36,56,0.05,18.11,1.0,9.2,237.0,tree_top,25.6428571429,2.0,47.2,237.0,tree_top,1.65909090909,1.5,2.4,4.0,tree_top,66.2307692308,48.0,132.0,237.0,tree_top
0.1,1,0.5,119,36,56,0.025,77.88,1.0,54.2,1035.0,tree_top,110.957142857,2.0,121.4,1035.0,tree_top,1.21951219512,1.0,2.0,4.0,tree_top,266.103448276,110.0,516.4,1035.0,tree_top
0.1,1,0.5,119,36,56,0.01,103.84,1.5,147.6,933.0,tree_top,148.042857143,3.0,288.0,933.0,tree_top,1.27586206897,1.0,2.4,3.0,tree_top,251.853658537,147.0,488.0,933.0,tree_top
0.1,1,0.5,119,36,56,0.008,14.78,2.0,12.2,224.0,tree_top,20.7571428571,3.0,20.8,224.0,tree_top,1.52631578947,1.0,2.0,4.0,tree_top,43.59375,17.5,89.2,224.0,tree_bot
0.1,1,0.5,119,36,56,0.005,32.44,1.0,5.6,1046.0,tree_top,46.0142857143,1.0,20.4,1046.0,tree_top,0.972222222222,1.0,1.0,2.0,tree_top,93.7058823529,15.5,85.4,1046.0,tree_bot
0.1,1,0.5,119,36,56,0.001,81.59,1.0,65.4,1127.0,tree_top,116.057142857,2.0,170.0,1127.0,tree_top,0.9375,1.0,1.0,3.0,tree_top,213.0,89.5,343.4,1127.0,tree_top
0.1,1,0.5,119,36,56,0.1,1.24,0.0,1.2,21.0,tree_top,1.62857142857,0.5,2.0,21.0,tree_top,0.361111111111,0.0,1.0,2.0,tree_top,2.97058823529,1.5,3.4,21.0,tree_top
0.1,1,0.5,119,36,56,0.05,14.22,1.0,3.0,408.0,tree_top,20.2285714286,1.0,6.4,408.0,tree_top,1.08333333333,1.0,2.0,3.0,tree_top,40.5,3.5,55.8,408.0,tree_bot
0.1,1,0.5,119,36,56,0.025,14.58,2.0,16.4,124.0,tree_top,20.4,4.0,34.4,124.0,tree_top,1.66666666667,1.0,2.2,5.0,tree_top,34.45,17.0,56.6,124.0,tree_bot
0.1,1,0.5,119,36,56,0.01,78.64,1.5,139.8,866.0,tree_top,112.057142857,4.0,255.0,866.0,tree_top,1.625,1.0,2.8,9.0,tree_top,205.052631579,168.5,371.0,866.0,tree_bot
0.1,1,0.5,119,36,56,0.008,71.66,2.0,102.4,1184.0,tree_top,102.014285714,8.5,131.4,1184.0,tree_top,1.59375,1.0,2.0,6.0,tree_top,186.578947368,105.0,298.8,1184.0,tree_top
0.1,1,0.5,119,36,56,0.005,48.55,1.0,6.2,1102.0,tree_top,68.9,2.0,45.2,1102.0,tree_top,1.40425531915,1.0,2.0,6.0,tree_top,206.826086957,72.0,328.8,1102.0,tree_top
0.1,1,0.5,119,36,56,0.001,97.45,2.0,195.8,920.0,tree_top,138.385714286,4.0,267.6,920.0,tree_top,1.36111111111,1.0,2.0,4.0,tree_top,283.470588235,207.0,462.0,920.0,tree_top
0.1,1,0.5,119,36,56,0.1,5.33,1.0,5.2,93.0,tree_top,7.25714285714,1.0,13.2,93.0,tree_top,0.564102564103,0.0,1.0,2.0,tree_top,15.6774193548,9.0,26.0,93.0,tree_top
0.1,1,0.5,119,36,56,0.05,17.58,1.0,21.4,375.0,tree_top,24.9428571429,6.0,35.8,375.0,tree_top,0.714285714286,1.0,1.0,3.0,tree_top,41.0952380952,20.5,53.6,375.0,tree_top
0.1,1,0.5,119,36,56,0.025,3.46,1.0,5.2,27.0,tree_top,4.71428571429,2.0,7.2,27.0,tree_top,1.45454545455,1.0,2.0,4.0,tree_top,7.62162162162,6.0,11.0,27.0,tree_top
0.1,1,0.5,119,36,56,0.01,94.66,2.0,149.4,860.0,tree_top,134.914285714,14.5,181.6,860.0,tree_top,1.34375,1.0,2.0,4.0,tree_top,247.394736842,157.0,522.8,860.0,tree_top
0.1,1,0.5,119,36,56,0.008,71.18,2.0,89.2,936.0,tree_top,100.628571429,4.0,217.0,936.0,tree_top,1.5,1.0,2.0,4.0,tree_top,184.105263158,103.0,295.2,936.0,tree_top
0.1,1,0.5,119,36,56,0.005,81.14,2.0,104.0,914.0,tree_top,115.457142857,13.0,153.6,914.0,tree_top,1.25925925926,1.0,2.0,2.0,tree_top,187.162790698,98.0,322.4,914.0,tree_bot
0.1,1,0.5,119,36,56,0.001,106.17,1.5,96.2,1729.0,tree_top,151.185714286,3.0,197.8,1729.0,tree_top,1.41176470588,1.0,2.0,5.0,tree_top,292.638888889,127.5,490.0,1729.0,tree_top
0.1,1,0.5,119,36,56,0.1,3.25,1.0,3.0,68.0,tree_top,4.55714285714,1.0,5.2,68.0,tree_top,0.685714285714,1.0,1.0,5.0,tree_top,8.42857142857,4.0,12.4,68.0,tree_top
0.1,1,0.5,119,36,56,0.05,1.73,1.0,2.0,16.0,tree_top,2.31428571429,1.0,3.0,16.0,tree_top,1.25806451613,1.0,2.0,6.0,tree_top,3.15384615385,1.0,5.8,16.0,tree_top
0.1,1,0.5,119,36,56,0.025,89.57,1.0,75.4,1624.0,tree_top,127.757142857,3.0,169.6,1624.0,tree_top,1.24137931034,1.0,1.4,5.0,tree_top,217.243902439,75.0,424.0,1624.0,tree_top
0.1,1,0.5,119,36,56,0.01,83.6,1.0,21.8,1371.0,tree_top,118.957142857,2.0,132.0,1371.0,tree_top,1.26470588235,1.0,2.0,3.0,tree_top,230.111111111,67.0,480.0,1371.0,tree_top
0.1,1,0.5,119,36,56,0.008,116.7,2.0,153.2,1829.0,tree_top,166.271428571,21.0,244.6,1829.0,tree_top,1.65517241379,1.0,2.0,9.0,tree_top,282.707317073,149.0,371.0,1829.0,tree_top
0.1,1,0.5,119,36,56,0.005,105.29,1.0,89.6,1523.0,tree_top,149.6,2.5,214.0,1523.0,tree_top,1.125,1.0,2.0,4.0,tree_top,347.566666667,194.5,554.0,1523.0,tree_bot
0.1,1,0.5,119,36,56,0.001,142.26,2.0,147.4,1466.0,tree_top,202.814285714,6.5,408.2,1466.0,tree_top,1.48148148148,1.0,2.0,5.0,tree_top,329.23255814,131.0,640.6,1466.0,tree_top
0.1,1,0.5,119,36,56,0.1,93.6,1.0,48.8,1740.0,tree_top,133.642857143,1.0,146.0,1740.0,tree_top,0.285714285714,0.0,1.0,1.0,tree_top,222.547619048,42.0,484.6,1740.0,tree_top
0.1,1,0.5,119,36,56,0.05,27.73,1.0,4.0,599.0,tree_top,39.3857142857,2.0,21.0,599.0,tree_top,1.36585365854,1.0,2.0,5.0,tree_top,93.1379310345,19.0,126.2,599.0,tree_top
0.1,1,0.5,119,36,56,0.025,34.08,1.0,4.0,1393.0,tree_top,48.4571428571,2.0,13.4,1393.0,tree_top,1.87878787879,2.0,3.0,5.0,tree_top,90.0,3.0,95.8,1393.0,tree_top
0.1,1,0.5,119,36,56,0.01,66.17,1.0,25.2,1150.0,tree_top,94.2142857143,1.0,109.0,1150.0,tree_top,1.07317073171,1.0,1.0,5.0,tree_top,225.896551724,98.0,339.4,1150.0,tree_top
0.1,1,0.5,119,36,56,0.008,96.48,2.0,146.2,1111.0,tree_top,137.457142857,17.5,219.2,1111.0,tree_top,1.1935483871,1.0,2.0,3.0,tree_top,245.769230769,147.0,378.8,1111.0,tree_top
0.1,1,0.5,119,36,56,0.005,91.64,2.0,128.2,2017.0,tree_top,130.4,4.0,219.4,2017.0,tree_top,1.25,1.0,2.0,4.0,tree_top,239.157894737,145.0,278.8,2017.0,tree_top
0.1,1,0.5,119,36,56,0.001,103.92,1.0,21.0,1180.0,tree_top,148.085714286,2.0,208.2,1180.0,tree_top,1.51428571429,1.0,2.0,5.0,tree_top,294.657142857,42.0,638.2,1180.0,tree_top
0.1,1,0.5,119,36,56,0.1,36.48,1.0,11.6,676.0,tree_top,51.8571428571,1.0,66.8,676.0,tree_top,1.0,1.0,1.0,3.0,tree_top,112.25,50.0,174.4,676.0,tree_top
0.1,1,0.5,119,36,56,0.05,59.96,1.0,56.2,912.0,tree_top,85.4428571429,1.0,145.4,912.0,tree_top,0.485714285714,0.0,1.0,1.0,tree_top,170.4,81.0,298.2,912.0,tree_top
0.1,1,0.5,119,36,56,0.025,29.24,1.0,24.8,371.0,tree_top,41.3714285714,2.0,82.0,371.0,tree_top,1.28947368421,1.0,2.0,4.0,tree_top,88.96875,76.5,171.0,371.0,tree_top
0.1,1,0.5,119,36,56,0.01,78.44,2.0,7.0,2137.0,tree_top,111.571428571,2.0,46.0,2137.0,tree_top,1.57142857143,1.5,3.0,4.0,tree_top,276.571428571,47.5,491.2,2137.0,tree_top
0.1,1,0.5,119,36,56,0.008,62.7,1.0,18.0,1978.0,tree_top,89.2714285714,2.5,50.2,1978.0,tree_top,1.51612903226,1.0,2.0,5.0,tree_top,159.025641026,18.0,95.6,1978.0,tree_bot
0.1,1,0.5,119,36,56,0.005,217.9,4.5,431.6,1573.0,tree_top,215.942857143,3.0,442.4,1573.0,tree_top,1.16666666667,1.0,2.0,4.0,tree_top,443.352941176,350.5,719.0,1573.0,tree_top
0.1,1,0.5,119,36,56,0.001,74.94,2.0,56.6,1003.0,tree_top,106.528571429,2.0,114.4,1003.0,tree_top,1.06060606061,1.0,2.0,3.0,tree_top,200.594594595,61.0,294.0,1003.0,tree_top
0.1,1,0.5,119,36,56,0.1,1.93,0.0,3.0,32.0,tree_top,2.6,1.0,4.0,32.0,tree_top,0.121212121212,0.0,0.0,1.0,tree_top,4.81081081081,3.0,8.6,32.0,tree_top
0.1,1,0.5,119,36,56,0.05,42.95,7.5,75.2,307.0,tree_top,50.6571428571,14.5,89.6,307.0,tree_top,2.27586206897,2.0,3.0,9.0,tree_top,84.8780487805,73.0,123.0,307.0,tree_top
0.1,1,0.5,119,36,56,0.025,58.31,2.5,96.8,734.0,tree_top,82.4428571429,17.5,137.4,734.0,tree_top,1.46666666667,1.0,2.0,4.0,tree_top,143.175,98.0,204.2,734.0,tree_top
0.1,1,0.5,119,36,56,0.01,15.75,1.0,3.0,354.0,tree_top,22.1142857143,2.0,13.0,354.0,tree_top,1.375,1.0,2.0,3.0,tree_top,49.7666666667,10.5,84.0,354.0,tree_bot
0.1,1,0.5,119,36,56,0.008,21.07,1.0,10.8,254.0,tree_top,29.7142857143,2.0,29.0,254.0,tree_top,1.26829268293,1.0,2.0,3.0,tree_top,69.9310344828,28.0,152.2,254.0,tree_bot
0.1,1,0.5,119,36,56,0.005,73.61,1.0,58.6,1034.0,tree_top,104.814285714,2.5,138.8,1034.0,tree_top,1.4,1.0,2.0,6.0,tree_top,208.228571429,84.0,410.4,1034.0,tree_top
0.1,1,0.5,119,36,56,0.001,39.54,1.0,45.2,508.0,tree_top,56.1571428571,3.0,78.2,508.0,tree_top,1.78048780488,1.0,3.0,8.0,tree_top,133.034482759,73.0,235.0,508.0,tree_top
0.1,1,0.5,119,36,56,0.1,2.54,1.0,2.0,47.0,tree_top,3.48571428571,1.0,4.0,47.0,tree_top,1.0,1.0,1.0,4.0,tree_top,6.11764705882,2.0,10.4,47.0,tree_top
0.1,1,0.5,119,36,56,0.05,5.24,1.0,6.2,79.0,tree_top,7.12857142857,1.5,10.0,79.0,tree_top,0.939393939394,1.0,1.0,3.0,tree_top,12.6486486486,8.0,16.6,79.0,tree_top
0.1,1,0.5,119,36,56,0.025,93.0,1.0,111.0,942.0,tree_top,132.5,3.0,316.4,942.0,tree_top,1.11111111111,1.0,1.0,4.0,tree_top,271.617647059,209.5,457.2,942.0,tree_top
0.1,1,0.5,119,36,56,0.01,19.31,1.0,8.4,372.0,tree_top,27.0428571429,2.0,32.2,372.0,tree_top,1.19047619048,1.0,2.0,5.0,tree_top,65.8214285714,32.5,123.6,372.0,tree_top
0.1,1,0.5,119,36,56,0.008,118.11,2.0,199.4,1152.0,tree_top,152.057142857,3.0,269.6,1152.0,tree_top,1.58974358974,1.0,2.0,5.0,tree_top,341.35483871,263.0,530.0,1152.0,tree_top
0.1,1,0.5,119,36,56,0.005,8.88,1.0,6.8,124.0,tree_top,12.4714285714,2.0,14.2,124.0,tree_top,1.31707317073,1.0,2.0,4.0,tree_top,28.2413793103,14.0,49.0,124.0,tree_bot
0.1,1,0.5,119,36,56,0.001,60.67,2.0,43.4,1057.0,tree_top,86.2571428571,2.0,126.8,1057.0,tree_top,1.32432432432,1.0,2.0,4.0,tree_top,181.484848485,93.0,334.6,1057.0,tree_top
0.1,1,0.5,119,36,56,0.1,7.97,1.0,10.2,91.0,tree_top,11.2571428571,1.0,16.0,91.0,tree_top,0.111111111111,0.0,0.0,1.0,tree_top,18.2558139535,8.0,27.6,91.0,tree_top
0.1,1,0.5,119,36,56,0.05,128.24,1.5,70.0,2413.0,tree_top,182.842857143,3.0,205.6,2413.0,tree_top,1.85294117647,1.0,3.0,8.0,tree_top,353.777777778,161.5,643.0,2413.0,tree_top
0.1,1,0.5,119,36,56,0.025,4.31,1.0,3.0,73.0,tree_top,5.88571428571,1.0,5.0,73.0,tree_top,1.16279069767,1.0,2.0,3.0,tree_top,13.4074074074,5.0,23.6,73.0,tree_top
0.1,1,0.5,119,36,56,0.01,71.74,1.0,104.0,1149.0,tree_top,102.257142857,2.0,156.4,1149.0,tree_top,1.22857142857,1.0,2.0,6.0,tree_top,203.285714286,120.0,340.2,1149.0,tree_top
0.1,1,0.5,119,36,56,0.008,25.12,1.5,12.2,348.0,tree_top,35.5571428571,2.0,37.6,348.0,tree_top,1.73170731707,1.0,3.0,5.0,tree_top,83.3793103448,37.0,194.6,348.0,tree_top
0.1,1,0.5,119,36,56,0.005,75.25,2.0,97.6,824.0,tree_top,107.157142857,4.0,153.8,824.0,tree_top,2.10810810811,2.0,3.8,5.0,tree_top,224.939393939,149.0,310.4,824.0,tree_top
0.1,1,0.5,119,36,56,0.001,113.32,1.5,158.4,2903.0,tree_top,161.6,3.5,251.8,2903.0,tree_top,1.03571428571,1.0,2.0,3.0,tree_top,268.642857143,151.0,375.4,2903.0,tree_top
0.1,1,0.5,119,36,56,0.1,6.33,1.0,7.2,101.0,tree_top,8.88571428571,2.0,12.6,101.0,tree_top,0.909090909091,1.0,1.0,3.0,tree_top,16.0,10.0,29.8,101.0,tree_top
0.1,1,0.5,119,36,56,0.05,7.61,1.0,3.0,282.0,tree_top,10.7142857143,2.0,5.0,282.0,tree_top,1.37142857143,1.0,2.0,5.0,tree_top,20.0571428571,3.0,15.4,282.0,tree_top
0.1,1,0.5,119,36,56,0.025,53.49,2.0,33.4,894.0,tree_top,76.1285714286,4.0,112.4,894.0,tree_top,1.76666666667,1.0,2.0,9.0,tree_top,131.9,37.0,198.0,894.0,tree_top
0.1,1,0.5,119,36,56,0.01,21.63,2.0,24.6,310.0,tree_top,30.3857142857,3.0,50.2,310.0,tree_top,1.85714285714,2.0,3.0,5.0,tree_top,58.9142857143,28.0,91.8,310.0,tree_top
0.1,1,0.5,119,36,56,0.008,27.86,1.0,13.8,750.0,tree_top,39.5142857143,2.0,28.8,750.0,tree_top,1.40476190476,1.0,2.0,5.0,tree_top,96.6785714286,31.5,120.0,750.0,tree_bot
0.1,1,0.5,119,36,56,0.005,97.27,2.0,120.0,1166.0,tree_top,138.6,4.0,171.0,1166.0,tree_top,1.3,1.0,2.0,4.0,tree_top,241.575,123.0,483.6,1166.0,tree_top
0.1,1,0.5,119,36,56,0.001,69.07,1.0,36.6,1064.0,tree_top,98.2857142857,2.0,106.8,1064.0,tree_top,1.35294117647,1.0,2.0,4.0,tree_top,189.833333333,42.0,366.0,1064.0,tree_bot
0.1,1,0.5,119,36,56,0.1,1.79,0.0,1.0,52.0,tree_top,2.47142857143,1.0,2.0,52.0,tree_top,0.466666666667,0.0,1.0,2.0,tree_top,3.975,1.0,3.2,52.0,tree_top
0.1,1,0.5,119,36,56,0.05,34.42,1.0,35.2,743.0,tree_top,48.9714285714,2.5,55.0,743.0,tree_top,1.62857142857,1.0,2.2,3.0,tree_top,96.3142857143,50.0,166.4,743.0,tree_top
0.1,1,0.5,119,36,56,0.025,3.74,1.0,3.0,83.0,tree_top,5.04285714286,1.5,4.0,83.0,tree_top,1.14634146341,1.0,2.0,4.0,tree_top,10.5517241379,4.0,19.4,83.0,tree_top
0.1,1,0.5,119,36,56,0.01,34.01,1.0,33.2,606.0,tree_top,48.3714285714,3.0,66.2,606.0,tree_top,1.0,1.0,1.0,3.0,tree_top,83.9,35.0,138.0,606.0,tree_top
0.1,1,0.5,119,36,56,0.008,92.98,2.0,44.6,1234.0,tree_top,132.257142857,3.0,158.6,1234.0,tree_top,1.375,1.0,2.0,5.0,tree_top,242.473684211,58.5,533.0,1234.0,tree_top
0.1,1,0.5,119,36,56,0.005,42.55,1.5,30.6,730.0,tree_top,60.4,3.5,82.0,730.0,tree_top,1.66666666667,1.0,3.0,7.0,tree_top,122.588235294,70.5,197.2,730.0,tree_top
0.1,1,0.5,119,36,56,0.001,67.74,2.0,37.2,1232.0,tree_top,96.4714285714,4.5,152.6,1232.0,tree_top,2.16666666667,2.0,3.0,9.0,tree_top,196.323529412,62.5,335.4,1232.0,tree_bot
0.1,1,0.5,119,36,56,0.1,6.14,1.0,2.0,105.0,tree_top,8.62857142857,1.0,4.2,105.0,tree_top,0.864864864865,1.0,1.0,2.0,tree_top,17.3333333333,3.0,39.8,105.0,tree_top
0.1,1,0.5,119,36,56,0.05,96.47,1.0,64.2,1494.0,tree_top,137.585714286,2.0,169.8,1494.0,tree_top,1.09090909091,1.0,2.0,3.0,tree_top,259.324324324,97.0,513.8,1494.0,tree_top
0.1,1,0.5,119,36,56,0.025,23.87,1.0,6.8,695.0,tree_top,33.8285714286,1.0,36.4,695.0,tree_top,0.972972972973,1.0,1.8,3.0,tree_top,70.6666666667,19.0,121.6,695.0,tree_bot
0.1,1,0.5,119,36,56,0.01,33.28,2.0,37.6,545.0,tree_top,47.1571428571,4.0,64.0,545.0,tree_top,1.97297297297,2.0,2.8,8.0,tree_top,97.8181818182,48.0,156.2,545.0,tree_top
0.1,1,0.5,119,36,56,0.008,64.05,1.0,5.2,1568.0,tree_top,90.9142857143,2.0,78.6,1568.0,tree_top,1.33333333333,1.0,2.0,5.0,tree_top,225.285714286,96.0,296.0,1568.0,tree_top
0.1,1,0.5,119,36,56,0.005,18.59,1.0,4.0,534.0,tree_top,26.3,1.0,17.0,534.0,tree_top,1.15384615385,1.0,2.0,4.0,tree_top,57.935483871,13.0,76.0,534.0,tree_top
0.1,1,0.5,119,36,56,0.001,83.35,1.0,77.6,940.0,tree_top,118.7,2.0,227.2,940.0,tree_top,1.04761904762,1.0,2.0,5.0,tree_top,295.178571429,242.5,540.2,940.0,tree_top
0.1,1,0.5,119,36,56,0.1,2.71,1.0,4.0,55.0,tree_top,3.77142857143,1.0,4.2,55.0,tree_top,0.529411764706,0.0,1.0,2.0,tree_top,6.83333333333,4.0,11.0,55.0,tree_top
0.1,1,0.5,119,36,56,0.05,43.68,3.0,83.4,562.0,tree_top,53.6571428571,8.0,96.0,562.0,tree_top,1.15151515152,1.0,2.0,4.0,tree_top,100.486486486,80.0,140.8,562.0,tree_top
0.1,1,0.5,119,36,56,0.025,29.34,1.0,5.0,658.0,tree_top,41.7714285714,1.5,54.2,658.0,tree_top,1.08823529412,1.0,2.0,3.0,tree_top,80.1944444444,13.5,136.0,658.0,tree_top
0.1,1,0.5,119,36,56,0.01,42.87,3.0,61.8,759.0,tree_top,40.9142857143,11.0,62.2,308.0,tree_top,0.967741935484,1.0,2.0,3.0,tree_top,72.6666666667,44.0,106.6,308.0,tree_top
0.1,1,0.5,119,36,56,0.008,140.39,2.0,152.6,3543.0,tree_top,200.028571429,4.0,237.0,3543.0,tree_top,1.58064516129,1.0,2.0,4.0,tree_top,357.769230769,155.0,505.6,3543.0,tree_top
0.1,1,0.5,119,36,56,0.005,185.47,9.5,317.4,1599.0,tree_top,189.742857143,4.0,291.4,1599.0,tree_top,1.41666666667,1.0,2.0,10.0,tree_top,389.147058824,216.5,589.4,1599.0,tree_top
0.1,1,0.5,119,36,56,0.001,81.5,2.5,125.0,1550.0,tree_top,116.014285714,9.0,230.8,1550.0,tree_top,1.8275862069,1.0,3.0,6.0,tree_top,196.780487805,122.0,310.0,1550.0,tree_top
0.1,1,0.5,119,36,56,0.1,2.11,1.0,1.0,40.0,tree_top,2.84285714286,1.0,1.0,40.0,tree_top,0.971428571429,1.0,1.0,2.0,tree_top,4.71428571429,0.0,2.0,40.0,tree_top
0.1,1,0.5,119,36,56,0.05,3.25,1.0,2.0,48.0,tree_top,4.45714285714,1.0,4.2,48.0,tree_top,0.941176470588,1.0,1.0,4.0,tree_top,7.77777777778,2.5,14.0,48.0,tree_top
0.1,1,0.5,119,36,56,0.025,106.5,1.0,124.2,951.0,tree_top,151.7,4.5,340.4,951.0,tree_top,1.22857142857,1.0,1.0,7.0,tree_top,302.171428571,211.0,528.2,951.0,tree_bot
0.1,1,0.5,119,36,56,0.01,76.57,1.0,23.2,982.0,tree_top,109.028571429,2.0,125.4,982.0,tree_top,1.36585365854,1.0,2.0,5.0,tree_top,261.24137931,125.0,533.2,982.0,tree_top
0.1,1,0.5,119,36,56,0.008,49.6,2.0,28.0,1081.0,tree_top,70.5,2.5,88.0,1081.0,tree_top,1.59459459459,1.0,2.0,7.0,tree_top,147.757575758,79.0,243.4,1081.0,tree_top
0.1,1,0.5,119,36,56,0.005,56.02,1.0,26.0,1423.0,tree_top,79.6571428571,2.0,68.6,1423.0,tree_top,1.64864864865,1.0,2.8,5.0,tree_top,167.121212121,56.0,200.4,1423.0,tree_top
0.1,1,0.5,119,36,56,0.001,26.75,1.0,13.0,455.0,tree_top,37.8857142857,3.5,23.4,455.0,tree_top,2.11428571429,1.0,4.0,9.0,tree_top,73.6571428571,15.0,79.6,455.0,tree_bot
0.1,1,0.5,119,36,56,0.1,4.09,1.0,3.0,61.0,tree_top,5.68571428571,1.0,6.4,61.0,tree_top,0.384615384615,0.0,1.0,1.0,tree_top,12.3548387097,4.0,28.0,61.0,tree_bot
0.1,1,0.5,119,36,56,0.05,53.15,1.0,38.0,819.0,tree_top,75.6142857143,2.0,91.6,819.0,tree_top,1.30769230769,1.0,2.0,3.0,tree_top,169.096774194,82.0,287.0,819.0,tree_top
0.1,1,0.5,119,36,56,0.025,81.56,1.0,136.6,925.0,tree_top,116.228571429,2.5,191.2,925.0,tree_top,1.17647058824,1.0,1.4,3.0,tree_top,224.888888889,164.5,342.0,925.0,tree_top
0.1,1,0.5,119,36,56,0.01,130.98,2.0,213.0,2047.0,tree_top,186.685714286,4.0,375.8,2047.0,tree_top,1.63636363636,1.0,2.0,6.0,tree_top,351.72972973,230.0,459.0,2047.0,tree_top
0.1,1,0.5,119,36,56,0.008,29.08,1.0,27.0,414.0,tree_top,41.2428571429,2.0,69.0,414.0,tree_top,0.8125,1.0,1.8,3.0,tree_top,75.2894736842,28.0,139.0,414.0,tree_bot
0.1,1,0.5,119,36,56,0.005,22.07,1.0,24.0,230.0,tree_top,31.1428571429,2.0,53.6,230.0,tree_top,1.47058823529,1.0,2.0,5.0,tree_top,59.1666666667,32.0,102.0,230.0,tree_top
0.1,1,0.5,119,36,56,0.001,112.4,2.0,190.0,961.0,tree_top,160.271428571,6.5,319.8,961.0,tree_top,1.24242424242,1.0,2.0,3.0,tree_top,302.108108108,233.0,502.2,961.0,tree_top
0.1,1,0.5,119,36,56,0.1,1.43,1.0,2.0,20.0,tree_top,1.88571428571,1.0,3.0,20.0,tree_top,0.909090909091,1.0,1.0,5.0,tree_top,2.75675675676,1.0,3.8,20.0,tree_top
0.1,1,0.5,119,36,56,0.05,80.45,1.0,23.4,1167.0,tree_top,114.685714286,1.0,89.8,1167.0,tree_top,1.02564102564,1.0,1.0,3.0,tree_top,257.677419355,87.0,495.0,1167.0,tree_top
0.1,1,0.5,119,36,56,0.025,86.03,2.0,158.0,828.0,tree_top,122.628571429,4.0,231.6,828.0,tree_top,1.3,1.0,2.2,4.0,tree_top,213.625,165.5,406.4,828.0,tree_top
0.1,1,0.5,119,36,56,0.01,214.51,3.0,371.2,2011.0,tree_top,181.3,2.0,315.8,1747.0,tree_top,1.09756097561,1.0,2.0,8.0,tree_top,436.068965517,302.0,688.2,1747.0,tree_top
0.1,1,0.5,119,36,56,0.008,75.22,1.0,6.8,1836.0,tree_top,107.2,2.5,45.0,1836.0,tree_top,1.425,1.0,3.0,4.0,tree_top,248.233333333,37.0,372.2,1836.0,tree_top
0.1,1,0.5,119,36,56,0.005,113.02,7.5,184.8,2102.0,tree_top,80.2285714286,4.5,174.4,558.0,tree_top,1.86486486486,1.0,3.0,7.0,tree_top,168.090909091,147.0,281.4,558.0,tree_top
0.1,1,0.5,119,36,56,0.001,188.65,4.5,369.4,1611.0,tree_top,187.957142857,36.0,369.4,922.0,tree_top,2.03225806452,2.0,3.0,4.0,tree_top,335.743589744,282.0,535.6,922.0,tree_top
0.1,1,0.5,119,36,56,0.1,15.28,1.0,14.6,214.0,tree_top,21.7142857143,1.0,34.4,214.0,tree_top,0.375,0.0,1.0,1.0,tree_top,39.6842105263,18.0,61.4,214.0,tree_bot
0.1,1,0.5,119,36,56,0.05,4.08,1.0,3.0,50.0,tree_top,5.64285714286,2.0,7.0,50.0,tree_top,1.1935483871,1.0,2.0,3.0,tree_top,9.17948717949,3.0,16.4,50.0,tree_top
0.1,1,0.5,119,36,56,0.025,105.53,2.0,120.2,1290.0,tree_top,150.357142857,11.5,188.8,1290.0,tree_top,1.58620689655,1.0,3.0,5.0,tree_top,255.585365854,119.0,558.0,1290.0,tree_top
0.1,1,0.5,119,36,56,0.01,80.05,1.5,53.2,1144.0,tree_top,114.085714286,2.0,143.6,1144.0,tree_top,1.64102564103,1.0,2.0,7.0,tree_top,255.548387097,117.0,528.0,1144.0,tree_top
0.1,1,0.5,119,36,56,0.008,93.67,1.0,138.2,1003.0,tree_top,133.457142857,4.5,186.8,1003.0,tree_top,1.375,1.0,2.8,5.0,tree_top,244.684210526,148.5,442.6,1003.0,tree_bot
0.1,1,0.5,119,36,56,0.005,106.96,2.0,81.0,1412.0,tree_top,152.371428571,2.0,235.0,1412.0,tree_top,1.60526315789,1.0,2.0,8.0,tree_top,331.40625,186.0,622.8,1412.0,tree_top
0.1,1,0.5,119,36,56,0.001,90.49,1.5,10.2,1993.0,tree_top,128.942857143,3.0,35.4,1993.0,tree_top,1.87179487179,1.0,3.4,6.0,tree_top,288.806451613,30.0,460.0,1993.0,tree_top
0.1,1,0.5,119,36,56,0.1,1.77,0.0,3.2,20.0,tree_top,2.31428571429,0.0,4.0,20.0,tree_top,0.129032258065,0.0,0.0,1.0,tree_top,4.05128205128,3.0,7.0,20.0,tree_top
0.1,1,0.5,119,36,56,0.05,5.63,1.0,4.2,108.0,tree_top,7.84285714286,1.0,8.4,108.0,tree_top,1.0,1.0,1.0,3.0,tree_top,16.9666666667,7.5,19.0,108.0,tree_top
0.1,1,0.5,119,36,56,0.025,32.57,1.0,10.0,941.0,tree_top,46.0,1.5,40.2,941.0,tree_top,1.07894736842,1.0,2.0,5.0,tree_top,99.34375,25.5,153.2,941.0,tree_top
0.1,1,0.5,119,36,56,0.01,85.33,1.0,130.8,1031.0,tree_top,121.628571429,3.0,212.6,1031.0,tree_top,1.2,1.0,2.0,4.0,tree_top,242.057142857,156.0,410.0,1031.0,tree_top
0.1,1,0.5,119,36,56,0.008,33.46,1.0,5.2,779.0,tree_top,47.4,2.0,34.4,779.0,tree_top,1.48837209302,1.0,2.0,6.0,tree_top,120.518518519,36.0,217.8,779.0,tree_top
0.1,1,0.5,119,36,56,0.005,80.92,1.5,80.2,1377.0,tree_top,115.342857143,3.0,150.6,1377.0,tree_top,1.74358974359,1.0,3.0,6.0,tree_top,258.258064516,130.0,422.0,1377.0,tree_top
0.1,1,0.5,119,36,56,0.001,59.97,2.0,88.0,849.0,tree_top,85.3714285714,4.0,146.0,849.0,tree_top,1.81818181818,1.0,3.0,6.0,tree_top,159.891891892,93.0,272.0,849.0,tree_top
0.1,1,0.5,119,36,56,0.1,10.47,1.0,14.2,107.0,tree_top,14.5,0.5,28.6,107.0,tree_top,0.0285714285714,0.0,0.0,1.0,tree_top,28.9714285714,17.0,50.2,107.0,tree_top
0.1,1,0.5,119,36,56,0.05,249.28,2.0,534.4,1916.0,tree_top,238.028571429,8.0,453.6,1916.0,tree_top,0.857142857143,1.0,1.0,3.0,tree_top,475.2,323.0,844.8,1916.0,tree_top
0.1,1,0.5,119,36,56,0.025,5.38,1.0,3.0,85.0,tree_top,7.47142857143,1.5,9.0,85.0,tree_top,1.15384615385,1.0,2.0,3.0,tree_top,15.4193548387,4.0,31.0,85.0,tree_top
0.1,1,0.5,119,36,56,0.01,67.96,2.0,148.4,556.0,tree_top,77.8714285714,2.0,159.8,556.0,tree_top,1.1,1.0,2.0,3.0,tree_top,180.233333333,150.5,259.2,556.0,tree_top
0.1,1,0.5,119,36,56,0.008,63.09,2.0,86.2,841.0,tree_top,89.5857142857,4.0,118.6,841.0,tree_top,1.72222222222,1.0,2.0,13.0,tree_top,182.617647059,102.5,334.6,841.0,tree_top
0.1,1,0.5,119,36,56,0.005,81.55,1.0,58.4,1242.0,tree_top,116.142857143,2.0,145.6,1242.0,tree_top,1.06451612903,1.0,2.0,3.0,tree_top,207.615384615,60.0,388.8,1242.0,tree_top
0.1,1,0.5,119,36,56,0.001,71.18,2.5,52.4,1304.0,tree_top,101.242857143,6.0,109.0,1304.0,tree_top,2.47222222222,2.0,3.0,10.0,tree_top,205.823529412,66.5,324.4,1304.0,tree_top
0.1,1,0.5,119,36,56,0.1,4.83,0.0,4.0,90.0,tree_top,6.72857142857,1.0,8.0,90.0,tree_top,0.266666666667,0.0,1.0,2.0,tree_top,11.575,4.0,19.0,90.0,tree_top
0.1,1,0.5,119,36,56,0.05,9.05,1.0,3.0,166.0,tree_top,12.7571428571,1.0,9.4,166.0,tree_top,0.861111111111,1.0,1.0,2.0,tree_top,25.3529411765,4.0,33.2,166.0,tree_top
0.1,1,0.5,119,36,56,0.025,21.16,1.0,29.0,283.0,tree_top,30.0571428571,2.5,43.8,283.0,tree_top,1.32258064516,1.0,2.0,3.0,tree_top,52.8974358974,29.0,99.0,283.0,tree_top
0.1,1,0.5,119,36,56,0.01,133.89,2.0,228.6,1483.0,tree_top,190.985714286,14.0,318.2,1483.0,tree_top,1.13043478261,1.0,1.6,4.0,tree_top,283.893617021,160.0,412.0,1483.0,tree_top
0.1,1,0.5,119,36,56,0.008,87.5,2.0,75.8,1910.0,tree_top,124.6,3.0,175.0,1910.0,tree_top,1.63157894737,1.0,3.0,4.0,tree_top,270.625,120.0,374.8,1910.0,tree_top
0.1,1,0.5,119,36,56,0.005,81.08,1.0,96.0,1068.0,tree_top,115.514285714,3.0,215.4,1068.0,tree_top,0.935483870968,1.0,1.0,3.0,tree_top,206.58974359,120.0,373.6,1068.0,tree_top
0.1,1,0.5,119,36,56,0.001,127.09,1.0,163.6,1903.0,tree_top,181.342857143,3.0,373.8,1903.0,tree_top,1.05555555556,1.0,2.0,3.0,tree_top,372.235294118,226.0,489.8,1903.0,tree_top
0.1,1,0.5,119,36,56,0.1,1.03,0.0,1.0,25.0,tree_top,1.34285714286,1.0,2.0,25.0,tree_top,0.769230769231,1.0,1.0,4.0,tree_top,2.06451612903,1.0,2.0,25.0,tree_top
0.1,1,0.5,119,36,56,0.05,43.01,1.0,56.6,440.0,tree_top,50.1142857143,1.5,88.4,440.0,tree_top,1.07692307692,1.0,1.0,2.0,tree_top,111.806451613,72.0,185.0,440.0,tree_bot
0.1,1,0.5,119,36,56,0.025,8.6,1.0,3.0,156.0,tree_top,12.0428571429,2.0,7.0,156.0,tree_top,1.3,1.0,2.0,6.0,tree_top,26.3666666667,6.0,51.0,156.0,tree_top
0.1,1,0.5,119,36,56,0.01,16.11,2.0,33.4,136.0,tree_top,20.0,3.0,43.4,136.0,tree_top,1.54054054054,1.0,2.8,7.0,tree_top,40.696969697,40.0,58.6,136.0,tree_top
0.1,1,0.5,119,36,56,0.008,154.87,2.5,251.6,1911.0,tree_top,151.085714286,2.0,181.4,1911.0,tree_top,1.3488372093,1.0,2.0,4.0,tree_top,389.555555556,211.0,629.4,1911.0,tree_top
0.1,1,0.5,119,36,56,0.005,29.36,1.0,5.2,671.0,tree_top,41.5428571429,1.5,32.2,671.0,tree_top,1.60975609756,1.0,2.0,8.0,tree_top,98.0,32.0,130.6,671.0,tree_bot
0.1,1,0.5,119,36,56,0.001,50.09,2.0,41.8,868.0,tree_top,71.2714285714,3.0,60.4,868.0,tree_top,1.44736842105,1.0,2.6,4.0,tree_top,154.1875,56.5,250.8,868.0,tree_top
0.1,1,0.5,119,36,56,0.1,1.87,1.0,2.0,25.0,tree_top,2.51428571429,1.0,3.2,25.0,tree_top,0.837837837838,1.0,1.0,2.0,tree_top,4.39393939394,2.0,5.6,25.0,tree_top
0.1,1,0.5,119,36,56,0.05,5.15,1.0,8.0,52.0,tree_top,7.17142857143,1.0,12.4,52.0,tree_top,0.941176470588,1.0,1.0,2.0,tree_top,13.0555555556,9.5,23.0,52.0,tree_top
0.1,1,0.5,119,36,56,0.025,26.93,1.0,3.2,795.0,tree_top,38.2,1.0,12.4,795.0,tree_top,1.51282051282,1.0,2.4,7.0,tree_top,84.3548387097,9.0,147.0,795.0,tree_top
0.1,1,0.5,119,36,56,0.01,236.35,9.5,462.0,2548.0,tree_top,271.485714286,22.5,528.8,2548.0,tree_top,1.21212121212,1.0,2.0,4.0,tree_top,512.540540541,330.0,708.0,2548.0,tree_top
0.1,1,0.5,119,36,56,0.008,122.67,2.0,152.4,1160.0,tree_top,174.942857143,3.0,325.6,1160.0,tree_top,1.41935483871,1.0,2.0,6.0,tree_top,312.871794872,174.0,700.2,1160.0,tree_top
0.1,1,0.5,119,36,56,0.005,94.14,2.0,60.6,1790.0,tree_top,134.028571429,4.0,132.2,1790.0,tree_top,1.3,1.0,2.0,4.0,tree_top,233.575,63.0,235.0,1790.0,tree_bot
0.1,1,0.5,119,36,56,0.001,50.64,1.0,32.6,945.0,tree_top,72.0142857143,3.0,91.6,945.0,tree_top,1.21621621622,1.0,2.0,4.0,tree_top,151.393939394,66.0,208.6,945.0,tree_bot
0.1,1,0.5,119,36,56,0.1,3.18,0.0,2.2,80.0,tree_top,4.47142857143,1.0,7.0,80.0,tree_top,0.294117647059,0.0,1.0,2.0,tree_top,8.41666666667,4.5,11.0,80.0,tree_top
0.1,1,0.5,119,36,56,0.05,22.81,2.0,29.4,303.0,tree_top,32.0285714286,4.5,42.8,303.0,tree_top,1.77777777778,1.0,3.0,5.0,tree_top,51.023255814,29.0,90.8,303.0,tree_top
0.1,1,0.5,119,36,56,0.025,174.97,2.5,337.2,1351.0,tree_top,189.9,2.5,343.2,1351.0,tree_top,1.07894736842,1.0,2.0,5.0,tree_top,414.125,239.0,742.6,1351.0,tree_top
0.1,1,0.5,119,36,56,0.01,57.71,1.0,95.4,587.0,tree_top,82.1142857143,4.0,165.0,587.0,tree_top,1.39285714286,1.0,2.0,7.0,tree_top,135.928571429,91.5,232.6,587.0,tree_bot
0.1,1,0.5,119,36,56,0.008,25.7,1.0,18.6,400.0,tree_top,36.1571428571,1.0,55.0,400.0,tree_top,1.17073170732,1.0,2.0,5.0,tree_top,85.6206896552,55.0,140.4,400.0,tree_top
0.1,1,0.5,119,36,56,0.005,93.16,1.0,67.0,1356.0,tree_top,132.8,2.0,153.4,1356.0,tree_top,1.21621621622,1.0,2.0,4.0,tree_top,280.333333333,105.0,439.6,1356.0,tree_top
0.1,1,0.5,119,36,56,0.001,73.34,2.0,95.4,939.0,tree_top,104.428571429,3.5,157.4,939.0,tree_top,1.38235294118,1.0,2.0,4.0,tree_top,201.75,111.0,346.0,939.0,tree_top
0.1,1,0.5,119,36,56,0.1,2.87,1.0,2.0,54.0,tree_top,3.98571428571,1.0,3.4,54.0,tree_top,0.810810810811,1.0,1.0,2.0,tree_top,7.54545454545,3.0,10.0,54.0,tree_top
0.1,1,0.5,119,36,56,0.05,7.52,1.0,14.0,74.0,tree_top,10.5285714286,2.0,21.8,74.0,tree_top,1.08333333333,1.0,2.0,5.0,tree_top,20.5294117647,17.5,28.2,74.0,tree_top
0.1,1,0.5,119,36,56,0.025,128.48,1.0,193.2,1075.0,tree_top,181.714285714,6.0,319.4,1075.0,tree_top,0.941176470588,1.0,1.0,3.0,tree_top,352.444444444,208.5,600.0,1075.0,tree_top
0.1,1,0.5,119,36,56,0.01,41.09,1.5,46.4,536.0,tree_top,58.2857142857,3.0,94.2,536.0,tree_top,1.28947368421,1.0,2.0,4.0,tree_top,125.96875,67.5,180.0,536.0,tree_top
0.1,1,0.5,119,36,56,0.008,15.68,1.0,6.2,247.0,tree_top,21.9428571429,2.0,24.4,247.0,tree_top,1.36111111111,1.0,2.0,10.0,tree_top,43.7352941176,10.0,65.0,247.0,tree_top
0.1,1,0.5,119,36,56,0.005,88.05,2.0,68.0,1908.0,tree_top,125.3,2.0,186.4,1908.0,tree_top,1.22580645161,1.0,2.0,2.0,tree_top,223.923076923,72.0,255.8,1908.0,tree_top
0.1,1,0.5,119,36,56,0.001,43.22,2.0,46.6,550.0,tree_top,61.1,5.0,80.0,550.0,tree_top,1.57575757576,1.0,2.0,4.0,tree_top,114.189189189,49.0,207.6,550.0,tree_top
0.1,1,0.5,119,36,56,0.1,1.33,0.5,2.0,11.0,tree_top,1.78571428571,1.0,3.0,11.0,tree_top,0.361111111111,0.0,1.0,2.0,tree_top,3.29411764706,2.5,6.0,11.0,tree_top
0.1,1,0.5,119,36,56,0.05,23.04,1.0,28.6,326.0,tree_top,32.7714285714,2.0,56.2,326.0,tree_top,0.5,0.0,1.0,2.0,tree_top,59.9473684211,37.5,105.6,326.0,tree_top
0.1,1,0.5,119,36,56,0.025,8.3,1.0,10.0,91.0,tree_top,11.3142857143,2.0,22.2,91.0,tree_top,1.05882352941,1.0,1.0,2.0,tree_top,21.0,12.5,30.0,91.0,tree_top
0.1,1,0.5,119,36,56,0.01,19.28,1.0,10.8,248.0,tree_top,27.2714285714,2.0,36.6,248.0,tree_top,1.64864864865,1.0,2.0,8.0,tree_top,56.0,26.0,119.2,248.0,tree_top
0.1,1,0.5,119,36,56,0.008,67.81,1.0,16.4,1009.0,tree_top,96.5142857143,1.0,197.8,1009.0,tree_top,1.0487804878,1.0,2.0,5.0,tree_top,231.482758621,195.0,382.6,1009.0,tree_top
0.1,1,0.5,119,36,56,0.005,48.29,2.0,49.8,889.0,tree_top,68.4142857143,6.0,69.0,889.0,tree_top,2.0,1.0,3.0,6.0,tree_top,131.138888889,56.5,158.0,889.0,tree_top
0.1,1,0.5,119,36,56,0.001,55.0,2.0,32.0,820.0,tree_top,78.1,2.5,106.6,820.0,tree_top,1.85714285714,1.0,3.0,10.0,tree_top,154.342857143,67.0,227.6,820.0,tree_top
0.1,1,0.5,119,36,56,0.1,7.42,0.0,7.0,176.0,tree_top,10.4285714286,1.0,11.2,176.0,tree_top,0.0882352941176,0.0,0.0,1.0,tree_top,20.1944444444,9.0,24.0,176.0,tree_top
0.1,1,0.5,119,36,56,0.05,34.42,1.5,24.8,593.0,tree_top,48.6571428571,3.0,58.0,593.0,tree_top,1.35294117647,1.0,2.0,5.0,tree_top,93.3333333333,35.5,115.0,593.0,tree_top
0.1,1,0.5,119,36,56,0.025,7.24,1.0,6.0,94.0,tree_top,10.0571428571,2.0,13.4,94.0,tree_top,1.88372093023,1.0,2.0,9.0,tree_top,23.0740740741,15.0,36.0,94.0,tree_top
0.1,1,0.5,119,36,56,0.01,42.84,1.5,15.4,1829.0,tree_top,60.9428571429,2.5,49.2,1829.0,tree_top,1.44736842105,1.0,2.0,4.0,tree_top,131.59375,36.5,138.0,1829.0,tree_top
0.1,1,0.5,119,36,56,0.008,18.63,2.0,16.0,245.0,tree_top,25.9571428571,2.0,26.2,245.0,tree_top,1.41666666667,1.0,2.0,5.0,tree_top,51.9411764706,20.0,95.2,245.0,tree_top
0.1,1,0.5,119,36,56,0.005,9.85,2.0,8.4,210.0,tree_top,13.6571428571,2.0,21.0,210.0,tree_top,1.70731707317,2.0,2.0,4.0,tree_top,30.5517241379,21.0,49.4,210.0,tree_bot
0.1,1,0.5,119,36,56,0.001,69.28,1.0,79.8,1133.0,tree_top,98.7285714286,3.0,151.2,1133.0,tree_top,1.88571428571,1.0,3.0,15.0,tree_top,195.571428571,110.0,307.2,1133.0,tree_top
0.1,1,0.5,119,36,56,0.1,1.38,0.0,1.0,44.0,tree_top,1.81428571429,1.0,2.0,44.0,tree_top,0.432432432432,0.0,1.0,2.0,tree_top,3.36363636364,1.0,4.0,44.0,tree_top
0.1,1,0.5,119,36,56,0.05,174.13,7.5,326.4,1626.0,tree_top,163.9,13.0,282.6,1626.0,tree_top,0.529411764706,0.0,1.0,2.0,tree_top,318.194444444,240.5,449.0,1626.0,off_bot
0.1,1,0.5,119,36,56,0.025,27.86,1.0,24.0,266.0,tree_top,39.6142857143,2.0,60.4,266.0,tree_top,1.2972972973,1.0,2.0,3.0,tree_top,82.5757575758,37.0,173.2,266.0,tree_top
0.1,1,0.5,119,36,56,0.01,107.88,2.0,185.2,1213.0,tree_top,153.671428571,10.5,290.4,1213.0,tree_top,1.40740740741,1.0,2.0,3.0,tree_top,249.279069767,177.0,376.0,1213.0,tree_bot
0.1,1,0.5,119,36,56,0.008,70.93,1.5,38.2,1140.0,tree_top,100.9,2.0,121.2,1140.0,tree_top,1.07692307692,1.0,2.0,3.0,tree_top,226.483870968,100.0,420.0,1140.0,tree_top
0.1,1,0.5,119,36,56,0.005,17.56,1.0,4.0,522.0,tree_top,24.5428571429,2.0,5.6,522.0,tree_top,1.41860465116,1.0,2.0,5.0,tree_top,61.3703703704,8.0,104.6,522.0,tree_top
0.1,1,0.5,119,36,56,0.001,151.57,2.0,153.2,2551.0,tree_top,216.028571429,3.0,399.4,2551.0,tree_top,1.41176470588,1.0,2.0,5.0,tree_top,418.722222222,255.5,644.0,2551.0,tree_top
0.1,1,0.5,119,36,56,0.1,1.35,0.0,1.0,21.0,tree_top,1.8,1.0,2.0,21.0,tree_top,0.2,0.0,0.2,1.0,tree_top,3.4,2.0,5.2,21.0,tree_top
0.1,1,0.5,119,36,56,0.05,13.42,1.0,6.2,258.0,tree_top,18.9142857143,2.0,15.8,258.0,tree_top,1.25,1.0,2.0,4.0,tree_top,33.7894736842,7.0,53.8,258.0,tree_top
0.1,1,0.5,119,36,56,0.025,34.93,1.5,8.2,872.0,tree_top,49.6142857143,2.0,45.2,872.0,tree_top,1.75675675676,1.0,2.0,7.0,tree_top,103.272727273,40.0,129.2,872.0,tree_top
0.1,1,0.5,119,36,56,0.01,9.01,1.0,5.0,117.0,tree_top,12.5857142857,2.0,12.0,117.0,tree_top,1.17073170732,1.0,2.0,6.0,tree_top,28.724137931,12.0,65.2,117.0,tree_top
0.1,1,0.5,119,36,56,0.008,112.08,1.0,57.4,1349.0,tree_top,159.757142857,2.5,159.0,1349.0,tree_top,1.41025641026,1.0,2.0,6.0,tree_top,358.967741935,144.0,781.0,1349.0,tree_top
0.1,1,0.5,119,36,56,0.005,35.13,2.0,9.2,1294.0,tree_top,49.7142857143,2.0,23.4,1294.0,tree_top,1.70588235294,1.0,2.0,5.0,tree_top,95.0555555556,11.0,132.0,1294.0,tree_bot
0.1,1,0.5,119,36,56,0.001,10.19,1.0,4.0,227.0,tree_top,14.1857142857,1.0,6.2,227.0,tree_top,1.68,1.0,2.0,14.0,tree_top,45.45,15.0,76.0,227.0,tree_bot
0.1,1,0.5,119,36,56,0.1,7.39,1.0,8.2,177.0,tree_top,10.4142857143,1.0,12.2,177.0,tree_top,0.464285714286,0.0,1.0,2.0,tree_top,17.0476190476,7.5,25.8,177.0,tree_top
0.1,1,0.5,119,36,56,0.05,76.47,1.0,97.8,925.0,tree_top,108.871428571,2.0,186.8,925.0,tree_top,0.705882352941,1.0,1.0,2.0,tree_top,211.027777778,154.0,319.0,925.0,tree_top
0.1,1,0.5,119,36,56,0.025,47.97,4.5,91.6,455.0,tree_top,56.1,6.5,103.8,455.0,tree_top,0.705882352941,1.0,1.0,2.0,tree_top,108.416666667,77.5,153.0,455.0,tree_top
0.1,1,0.5,119,36,56,0.01,97.24,2.0,33.4,1466.0,tree_top,138.6,3.5,165.2,1466.0,tree_top,2.22580645161,2.0,3.0,9.0,off_top,247.0,43.0,417.8,1466.0,tree_top
0.1,1,0.5,119,36,56,0.008,65.55,1.0,76.6,1229.0,tree_top,93.4,3.5,118.0,1229.0,tree_top,1.1875,1.0,2.0,4.0,tree_top,171.052631579,89.5,238.2,1229.0,tree_top
0.1,1,0.5,119,36,56,0.005,10.3,1.0,8.0,168.0,tree_top,14.4,2.5,13.8,168.0,tree_top,1.72972972973,1.0,2.8,8.0,tree_top,28.6060606061,10.0,53.6,168.0,tree_bot
0.1,1,0.5,119,36,56,0.001,53.82,2.0,24.2,1637.0,tree_top,76.1,2.5,51.0,1637.0,tree_top,1.275,1.0,2.0,5.0,tree_top,175.866666667,44.0,207.8,1637.0,tree_top
0.1,1,0.5,119,36,56,0.1,1.79,0.0,1.0,26.0,tree_top,2.42857142857,1.0,3.0,26.0,tree_top,0.521739130435,0.0,1.0,2.0,tree_top,6.08333333333,3.5,9.0,26.0,tree_top
0.1,1,0.5,119,36,56,0.05,123.58,1.0,203.2,1607.0,tree_top,176.3,18.5,283.0,1607.0,tree_top,1.11538461538,1.0,1.0,2.0,tree_top,279.818181818,190.5,506.8,1607.0,tree_top
0.1,1,0.5,119,36,56,0.025,24.48,1.0,21.8,341.0,tree_top,34.6142857143,1.0,71.2,341.0,tree_top,0.805555555556,1.0,1.0,3.0,tree_top,70.4117647059,54.0,129.6,341.0,tree_top
0.1,1,0.5,119,36,56,0.01,98.55,2.0,194.8,743.0,tree_top,95.5571428571,1.5,209.0,743.0,tree_top,0.863636363636,1.0,1.4,4.0,tree_top,255.807692308,226.0,457.0,743.0,tree_top
0.1,1,0.5,119,36,56,0.008,203.48,33.0,371.8,1622.0,tree_top,224.157142857,65.0,433.2,1622.0,tree_top,1.4,1.0,2.0,4.0,tree_top,391.225,275.0,596.8,1622.0,tree_top
0.1,1,0.5,119,36,56,0.005,195.49,70.5,345.2,1428.0,tree_top,165.8,55.0,300.4,1428.0,tree_top,1.0,1.0,1.0,5.0,tree_top,304.578947368,184.0,509.4,1428.0,tree_top
0.1,1,0.5,119,36,56,0.001,16.35,2.0,15.2,300.0,tree_top,23.0285714286,3.0,33.8,300.0,tree_top,1.45714285714,1.0,2.0,4.0,tree_top,44.6,19.0,83.0,300.0,tree_bot
0.1,1,0.5,119,36,56,0.1,1.66,1.0,1.0,21.0,tree_top,2.2,1.0,2.0,21.0,tree_top,0.619047619048,1.0,1.0,3.0,tree_top,4.57142857143,2.0,8.0,21.0,tree_top
0.1,1,0.5,119,36,56,0.05,8.13,0.0,3.4,98.0,tree_top,11.3,1.0,19.0,98.0,tree_top,0.326086956522,0.0,1.0,3.0,tree_top,32.3333333333,26.0,56.6,98.0,tree_top
0.1,1,0.5,119,36,56,0.025,59.83,1.0,34.8,1003.0,tree_top,85.2285714286,2.0,101.0,1003.0,tree_top,1.21875,1.0,2.0,5.0,tree_top,155.973684211,58.5,224.2,1003.0,tree_top
0.1,1,0.5,119,36,56,0.01,8.37,2.0,11.2,139.0,tree_top,11.4857142857,3.0,15.6,139.0,tree_top,1.51515151515,1.0,2.0,6.0,tree_top,20.3783783784,13.0,23.8,139.0,tree_top
0.1,1,0.5,119,36,56,0.008,39.23,1.0,34.0,496.0,tree_top,55.7571428571,2.0,110.4,496.0,tree_top,1.28205128205,1.0,2.0,6.0,tree_top,124.290322581,93.0,216.0,496.0,tree_top
0.1,1,0.5,119,36,56,0.005,72.02,1.5,49.0,1322.0,tree_top,102.185714286,4.0,107.8,1322.0,tree_top,1.23529411765,1.0,2.4,6.0,tree_top,197.527777778,82.5,271.0,1322.0,tree_top
0.1,1,0.5,119,36,56,0.001,111.86,2.0,117.8,1386.0,tree_top,159.385714286,5.5,318.6,1386.0,tree_top,1.7,1.0,3.0,8.0,tree_top,277.65,128.0,450.2,1386.0,tree_top
0.1,1,0.5,119,36,56,0.1,0.55,0.0,1.0,5.0,tree_top,0.7,0.0,1.0,5.0,tree_top,0.454545454545,0.0,1.0,1.0,tree_top,1.11538461538,0.5,2.0,5.0,tree_top
0.1,1,0.5,119,36,56,0.05,6.76,1.0,6.2,156.0,tree_top,9.32857142857,2.0,13.2,156.0,tree_top,1.35897435897,1.0,2.0,5.0,tree_top,19.3548387097,8.0,19.0,156.0,tree_top
0.1,1,0.5,119,36,56,0.025,15.7,1.0,3.0,571.0,tree_top,22.0857142857,1.0,9.2,571.0,tree_top,0.813953488372,1.0,1.0,5.0,tree_top,55.962962963,10.0,67.2,571.0,tree_bot
0.1,1,0.5,119,36,56,0.01,65.97,1.0,30.4,1321.0,tree_top,93.9857142857,2.0,116.0,1321.0,tree_top,1.42857142857,1.0,2.0,4.0,tree_top,186.542857143,45.0,235.8,1321.0,tree_top
0.1,1,0.5,119,36,56,0.008,20.2,2.0,29.2,313.0,tree_top,28.5,3.5,53.2,313.0,tree_top,1.34285714286,1.0,2.0,5.0,tree_top,55.6571428571,45.0,76.4,313.0,tree_top
0.1,1,0.5,119,36,56,0.005,45.46,1.0,33.6,947.0,tree_top,64.5285714286,1.5,85.6,947.0,tree_top,1.02702702703,1.0,1.0,4.0,tree_top,135.727272727,46.0,210.2,947.0,tree_top
0.1,1,0.5,119,36,56,0.001,110.97,1.0,63.4,1405.0,tree_top,158.142857143,2.0,232.6,1405.0,tree_top,1.37837837838,1.0,2.0,6.0,tree_top,333.909090909,138.0,604.0,1405.0,tree_top
0.1,1,0.5,119,36,56,0.1,35.41,1.0,3.0,578.0,tree_top,50.4571428571,1.0,10.2,578.0,tree_top,0.59375,1.0,1.0,2.0,tree_top,92.4473684211,4.5,158.8,578.0,tree_bot
0.1,1,0.5,119,36,56,0.05,19.83,1.0,25.2,321.0,tree_top,28.2571428571,3.0,33.2,321.0,tree_top,0.32,0.0,1.0,2.0,tree_top,43.7777777778,21.0,69.2,321.0,tree_top
0.1,1,0.5,119,36,56,0.025,58.18,1.0,87.2,1109.0,tree_top,82.5571428571,3.0,131.2,1109.0,tree_top,1.22222222222,1.0,3.0,3.0,tree_top,168.676470588,108.5,239.2,1109.0,tree_bot
0.1,1,0.5,119,36,56,0.01,52.06,2.0,23.6,531.0,tree_top,74.1,3.0,147.4,531.0,tree_top,1.58536585366,1.0,2.0,5.0,tree_top,176.620689655,147.0,368.8,531.0,tree_top
0.1,1,0.5,119,36,56,0.008,74.43,1.0,37.4,744.0,tree_top,106.071428571,1.5,195.0,744.0,tree_top,0.939393939394,1.0,1.0,3.0,tree_top,199.837837838,73.0,418.2,744.0,tree_bot
0.1,1,0.5,119,36,56,0.005,140.42,1.5,217.4,1327.0,tree_top,200.271428571,27.5,418.4,1327.0,tree_top,0.888888888889,1.0,1.0,2.0,tree_top,325.465116279,187.0,576.2,1327.0,tree_top
0.1,1,0.5,119,36,56,0.001,75.71,1.0,18.6,794.0,tree_top,107.828571429,2.0,133.6,794.0,tree_top,1.16216216216,1.0,1.8,5.0,tree_top,227.424242424,125.0,541.8,794.0,tree_bot
0.1,1,0.5,119,36,56,0.1,21.1,1.0,5.0,512.0,tree_top,29.9714285714,1.0,23.2,512.0,tree_top,0.333333333333,0.0,1.0,1.0,tree_top,56.4054054054,7.0,69.2,512.0,tree_top
0.1,1,0.5,119,36,56,0.05,47.02,1.0,30.6,1173.0,tree_top,66.9428571429,2.0,85.0,1173.0,tree_top,0.642857142857,1.0,1.0,2.0,tree_top,111.142857143,27.0,134.8,1173.0,tree_top
0.1,1,0.5,119,36,56,0.025,56.36,1.0,81.0,785.0,tree_top,80.0857142857,1.0,119.8,785.0,tree_top,0.923076923077,1.0,1.0,3.0,tree_top,179.677419355,108.0,275.0,785.0,tree_top
0.1,1,0.5,119,36,56,0.01,24.24,2.0,24.6,411.0,tree_top,34.2285714286,3.0,38.2,411.0,tree_top,1.53333333333,1.0,2.0,4.0,tree_top,58.75,25.5,100.0,411.0,tree_top
0.1,1,0.5,119,36,56,0.008,83.17,2.0,54.2,1754.0,tree_top,118.5,3.0,126.8,1754.0,tree_top,1.82352941176,1.5,3.0,7.0,tree_top,228.694444444,61.5,392.0,1754.0,tree_top
0.1,1,0.5,119,36,56,0.005,75.13,1.5,64.6,1760.0,tree_top,106.942857143,3.0,176.4,1760.0,tree_top,1.75,1.0,3.0,6.0,tree_top,247.2,166.5,291.2,1760.0,tree_top
0.1,1,0.5,119,36,56,0.001,193.62,4.0,412.4,1163.0,tree_top,238.928571429,5.5,490.2,1163.0,tree_top,0.852941176471,1.0,2.0,5.0,tree_top,463.777777778,413.0,742.0,1163.0,tree_top
0.1,1,0.5,119,36,56,0.1,27.88,0.0,6.4,468.0,tree_top,39.6571428571,0.0,42.8,468.0,tree_top,0.102564102564,0.0,0.0,1.0,tree_top,89.4193548387,13.0,178.0,468.0,tree_top
0.1,1,0.5,119,36,56,0.05,1.7,1.0,1.2,23.0,tree_top,2.24285714286,1.0,2.0,23.0,tree_top,0.8,1.0,1.0,2.0,tree_top,4.16666666667,1.5,7.0,23.0,tree_top
0.1,1,0.5,119,36,56,0.025,80.64,1.0,27.2,1072.0,tree_top,114.857142857,1.0,107.6,1072.0,tree_top,0.714285714286,1.0,1.0,3.0,tree_top,229.0,63.0,472.6,1072.0,tree_bot
0.1,1,0.5,119,36,56,0.01,17.74,1.0,7.4,185.0,tree_top,24.9571428571,2.0,34.0,185.0,tree_top,1.53488372093,1.0,2.0,5.0,tree_top,62.2592592593,38.0,134.6,185.0,tree_top
0.1,1,0.5,119,36,56,0.008,59.09,2.0,45.2,1097.0,tree_top,83.9142857143,4.0,92.2,1097.0,tree_top,1.78125,1.5,3.0,5.0,tree_top,153.078947368,56.0,214.4,1097.0,tree_top
0.1,1,0.5,119,36,56,0.005,40.8,1.0,5.0,1140.0,tree_top,57.8857142857,2.0,33.8,1140.0,tree_top,1.52631578947,1.0,2.0,5.0,tree_top,124.8125,20.0,178.2,1140.0,tree_top
0.1,1,0.5,119,36,56,0.001,137.35,2.0,223.4,2207.0,tree_top,195.657142857,9.5,369.4,2207.0,tree_top,1.59375,1.0,2.8,5.0,tree_top,359.078947368,246.0,432.6,2207.0,tree_top
0.1,1,0.5,119,36,56,0.1,1.73,0.0,2.0,25.0,tree_top,2.24285714286,0.5,2.2,25.0,tree_top,0.25641025641,0.0,0.4,2.0,tree_top,4.74193548387,2.0,6.0,25.0,tree_top
0.1,1,0.5,119,36,56,0.05,78.38,1.0,60.8,1344.0,tree_top,111.728571429,1.0,169.2,1344.0,tree_top,1.0,1.0,1.0,3.0,tree_top,228.970588235,116.5,421.4,1344.0,tree_top
0.1,1,0.5,119,36,56,0.025,2.36,1.0,3.0,33.0,tree_top,2.9,1.0,4.0,33.0,tree_top,1.11764705882,1.0,2.0,4.0,tree_top,4.58333333333,3.0,7.0,33.0,tree_top
0.1,1,0.5,119,36,56,0.01,55.44,1.0,86.4,557.0,tree_top,78.8142857143,2.5,162.0,557.0,tree_top,1.07142857143,1.0,1.6,5.0,tree_top,130.642857143,81.0,272.0,557.0,tree_top
0.1,1,0.5,119,36,56,0.008,30.83,1.0,4.0,791.0,tree_top,43.8142857143,1.0,33.4,791.0,tree_top,1.08823529412,1.0,2.0,3.0,tree_top,84.1666666667,12.0,112.0,791.0,tree_bot
0.1,1,0.5,119,36,56,0.005,193.77,3.0,281.2,2278.0,tree_top,183.128571429,3.5,283.4,2278.0,tree_top,1.11428571429,1.0,2.0,5.0,tree_top,365.142857143,272.0,465.6,2278.0,tree_top
0.1,1,0.5,119,36,56,0.001,23.74,2.0,47.4,313.0,tree_top,33.4571428571,4.5,62.0,313.0,tree_top,1.6875,2.0,2.8,5.0,tree_top,60.2105263158,51.0,91.4,313.0,tree_bot
0.1,1,0.5,119,36,56,0.1,231.93,12.0,466.6,2030.0,tree_top,235.357142857,12.0,502.0,1796.0,tree_top,0.46875,0.0,1.0,3.0,tree_top,433.157894737,313.0,709.2,1796.0,tree_top
0.1,1,0.5,119,36,56,0.05,16.73,2.0,13.4,243.0,tree_top,23.4,2.0,33.6,243.0,tree_top,1.55555555556,1.5,2.0,4.0,tree_top,46.5294117647,24.0,81.2,243.0,tree_top
0.1,1,0.5,119,36,56,0.025,78.37,3.0,128.2,913.0,tree_top,81.6571428571,3.0,127.2,913.0,tree_top,1.19444444444,1.0,2.0,3.0,tree_top,166.852941176,105.5,249.4,913.0,tree_top
0.1,1,0.5,119,36,56,0.01,53.21,1.0,36.4,1304.0,tree_top,75.6428571429,1.5,57.6,1304.0,tree_top,0.864864864865,1.0,1.0,3.0,tree_top,159.484848485,49.0,198.6,1304.0,tree_top
0.1,1,0.5,119,36,56,0.008,75.86,2.0,70.2,938.0,tree_top,107.942857143,2.0,160.2,938.0,tree_top,1.36585365854,1.0,2.0,5.0,tree_top,258.620689655,160.0,521.8,938.0,tree_top
0.1,1,0.5,119,36,56,0.005,50.3,1.0,62.0,906.0,tree_top,71.5428571429,2.0,108.2,906.0,tree_top,1.125,1.0,2.0,4.0,tree_top,165.433333333,92.5,269.4,906.0,tree_top
0.1,1,0.5,119,36,56,0.001,73.43,2.0,15.0,943.0,tree_top,104.571428571,2.0,113.4,943.0,tree_top,1.48717948718,1.0,2.4,4.0,tree_top,234.258064516,100.0,470.0,943.0,tree_top
0.1,1,0.5,119,36,56,0.1,0.7,0.0,1.0,10.0,tree_top,0.828571428571,0.0,1.0,10.0,tree_top,0.163265306122,0.0,0.0,1.0,tree_top,2.38095238095,1.0,4.0,10.0,tree_top
0.1,1,0.5,119,36,56,0.05,9.84,1.0,8.2,100.0,tree_top,13.7714285714,3.0,22.4,100.0,tree_top,0.941176470588,1.0,1.0,4.0,tree_top,25.8888888889,12.0,50.0,100.0,tree_top
0.1,1,0.5,119,36,56,0.025,41.5,1.0,22.2,1204.0,tree_top,58.9857142857,2.0,47.0,1204.0,tree_top,1.05555555556,1.0,2.0,4.0,tree_top,120.323529412,35.5,135.2,1204.0,tree_bot
0.1,1,0.5,119,36,56,0.01,76.1,1.0,79.0,1421.0,tree_top,108.514285714,2.5,153.4,1421.0,tree_top,1.24242424242,1.0,2.0,3.0,tree_top,204.189189189,87.0,323.4,1421.0,tree_top
0.1,1,0.5,119,36,56,0.008,71.37,1.0,139.0,755.0,tree_top,101.671428571,2.5,181.2,755.0,tree_top,1.14285714286,1.0,2.0,3.0,tree_top,202.2,168.0,411.6,755.0,tree_top
0.1,1,0.5,119,36,56,0.005,115.91,2.0,128.4,1292.0,tree_top,165.3,10.0,223.8,1292.0,tree_top,1.24137931034,1.0,1.4,9.0,tree_top,281.341463415,118.0,550.0,1292.0,tree_top
0.1,1,0.5,119,36,56,0.001,138.08,2.0,150.4,1977.0,tree_top,196.985714286,3.5,310.6,1977.0,tree_top,1.63888888889,1.0,2.0,6.0,tree_top,403.823529412,202.5,620.0,1977.0,tree_top
0.1,1,0.5,119,36,56,0.1,50.36,1.0,9.6,1103.0,tree_top,71.8285714286,1.0,85.2,1103.0,tree_top,0.55,0.5,1.0,2.0,tree_top,166.866666667,76.5,315.8,1103.0,tree_top
0.1,1,0.5,119,36,56,0.05,1.89,1.0,2.0,25.0,tree_top,2.52857142857,1.0,2.2,25.0,tree_top,0.931818181818,1.0,1.0,2.0,tree_top,5.23076923077,3.0,9.0,25.0,tree_top
0.1,1,0.5,119,36,56,0.025,10.6,1.0,6.2,205.0,tree_top,14.8285714286,2.0,11.0,205.0,tree_top,1.44736842105,1.0,2.0,7.0,tree_top,30.71875,8.5,64.0,205.0,tree_top
0.1,1,0.5,119,36,56,0.01,22.3,1.0,27.0,281.0,tree_top,31.4571428571,2.0,43.6,281.0,tree_top,1.38709677419,1.0,2.0,3.0,tree_top,55.358974359,27.0,106.0,281.0,tree_bot
0.1,1,0.5,119,36,56,0.008,63.89,2.0,91.4,742.0,tree_top,90.9,4.0,175.8,742.0,tree_top,1.85714285714,2.0,3.0,7.0,tree_top,179.942857143,142.0,289.6,742.0,tree_top
0.1,1,0.5,119,36,56,0.005,52.38,1.0,7.0,643.0,tree_top,74.2142857143,2.0,150.0,643.0,tree_top,1.71428571429,1.0,2.8,7.0,tree_top,182.964285714,154.5,403.4,643.0,tree_top
0.1,1,0.5,119,36,56,0.001,108.55,2.0,90.4,1358.0,tree_top,154.542857143,4.5,238.2,1358.0,tree_top,1.42424242424,1.0,2.0,6.0,tree_top,291.108108108,163.0,483.4,1358.0,tree_top
0.1,1,0.5,119,36,56,0.1,10.17,1.0,6.0,290.0,tree_top,14.3428571429,1.5,11.0,290.0,tree_top,0.857142857143,1.0,1.0,2.0,tree_top,27.8285714286,8.0,39.6,290.0,tree_top
0.1,1,0.5,119,36,56,0.05,209.35,58.0,447.0,1190.0,tree_top,226.085714286,64.0,481.8,1190.0,tree_top,0.6,1.0,1.0,2.0,tree_top,395.2,274.0,695.4,1190.0,tree_top
0.1,1,0.5,119,36,56,0.025,5.09,1.5,5.0,54.0,tree_top,6.95714285714,2.0,9.0,54.0,tree_top,1.92682926829,1.0,2.0,9.0,tree_top,14.0689655172,9.0,28.8,54.0,tree_top
0.1,1,0.5,119,36,56,0.01,21.84,1.0,20.0,383.0,tree_top,30.9428571429,2.0,35.2,383.0,tree_top,1.42857142857,1.0,2.0,7.0,tree_top,60.4571428571,29.0,95.0,383.0,tree_top
0.1,1,0.5,119,36,56,0.008,24.26,2.0,34.4,264.0,tree_top,34.3,3.0,43.6,264.0,tree_top,1.96296296296,1.0,3.0,7.0,tree_top,54.6046511628,32.0,67.0,264.0,tree_top
0.1,1,0.5,119,36,56,0.005,144.35,1.0,197.4,2246.0,tree_top,205.9,5.0,339.0,2246.0,tree_top,1.06060606061,1.0,2.0,3.0,tree_top,388.594594595,254.0,490.8,2246.0,tree_top
0.1,1,0.5,119,36,56,0.001,89.41,1.0,90.6,1840.0,tree_top,127.071428571,2.0,167.4,1840.0,tree_top,1.21428571429,1.0,2.0,3.0,tree_top,315.857142857,178.5,408.4,1840.0,tree_top
0.1,1,0.5,119,36,56,0.1,11.28,1.0,9.0,152.0,tree_top,15.9857142857,2.5,18.6,152.0,tree_top,0.172413793103,0.0,0.0,1.0,tree_top,27.1707317073,9.0,41.0,152.0,tree_top
0.1,1,0.5,119,36,56,0.05,38.28,1.0,3.2,780.0,tree_top,54.4714285714,1.0,9.0,780.0,tree_top,0.868421052632,1.0,1.0,3.0,tree_top,118.125,5.5,320.8,780.0,tree_top
0.1,1,0.5,119,36,56,0.025,12.46,1.0,15.6,149.0,tree_top,17.5714285714,2.0,27.0,149.0,tree_top,1.41379310345,1.0,2.0,6.0,tree_top,29.0,15.0,58.0,149.0,tree_top
0.1,1,0.5,119,36,56,0.01,13.41,1.0,9.2,224.0,tree_top,18.7285714286,2.0,20.2,224.0,tree_top,1.12820512821,1.0,2.0,3.0,tree_top,40.8709677419,19.0,77.0,224.0,tree_top
0.1,1,0.5,119,36,56,0.008,108.78,1.0,109.8,1208.0,tree_top,155.071428571,3.5,298.2,1208.0,tree_top,0.875,1.0,1.0,5.0,tree_top,284.921052632,127.0,468.6,1208.0,tree_top
0.1,1,0.5,119,36,56,0.005,19.75,2.0,21.6,272.0,tree_top,27.5571428571,2.0,51.2,272.0,tree_top,1.26315789474,1.0,2.0,7.0,tree_top,58.78125,40.0,111.0,272.0,tree_top
0.1,1,0.5,119,36,56,0.001,75.86,2.0,109.0,911.0,tree_top,107.971428571,3.0,177.0,911.0,tree_top,1.10344827586,1.0,2.0,3.0,tree_top,183.56097561,109.0,340.0,911.0,tree_top
0.1,1,0.5,119,36,56,0.1,1.94,0.5,1.0,45.0,tree_top,2.67142857143,1.0,1.0,45.0,tree_top,0.697674418605,1.0,1.0,2.0,tree_top,5.81481481481,1.0,6.8,45.0,tree_top
0.1,1,0.5,119,36,56,0.05,18.41,2.0,26.0,166.0,tree_top,25.9,3.5,45.2,166.0,tree_top,1.45454545455,1.0,2.0,8.0,tree_top,47.7027027027,30.0,87.0,166.0,tree_top
0.1,1,0.5,119,36,56,0.025,6.97,1.0,10.4,62.0,tree_top,9.6,2.5,16.2,62.0,tree_top,0.967741935484,1.0,1.0,4.0,tree_top,16.4615384615,12.0,32.0,62.0,tree_top
0.1,1,0.5,119,36,56,0.01,38.22,1.0,24.4,394.0,tree_top,54.0857142857,2.0,99.8,394.0,tree_top,0.888888888889,1.0,1.0,5.0,tree_top,110.411764706,53.5,254.2,394.0,tree_bot
0.1,1,0.5,119,36,56,0.008,48.01,1.0,25.0,758.0,tree_top,68.2428571429,2.0,102.2,758.0,tree_top,1.175,1.0,2.0,3.0,tree_top,157.666666667,82.0,323.0,758.0,tree_top
0.1,1,0.5,119,36,56,0.005,73.28,2.0,42.8,1008.0,tree_top,104.357142857,4.0,118.2,1008.0,tree_top,2.12121212121,2.0,3.0,6.0,tree_top,195.540540541,63.0,343.6,1008.0,tree_top
0.1,1,0.5,119,36,56,0.001,105.58,2.0,164.2,1522.0,tree_top,150.371428571,5.0,217.2,1522.0,tree_top,1.45454545455,1.0,2.0,5.0,tree_top,283.189189189,168.0,425.8,1522.0,tree_top
0.1,1,0.5,119,36,56,0.1,16.72,1.0,16.2,299.0,tree_top,23.6857142857,2.5,32.0,299.0,tree_top,0.65625,1.0,1.0,2.0,tree_top,43.0789473684,18.0,59.6,299.0,tree_bot
0.1,1,0.5,119,36,56,0.05,18.44,1.0,8.6,293.0,tree_top,26.1571428571,1.5,34.6,293.0,tree_top,1.06451612903,1.0,1.0,2.0,tree_top,46.1025641026,11.0,94.0,293.0,tree_top
0.1,1,0.5,119,36,56,0.025,20.74,1.0,29.2,276.0,tree_top,29.4142857143,2.0,43.4,276.0,tree_top,1.0303030303,1.0,2.0,2.0,tree_top,54.7297297297,30.0,82.6,276.0,tree_top
0.1,1,0.5,119,36,56,0.01,75.82,1.0,21.8,1590.0,tree_top,108.028571429,2.0,95.8,1590.0,tree_top,1.0,1.0,1.8,6.0,tree_top,228.03030303,65.0,504.4,1590.0,tree_bot
0.1,1,0.5,119,36,56,0.008,148.2,14.5,280.4,1077.0,tree_top,135.485714286,6.5,254.8,1077.0,tree_top,1.25714285714,1.0,2.0,7.0,tree_top,269.714285714,182.0,436.2,1077.0,tree_bot
0.1,1,0.5,119,36,56,0.005,128.98,3.0,213.4,1198.0,tree_top,183.8,35.0,404.0,1198.0,tree_top,2.03703703704,2.0,3.0,4.0,tree_top,297.930232558,194.0,538.2,1198.0,tree_top
0.1,1,0.5,119,36,56,0.001,28.0,2.0,31.2,590.0,tree_top,39.6142857143,3.0,56.2,590.0,tree_top,1.68571428571,1.0,2.0,6.0,tree_top,77.5428571429,36.0,119.0,590.0,tree_top
0.1,1,0.5,119,36,56,0.1,1.99,0.0,2.0,24.0,tree_top,2.74285714286,1.0,4.2,24.0,tree_top,0.21875,0.0,0.0,2.0,tree_top,4.86842105263,2.0,8.6,24.0,tree_top
0.1,1,0.5,119,36,56,0.05,2.18,1.0,3.0,19.0,tree_top,2.9,1.0,4.0,19.0,tree_top,1.07142857143,1.0,1.0,2.0,tree_top,5.64285714286,4.0,9.0,19.0,tree_top
0.1,1,0.5,119,36,56,0.025,2.21,1.0,3.0,14.0,tree_top,2.91428571429,2.0,4.0,14.0,tree_top,1.78048780488,1.0,2.0,9.0,tree_top,4.51724137931,3.0,7.8,14.0,tree_top
0.1,1,0.5,119,36,56,0.01,47.91,1.0,26.2,587.0,tree_top,67.9857142857,2.0,110.4,587.0,tree_top,1.44186046512,1.0,2.0,6.0,tree_top,173.962962963,120.0,302.8,587.0,tree_top
0.1,1,0.5,119,36,56,0.008,48.11,1.0,13.8,1189.0,tree_top,68.4,2.0,61.8,1189.0,tree_top,1.25,1.0,2.0,5.0,tree_top,157.933333333,60.5,250.2,1189.0,tree_top
0.1,1,0.5,119,36,56,0.005,31.08,2.0,19.6,493.0,tree_top,43.9857142857,3.0,48.4,493.0,tree_top,2.0303030303,2.0,3.0,6.0,tree_top,81.4054054054,24.0,158.8,493.0,tree_top
0.1,1,0.5,119,36,56,0.001,93.29,1.0,17.6,1303.0,tree_top,132.828571429,2.0,185.4,1303.0,tree_top,1.30769230769,1.0,2.0,5.0,tree_top,298.290322581,169.0,606.0,1303.0,tree_top
0.1,1,0.5,119,36,56,0.1,21.3,0.0,5.0,537.0,tree_top,30.3285714286,0.0,20.8,537.0,tree_top,0.0909090909091,0.0,0.0,1.0,tree_top,57.2972972973,6.0,82.6,537.0,tree_top
0.1,1,0.5,119,36,56,0.05,17.14,1.0,29.0,170.0,tree_top,24.0857142857,1.5,51.2,170.0,tree_top,1.0,1.0,1.0,2.0,tree_top,45.8888888889,41.5,66.0,170.0,tree_top
0.1,1,0.5,119,36,56,0.025,5.9,1.0,5.0,97.0,tree_top,8.2,2.0,10.0,97.0,tree_top,1.20588235294,1.0,2.0,3.0,tree_top,14.8055555556,6.5,23.0,97.0,tree_top
0.1,1,0.5,119,36,56,0.01,70.38,2.0,87.4,1006.0,tree_top,100.171428571,3.0,144.4,1006.0,tree_top,1.43243243243,1.0,2.0,4.0,tree_top,210.878787879,99.0,360.4,1006.0,tree_top
0.1,1,0.5,119,36,56,0.008,178.25,34.5,342.2,1653.0,tree_top,183.142857143,28.0,386.4,1653.0,tree_top,1.21212121212,1.0,2.0,4.0,tree_top,345.405405405,268.0,529.8,1653.0,tree_top
0.1,1,0.5,119,36,56,0.005,51.72,1.5,47.2,863.0,tree_top,73.5285714286,2.0,79.6,863.0,tree_top,1.15789473684,1.0,2.0,5.0,tree_top,159.46875,64.0,290.2,863.0,tree_top
0.1,1,0.5,119,36,56,0.001,24.96,1.0,6.6,695.0,tree_top,35.2571428571,1.0,24.6,695.0,tree_top,1.25641025641,1.0,2.0,5.0,tree_top,78.0322580645,23.0,78.0,695.0,tree_top
0.1,1,0.5,119,36,56,0.1,60.95,1.0,74.6,807.0,tree_top,86.6571428571,1.5,128.4,807.0,tree_top,0.0588235294118,0.0,0.0,1.0,tree_top,168.444444444,89.0,291.0,807.0,tree_top
0.1,1,0.5,119,36,56,0.05,1.58,1.0,3.0,9.0,tree_top,2.07142857143,1.5,3.0,9.0,tree_top,1.45714285714,1.0,2.0,6.0,tree_top,2.68571428571,2.0,3.2,9.0,tree_top
0.1,1,0.5,119,36,56,0.025,78.3,1.0,107.4,1004.0,tree_top,111.614285714,3.0,204.4,1004.0,tree_top,1.33333333333,1.0,2.0,4.0,tree_top,228.382352941,132.5,444.4,1004.0,tree_bot
0.1,1,0.5,119,36,56,0.01,21.75,2.0,15.4,282.0,tree_top,30.7857142857,3.5,36.6,282.0,tree_top,1.89473684211,1.0,3.0,8.0,tree_top,65.09375,32.5,139.8,282.0,tree_top
0.1,1,0.5,119,36,56,0.008,70.85,1.5,73.2,779.0,tree_top,101.0,2.0,209.2,779.0,tree_top,1.6,1.0,2.0,5.0,tree_top,200.4,91.0,351.8,779.0,tree_top
0.1,1,0.5,119,36,56,0.005,203.8,4.5,316.2,3544.0,tree_top,219.928571429,3.0,326.6,3544.0,tree_top,1.28205128205,1.0,2.0,6.0,tree_top,495.0,290.0,672.0,3544.0,tree_top
0.1,1,0.5,119,36,56,0.001,96.69,1.0,74.8,1352.0,tree_top,137.714285714,2.0,224.0,1352.0,tree_top,1.03125,1.0,2.0,3.0,tree_top,252.815789474,99.5,449.6,1352.0,tree_top
0.1,1,0.5,119,36,56,0.1,2.38,1.0,2.0,29.0,tree_top,3.27142857143,1.0,3.6,29.0,tree_top,0.571428571429,1.0,1.0,2.0,tree_top,5.97142857143,3.0,11.0,29.0,tree_top
0.1,1,0.5,119,36,56,0.05,4.57,0.0,4.2,71.0,tree_top,6.35714285714,1.0,7.2,71.0,tree_top,0.333333333333,0.0,1.0,2.0,tree_top,10.875,4.5,14.2,71.0,tree_top
0.1,1,0.5,119,36,56,0.025,44.6,3.5,92.8,258.0,tree_top,44.4,3.0,85.6,258.0,tree_top,1.17142857143,1.0,1.0,4.0,tree_top,87.6285714286,74.0,134.4,258.0,tree_top
0.1,1,0.5,119,36,56,0.01,15.47,1.0,10.0,303.0,tree_top,21.8142857143,3.0,26.6,303.0,tree_top,1.74285714286,1.0,2.0,6.0,tree_top,41.8857142857,17.0,71.8,303.0,tree_top
0.1,1,0.5,119,36,56,0.008,87.87,1.0,144.4,1278.0,tree_top,125.157142857,6.0,238.8,1278.0,tree_top,0.878787878788,1.0,1.6,3.0,tree_top,236.0,183.0,408.8,1278.0,tree_top
0.1,1,0.5,119,36,56,0.005,46.07,2.0,66.6,641.0,tree_top,65.3142857143,2.5,111.8,641.0,tree_top,1.51515151515,1.0,2.0,4.0,tree_top,122.216216216,79.0,201.4,641.0,tree_top
0.1,1,0.5,119,36,56,0.001,148.06,1.0,25.4,2668.0,tree_top,211.171428571,2.0,101.8,2668.0,tree_top,1.64705882353,1.0,2.0,9.0,tree_top,409.055555556,43.0,797.0,2668.0,tree_top
0.1,1,0.5,119,36,56,0.1,4.5,0.0,6.2,54.0,tree_top,6.08571428571,1.0,10.0,54.0,tree_top,0.235294117647,0.0,0.4,2.0,tree_top,11.6111111111,7.0,19.0,54.0,tree_top
0.1,1,0.5,119,36,56,0.05,71.35,2.0,43.6,843.0,tree_top,101.657142857,3.0,103.0,843.0,tree_top,1.66666666667,1.0,3.0,6.0,tree_top,176.65,46.0,410.2,843.0,tree_bot
0.1,1,0.5,119,36,56,0.025,61.95,2.0,108.8,637.0,tree_top,88.0714285714,12.5,181.4,637.0,tree_top,1.33333333333,1.0,2.0,4.0,off_top,142.534883721,106.0,250.4,637.0,tree_top
0.1,1,0.5,119,36,56,0.01,32.45,2.0,34.4,483.0,tree_top,45.9142857143,3.0,49.6,483.0,tree_top,1.24137931034,1.0,2.0,5.0,tree_top,77.512195122,34.0,104.0,483.0,tree_top
0.1,1,0.5,119,36,56,0.008,96.5,1.0,39.4,1848.0,tree_top,137.5,2.0,126.2,1848.0,tree_top,1.46153846154,1.0,2.0,5.0,tree_top,308.64516129,104.0,605.0,1848.0,tree_bot
0.1,1,0.5,119,36,56,0.005,13.25,1.0,6.0,439.0,tree_top,18.5428571429,2.0,12.4,439.0,tree_top,1.11111111111,1.0,2.0,5.0,tree_top,37.0,8.0,29.8,439.0,tree_bot
0.1,1,0.5,119,36,56,0.001,68.81,2.0,51.0,893.0,tree_top,97.8857142857,3.0,133.0,893.0,tree_top,1.79411764706,1.0,3.0,6.0,tree_top,188.638888889,70.5,365.0,893.0,tree_top
0.1,1,0.5,119,36,56,0.1,2.09,0.0,3.0,31.0,tree_top,2.81428571429,0.0,4.0,31.0,tree_top,0.108108108108,0.0,0.0,1.0,tree_top,5.84848484848,3.0,10.2,31.0,tree_top
0.1,1,0.5,119,36,56,0.05,97.05,2.0,106.2,1298.0,tree_top,138.442857143,12.5,220.6,1298.0,tree_top,1.42857142857,1.0,2.0,3.0,tree_top,229.785714286,97.0,359.8,1298.0,tree_top
0.1,1,0.5,119,36,56,0.025,34.69,2.0,27.4,658.0,tree_top,49.2,3.5,71.6,658.0,tree_top,1.55882352941,1.0,2.0,4.0,tree_top,94.1944444444,40.5,117.0,658.0,tree_bot
0.1,1,0.5,119,36,56,0.01,70.76,1.0,91.6,606.0,tree_top,100.828571429,2.5,214.6,606.0,tree_top,1.21212121212,1.0,2.0,3.0,tree_top,189.675675676,158.0,405.4,606.0,tree_top
0.1,1,0.5,119,36,56,0.008,77.76,2.0,121.4,625.0,tree_top,109.371428571,24.5,208.6,625.0,tree_top,1.16129032258,1.0,2.0,3.0,tree_top,195.384615385,123.0,326.0,625.0,tree_bot
0.1,1,0.5,119,36,56,0.005,94.47,1.0,64.4,1808.0,tree_top,134.628571429,4.5,190.6,1808.0,tree_top,1.12903225806,1.0,2.0,5.0,tree_top,240.743589744,74.0,369.6,1808.0,tree_top
0.1,1,0.5,119,36,56,0.001,29.92,1.0,24.2,418.0,tree_top,42.3142857143,2.0,62.4,418.0,tree_top,1.11111111111,1.0,2.0,3.0,tree_top,85.9411764706,47.0,154.0,418.0,tree_top
0.1,1,0.5,119,36,56,0.1,14.03,1.0,14.2,222.0,tree_top,19.9,1.0,23.2,222.0,tree_top,0.727272727273,1.0,1.0,3.0,tree_top,37.0,15.0,58.8,222.0,tree_top
0.1,1,0.5,119,36,56,0.05,0.97,1.0,2.0,5.0,tree_top,1.11428571429,1.0,2.0,5.0,tree_top,1.32432432432,1.0,2.0,4.0,tree_top,0.878787878788,0.0,2.0,5.0,tree_top
0.1,1,0.5,119,36,56,0.025,24.56,1.0,12.0,732.0,tree_top,34.6857142857,2.0,24.6,732.0,tree_top,1.32352941176,1.0,2.0,4.0,tree_top,66.1944444444,14.0,60.0,732.0,tree_top
0.1,1,0.5,119,36,56,0.01,41.47,1.0,7.8,626.0,tree_top,59.0285714286,2.0,52.8,626.0,tree_top,1.70731707317,1.0,2.0,5.0,tree_top,140.068965517,52.0,284.0,626.0,tree_top
0.1,1,0.5,119,36,56,0.008,135.18,2.0,139.8,2464.0,tree_top,192.471428571,9.5,306.2,2464.0,tree_top,1.30303030303,1.0,2.0,3.0,tree_top,362.972972973,165.0,437.6,2464.0,tree_bot
0.1,1,0.5,119,36,56,0.005,61.74,2.0,61.0,850.0,tree_top,87.8142857143,3.5,114.8,850.0,tree_top,1.28571428571,1.0,2.0,5.0,tree_top,145.5,56.5,247.6,850.0,tree_top
0.1,1,0.5,119,36,56,0.001,52.51,1.0,28.6,907.0,tree_top,74.8142857143,2.0,128.0,907.0,tree_top,1.30555555556,1.0,2.0,3.0,tree_top,152.647058824,68.5,190.0,907.0,tree_top
0.1,1,0.5,119,36,56,0.1,81.89,0.0,16.4,1605.0,tree_top,116.842857143,1.0,124.4,1605.0,tree_top,0.447368421053,0.0,1.0,2.0,tree_top,255.0625,53.5,429.6,1605.0,tree_top
0.1,1,0.5,119,36,56,0.05,90.32,1.0,101.2,1290.0,tree_top,128.885714286,4.0,183.2,1290.0,tree_top,0.548387096774,1.0,1.0,2.0,tree_top,230.897435897,118.0,415.2,1290.0,tree_top
0.1,1,0.5,119,36,56,0.025,123.55,1.0,101.2,2106.0,tree_top,176.3,2.0,305.6,2106.0,tree_top,1.57575757576,1.0,2.0,5.0,tree_top,332.135135135,174.0,505.8,2106.0,tree_top
0.1,1,0.5,119,36,56,0.01,5.03,1.0,6.0,66.0,tree_top,6.97142857143,2.0,12.2,66.0,tree_top,1.75,1.5,2.0,6.0,tree_top,12.5,7.5,20.6,66.0,tree_top
0.1,1,0.5,119,36,56,0.008,15.16,1.5,18.4,291.0,tree_top,21.3,5.0,30.2,291.0,tree_top,1.5,1.0,2.4,6.0,tree_top,40.0,23.0,47.0,291.0,tree_bot
0.1,1,0.5,119,36,56,0.005,163.05,9.0,290.0,1397.0,tree_top,179.7,12.0,352.6,1397.0,tree_top,0.942857142857,1.0,1.0,3.0,tree_top,358.457142857,272.0,501.0,1397.0,tree_top
0.1,1,0.5,119,36,56,0.001,66.69,2.0,26.0,1527.0,tree_top,94.7428571429,2.5,124.2,1527.0,tree_top,1.375,1.0,2.0,5.0,tree_top,219.233333333,122.5,388.8,1527.0,tree_top
0.1,1,0.5,119,36,56,0.1,1.11,1.0,1.0,7.0,tree_top,1.38571428571,1.0,2.0,7.0,tree_top,1.08571428571,1.0,1.0,4.0,tree_top,1.68571428571,1.0,3.0,7.0,tree_top
0.1,1,0.5,119,36,56,0.05,69.34,1.0,124.2,817.0,tree_top,98.8857142857,2.0,194.4,817.0,tree_top,1.02564102564,1.0,2.0,3.0,tree_top,222.0,184.0,329.0,817.0,tree_top
0.1,1,0.5,119,36,56,0.025,34.82,2.0,30.8,631.0,tree_top,49.1714285714,4.0,72.2,631.0,tree_top,1.97435897436,1.0,2.4,9.0,tree_top,108.548387097,64.0,150.0,631.0,tree_top
0.1,1,0.5,119,36,56,0.01,72.98,1.0,25.8,1632.0,tree_top,103.928571429,2.0,84.6,1632.0,tree_top,1.11764705882,1.0,1.4,5.0,tree_top,201.027777778,46.0,247.0,1632.0,tree_top
0.1,1,0.5,119,36,56,0.008,11.47,1.0,16.2,143.0,tree_top,15.8285714286,2.0,35.2,143.0,tree_top,1.075,1.0,1.0,4.0,tree_top,35.5,32.5,45.4,143.0,tree_top
0.1,1,0.5,119,36,56,0.005,58.69,2.0,98.0,586.0,tree_top,83.3571428571,4.0,138.8,586.0,tree_top,1.63888888889,2.0,2.0,4.0,tree_top,169.882352941,116.0,295.2,586.0,tree_top
0.1,1,0.5,119,36,56,0.001,72.53,2.0,95.8,675.0,tree_top,103.285714286,6.5,200.2,675.0,tree_top,1.8064516129,1.0,2.0,6.0,tree_top,183.948717949,115.0,320.2,675.0,tree_bot
0.1,1,0.5,119,36,56,0.1,0.63,0.0,1.0,10.0,tree_top,0.785714285714,0.0,1.0,10.0,tree_top,0.422222222222,0.0,1.0,2.0,tree_top,1.44,1.0,2.0,10.0,tree_top
0.1,1,0.5,119,36,56,0.05,18.45,1.0,15.4,478.0,tree_top,26.1142857143,2.0,23.0,478.0,tree_top,0.935483870968,1.0,1.0,3.0,tree_top,46.1282051282,17.0,47.0,478.0,tree_bot
0.1,1,0.5,119,36,56,0.025,191.32,7.5,359.4,1259.0,tree_top,173.228571429,2.5,330.4,970.0,tree_top,1.27027027027,1.0,2.0,4.0,tree_top,366.03030303,304.0,585.2,970.0,tree_top
0.1,1,0.5,119,36,56,0.01,21.13,2.0,15.6,477.0,tree_bot,29.9571428571,3.0,43.8,477.0,tree_bot,2.2,2.0,3.0,7.0,tree_top,57.7142857143,29.0,110.4,477.0,tree_bot
0.1,1,0.5,119,36,56,0.008,44.65,1.0,55.2,496.0,tree_top,63.6285714286,3.5,89.4,496.0,tree_top,1.34482758621,1.0,2.0,3.0,tree_top,107.682926829,55.0,136.0,496.0,tree_bot
0.1,1,0.5,119,36,56,0.005,7.34,1.0,7.4,127.0,tree_top,10.0714285714,2.0,16.0,127.0,tree_top,0.971428571429,1.0,2.0,3.0,tree_top,19.1714285714,11.0,23.8,127.0,tree_top
0.1,1,0.5,119,36,56,0.001,258.66,79.0,403.6,2338.0,tree_top,300.642857143,139.0,442.4,2338.0,tree_top,1.29166666667,1.0,2.0,3.0,tree_top,456.826086957,261.0,649.0,2338.0,tree_top
0.1,1,0.5,119,36,56,0.1,0.94,0.0,1.0,13.0,tree_top,1.27142857143,1.0,1.2,13.0,tree_top,0.705882352941,1.0,1.0,3.0,tree_top,1.80555555556,1.0,3.0,13.0,tree_top
0.1,1,0.5,119,36,56,0.05,35.61,1.0,37.2,705.0,tree_top,50.7142857143,2.0,54.0,705.0,tree_top,0.516129032258,0.0,1.0,3.0,tree_top,90.6153846154,42.0,162.0,705.0,tree_top
0.1,1,0.5,119,36,56,0.025,139.35,27.0,264.4,1172.0,tree_top,141.457142857,27.0,264.4,1172.0,tree_top,1.15151515152,1.0,1.6,4.0,tree_top,266.594594595,185.0,429.6,1172.0,tree_bot
0.1,1,0.5,119,36,56,0.01,164.72,3.0,251.8,1522.0,tree_top,142.542857143,2.0,233.0,1522.0,tree_top,0.921052631579,1.0,2.0,3.0,tree_top,310.71875,212.0,538.2,1522.0,tree_top
