0.1,1,0.1,121,36,60,6.82,1.0,7.0,86.0,tree_top,9.58571428571,1.0,18.2,86.0,tree_top,0.823529411765,1.0,1.0,2.0,tree_top,17.8611111111,10.0,30.0,86.0,tree_top
0.1,1,0.1,121,36,58,16.83,1.0,11.2,404.0,tree_top,23.8,2.0,25.8,404.0,tree_top,0.676470588235,0.0,1.4,3.0,tree_top,45.6388888889,22.0,66.0,404.0,tree_top
0.1,1,0.1,121,36,56,7.11,1.0,5.0,112.0,tree_top,9.91428571429,1.0,11.4,112.0,tree_top,1.15384615385,1.0,2.0,4.0,tree_top,20.935483871,7.0,34.0,112.0,tree_top
0.1,1,0.1,121,36,54,1.45,1.0,2.0,16.0,tree_top,1.9,1.0,2.2,16.0,tree_top,1.15,1.0,1.2,3.0,tree_top,2.9,2.0,4.2,16.0,tree_top
0.1,1,0.1,121,35,60,1.14,1.0,1.0,13.0,tree_top,1.48571428571,1.0,2.0,13.0,tree_top,0.861111111111,1.0,1.0,2.0,tree_top,2.14705882353,1.0,3.0,13.0,tree_top
0.1,1,0.1,121,35,58,8.76,1.0,15.6,132.0,tree_top,12.3857142857,1.0,27.8,132.0,tree_top,0.413793103448,0.0,1.0,2.0,tree_top,20.8536585366,15.0,37.0,132.0,tree_top
0.1,1,0.1,121,35,56,3.84,1.0,2.2,58.0,tree_top,5.32857142857,1.0,4.6,58.0,tree_top,1.09090909091,1.0,2.0,4.0,tree_top,9.10810810811,2.0,13.6,58.0,tree_top
0.1,1,0.1,121,35,54,1.07,1.0,2.0,14.0,tree_top,1.35714285714,1.0,2.0,14.0,tree_top,1.10256410256,1.0,1.4,4.0,tree_top,1.67741935484,1.0,3.0,14.0,tree_top
0.1,1,0.1,121,34,60,0.64,0.0,1.0,10.0,tree_top,0.814285714286,0.0,1.0,10.0,tree_top,0.285714285714,0.0,1.0,2.0,tree_top,1.16666666667,0.0,2.0,10.0,tree_top
0.1,1,0.1,121,34,58,5.8,1.0,3.2,139.0,tree_top,8.14285714286,2.0,7.2,139.0,tree_top,1.24242424242,1.0,2.0,3.0,tree_top,14.2972972973,4.0,23.6,139.0,tree_bot
0.1,1,0.1,121,34,56,5.86,1.0,2.4,77.0,tree_top,8.27142857143,1.0,13.0,77.0,tree_top,0.529411764706,0.5,1.0,2.0,tree_top,15.5833333333,5.5,28.0,77.0,tree_top
0.1,1,0.1,121,34,54,68.55,1.0,22.6,1193.0,tree_top,97.8285714286,2.0,79.2,1193.0,tree_top,0.677419354839,1.0,1.0,2.0,tree_top,175.051282051,25.0,313.0,1193.0,tree_top
0.1,1,0.1,120,36,60,5.69,1.0,6.0,146.0,tree_top,8.01428571429,1.0,10.0,146.0,tree_top,0.612903225806,1.0,1.0,3.0,tree_top,13.8974358974,6.0,20.4,146.0,tree_top
0.1,1,0.1,120,36,58,47.2,0.0,24.2,670.0,tree_top,67.2857142857,1.0,81.6,670.0,tree_top,0.166666666667,0.0,0.0,1.0,tree_top,138.352941176,46.5,252.8,670.0,tree_top
0.1,1,0.1,120,36,56,2.51,1.0,2.0,37.0,tree_top,3.48571428571,1.0,3.0,37.0,tree_top,0.547619047619,1.0,1.0,1.0,tree_top,7.89285714286,3.0,14.6,37.0,tree_top
0.1,1,0.1,120,36,54,6.36,0.0,8.6,73.0,tree_top,8.9,0.0,16.4,73.0,tree_top,0.0285714285714,0.0,0.0,1.0,tree_top,17.7714285714,13.0,22.2,73.0,tree_top
0.1,1,0.1,120,35,60,1.46,1.0,2.0,38.0,tree_top,1.92857142857,1.0,2.0,38.0,tree_top,0.692307692308,1.0,1.0,2.0,tree_top,3.48387096774,2.0,4.0,38.0,tree_top
0.1,1,0.1,120,35,58,10.21,1.0,2.0,487.0,tree_top,14.4285714286,1.0,3.0,487.0,tree_top,0.5,0.0,1.0,2.0,tree_top,38.0,4.0,15.0,487.0,tree_top
0.1,1,0.1,120,35,56,1.13,1.0,1.0,10.0,tree_top,1.48571428571,1.0,2.0,10.0,tree_top,1.15217391304,1.0,2.0,4.0,tree_top,2.125,1.0,5.2,10.0,tree_bot
0.1,1,0.1,120,35,54,39.55,1.0,75.0,374.0,tree_top,41.9571428571,1.0,80.4,374.0,off_top,1.02380952381,1.0,1.0,2.0,off_top,103.357142857,81.0,166.2,374.0,tree_top
0.1,1,0.1,120,34,60,1.66,1.0,2.0,37.0,tree_top,2.2,1.0,2.0,37.0,tree_top,0.69696969697,1.0,1.0,2.0,tree_top,3.54054054054,1.0,5.0,37.0,tree_top
0.1,1,0.1,120,34,58,8.81,1.0,6.0,266.0,tree_top,12.4285714286,2.0,15.0,266.0,tree_top,0.766666666667,1.0,1.0,2.0,tree_top,21.175,6.0,33.2,266.0,tree_top
0.1,1,0.1,120,34,56,20.56,1.0,3.2,782.0,tree_top,29.2428571429,1.0,8.4,782.0,tree_top,0.275862068966,0.0,1.0,2.0,tree_top,49.7317073171,3.0,30.0,782.0,tree_top
0.1,1,0.1,120,34,54,9.57,1.0,6.0,109.0,tree_top,13.5428571429,1.0,16.2,109.0,tree_top,0.542857142857,1.0,1.0,2.0,tree_top,26.5428571429,11.0,50.8,109.0,tree_top
0.1,1,0.1,119,36,60,17.74,0.0,7.4,734.0,tree_top,25.2,1.0,16.0,734.0,tree_top,0.243243243243,0.0,1.0,1.0,tree_top,53.1818181818,13.0,53.0,734.0,tree_bot
0.1,1,0.1,119,36,58,11.06,1.0,15.2,194.0,tree_top,15.6714285714,1.0,21.0,194.0,tree_top,0.241379310345,0.0,1.0,1.0,tree_top,26.5853658537,15.0,38.0,194.0,tree_top
0.1,1,0.1,119,36,56,5.09,1.0,3.0,70.0,tree_top,7.18571428571,1.0,6.2,70.0,tree_top,0.463414634146,0.0,1.0,2.0,tree_top,16.6896551724,6.0,26.2,70.0,tree_top
0.1,1,0.1,119,36,54,5.29,1.0,3.2,84.0,tree_top,7.45714285714,1.0,6.4,84.0,tree_top,0.657142857143,1.0,1.0,2.0,tree_top,14.2571428571,4.0,27.0,84.0,tree_top
0.1,1,0.1,119,35,60,210.68,39.0,390.2,1519.0,tree_top,184.814285714,1.0,388.6,1519.0,tree_top,0.205128205128,0.0,0.4,1.0,tree_top,417.064516129,340.0,647.0,1519.0,tree_top
0.1,1,0.1,119,35,58,61.38,0.0,12.8,1038.0,tree_top,87.5857142857,1.0,138.0,1038.0,tree_top,0.457142857143,0.0,1.0,2.0,tree_top,174.714285714,82.0,260.6,1038.0,tree_top
0.1,1,0.1,119,35,56,1.32,0.0,1.0,22.0,tree_top,1.77142857143,1.0,1.2,22.0,tree_top,0.764705882353,1.0,1.0,2.0,tree_top,2.72222222222,0.0,3.0,22.0,tree_top
0.1,1,0.1,119,35,54,15.36,1.0,10.2,249.0,tree_top,21.8142857143,1.0,22.2,249.0,tree_top,0.466666666667,0.0,1.0,2.0,tree_top,37.825,10.5,59.8,249.0,tree_top
0.1,1,0.1,119,34,60,4.28,1.0,6.4,55.0,tree_top,5.94285714286,2.0,10.2,55.0,tree_top,0.678571428571,1.0,1.0,3.0,tree_top,9.45238095238,6.0,15.0,55.0,tree_top
0.1,1,0.1,119,34,58,1.63,1.0,2.0,11.0,tree_top,2.21428571429,1.0,3.0,11.0,tree_top,1.23684210526,1.0,2.0,3.0,tree_top,3.375,2.0,6.8,11.0,tree_top
0.1,1,0.1,119,34,56,51.69,1.0,41.2,918.0,tree_top,73.6428571429,1.0,94.0,918.0,tree_top,0.545454545455,0.0,1.0,2.0,tree_top,138.837837838,43.0,233.0,918.0,tree_top
0.1,1,0.1,119,34,54,5.07,1.0,3.0,92.0,tree_top,7.04285714286,1.0,7.4,92.0,tree_top,1.11111111111,1.0,1.0,4.0,tree_top,13.3235294118,1.0,21.4,92.0,tree_top
0.1,1,0.05,121,36,60,4.61,1.0,2.2,74.0,tree_top,6.31428571429,1.0,6.0,74.0,tree_top,0.947368421053,1.0,1.0,2.0,tree_top,12.6875,4.5,18.4,74.0,tree_top
0.1,1,0.05,121,36,58,1.55,1.0,2.0,17.0,tree_top,2.05714285714,1.0,3.0,17.0,tree_top,0.540540540541,0.0,1.0,3.0,tree_top,3.75757575758,2.0,7.6,17.0,tree_top
0.1,1,0.05,121,36,56,3.11,1.0,5.0,28.0,tree_top,4.2,1.5,7.2,28.0,tree_top,0.774193548387,1.0,1.0,3.0,tree_top,6.92307692308,5.0,10.8,28.0,tree_top
0.1,1,0.05,121,36,54,3.7,0.0,1.0,159.0,tree_top,5.2,0.0,1.2,159.0,tree_top,0.228571428571,0.0,1.0,1.0,tree_top,10.1714285714,1.0,10.2,159.0,tree_top
0.1,1,0.05,121,35,60,30.67,1.0,10.2,866.0,tree_top,43.5571428571,1.0,34.6,866.0,tree_top,0.342857142857,0.0,1.0,1.0,tree_top,86.7714285714,20.0,79.2,866.0,tree_bot
0.1,1,0.05,121,35,58,9.54,0.0,7.0,166.0,tree_top,13.5285714286,1.0,25.0,166.0,tree_top,0.457142857143,0.0,1.0,2.0,tree_top,26.6,12.0,39.0,166.0,tree_top
0.1,1,0.05,121,35,56,3.3,0.0,3.0,73.0,tree_top,4.57142857143,0.0,4.0,73.0,tree_top,0.243902439024,0.0,0.0,3.0,tree_top,10.6896551724,4.0,13.8,73.0,tree_bot
0.1,1,0.05,121,35,54,1.33,1.0,2.0,10.0,tree_top,1.58571428571,1.0,2.2,10.0,tree_top,1.44117647059,1.0,2.0,5.0,tree_top,1.72222222222,1.0,3.0,10.0,tree_top
0.1,1,0.05,121,34,60,6.91,1.0,7.6,113.0,tree_top,9.7,2.0,15.6,113.0,tree_top,0.677419354839,1.0,1.0,2.0,tree_top,16.8717948718,10.0,21.4,113.0,tree_top
0.1,1,0.05,121,34,58,20.68,1.0,7.2,300.0,tree_top,29.3714285714,1.0,41.4,300.0,tree_top,0.485714285714,0.0,1.0,1.0,tree_top,58.2571428571,21.0,106.2,300.0,tree_top
0.1,1,0.05,121,34,56,15.29,0.0,7.2,384.0,tree_top,21.7285714286,1.0,13.6,384.0,tree_top,0.322580645161,0.0,1.0,2.0,tree_top,38.7435897436,8.0,38.0,384.0,tree_top
0.1,1,0.05,121,34,54,11.52,0.0,6.6,245.0,tree_top,16.2857142857,1.0,15.2,245.0,tree_top,0.230769230769,0.0,0.0,2.0,tree_top,36.4838709677,13.0,55.0,245.0,tree_top
0.1,1,0.05,120,36,60,1.39,1.0,2.0,11.0,tree_top,1.84285714286,1.0,3.2,11.0,tree_top,0.787878787879,1.0,1.0,3.0,off_top,2.78378378378,2.0,5.0,11.0,tree_top
0.1,1,0.05,120,36,58,47.41,0.0,85.8,425.0,tree_top,67.2428571429,0.0,138.0,425.0,tree_top,0.0277777777778,0.0,0.0,1.0,tree_top,138.411764706,117.5,219.8,425.0,tree_top
0.1,1,0.05,120,36,56,3.67,0.0,4.0,46.0,tree_top,5.08571428571,1.0,7.6,46.0,tree_top,0.368421052632,0.0,1.0,4.0,tree_top,10.6875,6.0,17.0,46.0,tree_top
0.1,1,0.05,120,36,54,65.53,0.0,69.2,797.0,tree_top,93.3571428571,0.5,167.6,797.0,tree_top,0.0285714285714,0.0,0.0,1.0,tree_top,186.685714286,139.0,341.4,797.0,tree_top
0.1,1,0.05,120,35,60,3.97,1.0,3.0,49.0,tree_top,5.57142857143,1.0,6.4,49.0,tree_top,0.666666666667,1.0,1.0,2.0,tree_top,9.94594594595,3.0,15.8,49.0,tree_top
0.1,1,0.05,120,35,58,3.32,0.0,2.0,87.0,tree_top,4.61428571429,1.0,3.0,87.0,tree_top,0.375,0.0,1.0,3.0,tree_top,10.2666666667,2.0,12.2,87.0,tree_top
0.1,1,0.05,120,35,56,16.31,1.0,20.4,227.0,tree_top,23.1571428571,2.0,34.4,227.0,tree_top,1.09375,1.0,1.8,4.0,tree_top,41.7368421053,22.0,63.4,227.0,tree_top
0.1,1,0.05,120,35,54,1.87,1.0,2.2,15.0,tree_top,2.57142857143,1.0,5.0,15.0,tree_top,1.15625,1.0,2.0,5.0,tree_top,3.76315789474,2.0,8.0,15.0,tree_top
0.1,1,0.05,120,34,60,8.66,1.0,3.2,185.0,tree_top,12.1714285714,1.0,8.4,185.0,tree_top,0.731707317073,1.0,1.0,3.0,tree_top,28.3448275862,8.0,34.6,185.0,tree_top
0.1,1,0.05,120,34,58,26.59,1.0,8.0,481.0,tree_top,37.8571428571,1.5,38.8,481.0,tree_top,0.655172413793,1.0,1.0,2.0,tree_top,64.1707317073,8.0,129.0,481.0,tree_top
0.1,1,0.05,120,34,56,103.33,1.0,135.0,1037.0,tree_top,147.357142857,1.5,316.4,1037.0,tree_top,0.964285714286,1.0,1.0,3.0,tree_top,244.952380952,88.5,459.6,1037.0,tree_top
0.1,1,0.05,120,34,54,1.19,0.0,1.0,25.0,tree_top,1.61428571429,1.0,2.0,25.0,tree_top,1.0,1.0,1.6,6.0,tree_top,2.34375,0.5,3.0,25.0,tree_top
0.1,1,0.05,119,36,60,47.29,1.0,22.2,923.0,tree_top,67.4285714286,1.0,46.8,923.0,tree_top,0.363636363636,0.0,1.0,2.0,tree_top,127.243243243,26.0,167.8,923.0,tree_top
0.1,1,0.05,119,36,58,22.44,1.0,23.4,226.0,tree_top,31.7714285714,11.5,66.0,226.0,tree_top,0.129032258065,0.0,0.0,1.0,tree_top,56.9230769231,29.0,92.2,226.0,tree_top
0.1,1,0.05,119,36,56,8.31,1.0,7.4,115.0,tree_top,11.7857142857,2.0,16.2,115.0,tree_top,1.35294117647,1.0,2.0,3.0,tree_top,21.6388888889,11.0,36.0,115.0,tree_top
0.1,1,0.05,119,36,54,18.5,0.0,26.0,228.0,tree_top,22.6,0.0,35.0,228.0,tree_top,0.0789473684211,0.0,0.0,1.0,tree_top,49.34375,27.5,77.8,228.0,tree_top
0.1,1,0.05,119,35,60,5.37,0.0,4.4,98.0,tree_top,7.58571428571,0.5,11.2,98.0,tree_top,0.137931034483,0.0,0.0,1.0,tree_top,12.8536585366,4.0,18.0,98.0,tree_top
0.1,1,0.05,119,35,58,52.25,0.0,35.6,1251.0,tree_top,74.4142857143,0.0,63.0,1251.0,tree_top,0.102564102564,0.0,0.0,1.0,tree_top,167.903225806,59.0,249.0,1251.0,tree_top
0.1,1,0.05,119,35,56,0.93,0.5,2.0,6.0,tree_top,1.18571428571,1.0,2.0,6.0,tree_top,1.73529411765,1.0,2.0,6.0,tree_top,0.666666666667,0.0,1.0,5.0,tree_top
0.1,1,0.05,119,35,54,16.54,1.0,4.0,320.0,tree_top,23.4571428571,1.0,16.4,320.0,tree_top,0.547619047619,0.5,1.0,2.0,tree_top,57.8214285714,21.5,90.0,320.0,tree_top
0.1,1,0.05,119,34,60,16.34,1.0,13.4,275.0,tree_top,23.0571428571,1.0,30.4,275.0,tree_top,0.540540540541,0.0,1.0,2.0,tree_top,48.303030303,26.0,93.6,275.0,tree_top
0.1,1,0.05,119,34,58,4.78,0.0,2.0,84.0,tree_top,6.7,1.0,4.2,84.0,tree_top,0.324324324324,0.0,1.0,2.0,tree_top,13.8484848485,3.0,15.8,84.0,tree_top
0.1,1,0.05,119,34,56,5.44,0.5,2.0,139.0,tree_top,7.68571428571,1.0,3.0,139.0,tree_top,0.941176470588,1.0,2.0,3.0,tree_top,14.0555555556,2.0,14.0,139.0,tree_top
0.1,1,0.05,119,34,54,31.84,0.0,7.6,516.0,tree_top,45.3857142857,1.0,32.8,516.0,tree_top,0.472222222222,0.0,1.0,2.0,tree_top,92.9411764706,20.5,196.0,516.0,tree_top
0.1,1,0.01,121,36,60,1.52,1.0,2.0,12.0,tree_top,1.92857142857,1.0,2.0,12.0,tree_top,1.05263157895,1.0,2.0,4.0,tree_top,2.96875,1.0,6.8,12.0,tree_top
0.1,1,0.01,121,36,58,33.83,1.0,7.0,455.0,tree_top,48.1857142857,1.0,66.4,455.0,tree_top,0.75,1.0,1.0,2.0,tree_top,111.433333333,60.0,205.2,455.0,tree_top
0.1,1,0.01,121,36,56,0.84,1.0,1.0,13.0,tree_top,1.01428571429,1.0,1.0,13.0,tree_top,0.710526315789,1.0,1.0,2.0,tree_top,1.375,0.5,2.8,13.0,tree_top
0.1,1,0.01,121,36,54,71.41,1.0,71.4,882.0,tree_top,101.842857143,1.0,136.0,882.0,tree_top,0.258064516129,0.0,1.0,1.0,tree_top,182.58974359,73.0,349.8,882.0,tree_top
0.1,1,0.01,121,35,60,4.8,0.0,3.0,101.0,tree_top,6.62857142857,1.0,7.2,101.0,tree_top,0.194444444444,0.0,0.0,1.0,tree_top,13.4411764706,4.0,21.0,101.0,tree_top
0.1,1,0.01,121,35,58,0.76,0.0,1.0,7.0,tree_top,0.914285714286,0.0,2.0,7.0,tree_top,0.325,0.0,1.0,1.0,tree_top,1.7,2.0,3.0,7.0,tree_top
0.1,1,0.01,121,35,56,1.83,1.0,2.0,37.0,tree_top,2.37142857143,1.0,2.0,37.0,tree_top,0.703703703704,1.0,1.0,2.0,tree_top,3.41860465116,2.0,4.6,37.0,tree_top
0.1,1,0.01,121,35,54,0.92,0.0,1.0,14.0,tree_top,1.2,0.0,2.0,14.0,tree_top,0.269230769231,0.0,1.0,2.0,tree_top,1.75,1.0,3.0,14.0,tree_top
0.1,1,0.01,121,34,60,1.65,0.0,2.2,25.0,tree_top,2.3,0.0,4.2,25.0,tree_top,0.0882352941176,0.0,0.0,1.0,tree_top,4.38888888889,3.0,6.0,25.0,tree_top
0.1,1,0.01,121,34,58,2.32,1.0,2.0,31.0,tree_top,3.24285714286,1.0,3.0,31.0,tree_top,0.825,1.0,1.0,3.0,tree_top,6.46666666667,2.0,12.0,31.0,tree_top
0.1,1,0.01,121,34,56,7.35,1.0,9.2,107.0,tree_top,10.3,1.0,14.2,107.0,tree_top,0.676470588235,1.0,1.0,2.0,tree_top,19.3888888889,10.0,31.0,107.0,tree_top
0.1,1,0.01,121,34,54,9.91,1.0,2.0,381.0,tree_top,13.8857142857,1.0,4.2,381.0,tree_top,1.16666666667,1.0,1.0,4.0,tree_top,27.3529411765,2.5,27.4,381.0,tree_top
0.1,1,0.01,120,36,60,3.79,1.0,5.2,57.0,tree_top,4.62857142857,1.0,8.0,57.0,tree_top,0.15625,0.0,0.0,1.0,tree_top,8.39473684211,5.0,11.6,57.0,tree_top
0.1,1,0.01,120,36,58,10.01,1.0,3.2,230.0,tree_top,14.1571428571,1.0,7.8,230.0,tree_top,0.485714285714,0.0,1.0,3.0,tree_top,27.8285714286,6.0,41.4,230.0,tree_top
0.1,1,0.01,120,36,56,1.82,1.0,2.2,27.0,tree_top,2.47142857143,1.0,4.0,27.0,tree_top,0.548387096774,0.0,1.0,4.0,tree_top,4.0,2.0,7.0,27.0,tree_top
0.1,1,0.01,120,36,54,117.03,2.0,240.6,841.0,tree_top,97.3428571429,1.5,178.4,690.0,tree_top,0.947368421053,1.0,1.0,3.0,tree_top,211.8125,163.0,368.2,690.0,tree_top
0.1,1,0.01,120,35,60,17.26,1.0,10.2,414.0,tree_top,24.5,1.0,29.8,414.0,tree_top,0.647058823529,1.0,1.0,3.0,tree_top,47.0277777778,12.5,74.0,414.0,tree_top
0.1,1,0.01,120,35,58,2.09,1.0,2.2,30.0,tree_top,2.8,1.0,3.2,30.0,tree_top,0.914285714286,1.0,1.0,3.0,tree_top,4.68571428571,3.0,7.0,30.0,tree_top
0.1,1,0.01,120,35,56,88.62,1.0,124.4,1034.0,tree_top,126.357142857,5.0,243.8,1034.0,tree_top,0.655172413793,1.0,1.0,2.0,tree_top,215.268292683,124.0,300.0,1034.0,tree_top
0.1,1,0.01,120,35,54,0.79,1.0,1.0,3.0,tree_top,0.871428571429,1.0,1.0,3.0,tree_top,1.12195121951,1.0,2.0,2.0,tree_top,0.51724137931,0.0,1.0,3.0,tree_top
0.1,1,0.01,120,34,60,4.19,0.0,2.0,97.0,tree_top,5.81428571429,1.0,3.0,97.0,tree_top,0.275,0.0,1.0,2.0,tree_top,13.2,3.0,20.2,97.0,tree_top
0.1,1,0.01,120,34,58,8.52,1.0,3.2,267.0,tree_top,12.0285714286,1.0,6.0,267.0,tree_top,0.972222222222,1.0,2.0,2.0,tree_top,23.7352941176,5.0,22.2,267.0,tree_top
0.1,1,0.01,120,34,56,1.86,1.0,2.2,18.0,tree_top,2.42857142857,1.0,3.0,18.0,tree_top,1.5641025641,1.0,2.0,5.0,tree_top,3.51612903226,1.0,7.0,18.0,tree_top
0.1,1,0.01,120,34,54,0.69,0.0,1.0,8.0,tree_top,0.871428571429,0.0,1.0,8.0,tree_top,0.487804878049,0.0,1.0,3.0,tree_top,1.41379310345,1.0,2.0,8.0,tree_top
0.1,1,0.01,119,36,60,12.94,1.0,2.4,251.0,tree_top,18.3142857143,1.0,12.2,251.0,tree_top,0.870967741935,1.0,1.0,2.0,tree_top,32.1794871795,4.0,43.2,251.0,tree_top
0.1,1,0.01,119,36,58,13.42,1.0,12.2,204.0,tree_top,19.0285714286,1.0,27.6,204.0,tree_top,0.875,1.0,1.0,2.0,tree_top,34.3157894737,13.0,52.4,204.0,tree_top
0.1,1,0.01,119,36,56,3.41,1.0,3.0,31.0,tree_top,4.75714285714,1.0,9.2,31.0,tree_top,0.259259259259,0.0,1.0,1.0,tree_top,7.58139534884,3.0,14.2,31.0,tree_top
0.1,1,0.01,119,36,54,2.06,1.0,3.0,22.0,tree_top,2.77142857143,1.0,4.0,22.0,tree_top,1.0,1.0,1.0,4.0,tree_top,4.26315789474,3.0,6.6,22.0,tree_top
0.1,1,0.01,119,35,60,19.73,1.0,19.0,391.0,tree_top,28.0714285714,2.0,35.4,391.0,tree_top,1.06666666667,1.0,1.0,3.0,tree_top,48.325,19.0,66.2,391.0,tree_top
0.1,1,0.01,119,35,58,0.89,1.0,2.0,7.0,tree_top,1.17142857143,1.0,2.0,7.0,tree_top,0.794117647059,1.0,1.0,2.0,tree_top,1.52777777778,1.0,2.0,7.0,tree_top
0.1,1,0.01,119,35,56,1.2,0.0,1.0,42.0,tree_top,1.58571428571,1.0,1.0,42.0,tree_top,0.717948717949,1.0,1.0,2.0,tree_top,2.67741935484,1.0,2.0,42.0,tree_top
0.1,1,0.01,119,35,54,5.72,0.0,1.0,129.0,tree_top,8.07142857143,1.0,3.2,129.0,tree_top,0.404761904762,0.0,1.0,1.0,tree_top,19.5714285714,3.5,42.0,129.0,tree_top
0.1,1,0.01,119,34,60,3.58,0.0,6.0,54.0,tree_top,5.01428571429,0.5,9.0,54.0,tree_top,0.233333333333,0.0,0.0,3.0,tree_top,8.6,6.0,12.0,54.0,tree_top
0.1,1,0.01,119,34,58,8.72,0.0,6.2,143.0,tree_top,12.2285714286,0.0,13.4,143.0,tree_top,0.0769230769231,0.0,0.0,1.0,tree_top,27.5161290323,10.0,48.0,143.0,tree_top
0.1,1,0.01,119,34,56,2.81,1.0,3.0,31.0,tree_top,3.78571428571,1.0,6.2,31.0,tree_top,0.648648648649,1.0,1.0,2.0,tree_top,7.30303030303,5.0,13.2,31.0,tree_top
0.1,1,0.01,119,34,54,1.07,0.0,1.0,25.0,tree_top,1.44285714286,1.0,1.0,25.0,tree_top,0.529411764706,1.0,1.0,1.0,tree_top,2.30555555556,1.0,3.0,25.0,tree_top
0.08,1,0.1,121,36,60,56.38,0.0,78.0,783.0,tree_top,80.1571428571,0.0,124.8,783.0,tree_top,0.0789473684211,0.0,0.0,1.0,tree_top,175.25,120.0,285.2,783.0,tree_top
0.08,1,0.1,121,36,58,3.85,0.0,3.0,59.0,tree_top,5.42857142857,1.0,6.2,59.0,tree_top,0.441176470588,0.0,1.0,2.0,tree_top,10.1388888889,3.5,17.0,59.0,tree_top
0.08,1,0.1,121,36,56,28.62,1.0,26.8,300.0,tree_top,40.5857142857,7.0,84.8,300.0,tree_top,0.433333333333,0.0,1.0,1.0,tree_top,70.7,31.0,105.4,300.0,tree_top
0.08,1,0.1,121,36,54,47.64,1.0,8.2,1412.0,tree_top,67.9714285714,1.0,76.4,1412.0,tree_top,0.714285714286,1.0,1.0,3.0,tree_top,168.857142857,90.5,238.0,1412.0,tree_top
0.08,1,0.1,121,35,60,0.72,0.0,1.0,7.0,tree_top,0.885714285714,0.0,1.0,7.0,tree_top,0.27027027027,0.0,1.0,1.0,tree_top,1.57575757576,1.0,3.2,7.0,tree_top
0.08,1,0.1,121,35,58,3.75,1.0,3.0,55.0,tree_top,5.11428571429,1.0,9.0,55.0,tree_top,0.666666666667,1.0,1.0,1.0,tree_top,9.82352941176,5.0,14.6,55.0,tree_top
0.08,1,0.1,121,35,56,2.23,1.0,2.0,36.0,tree_top,3.0,1.0,2.0,36.0,tree_top,0.941176470588,1.0,1.0,2.0,tree_top,4.94444444444,1.0,7.0,36.0,tree_top
0.08,1,0.1,121,35,54,1.97,0.0,1.0,51.0,tree_top,2.71428571429,1.0,2.0,51.0,tree_top,0.6,1.0,1.0,2.0,tree_top,4.82857142857,1.0,10.0,51.0,tree_top
0.08,1,0.1,121,34,60,5.74,1.0,4.2,63.0,tree_top,8.05714285714,1.0,11.4,63.0,tree_top,0.5,0.5,1.0,1.0,tree_top,15.1944444444,6.5,27.0,63.0,tree_top
0.08,1,0.1,121,34,58,8.44,1.0,2.0,338.0,tree_top,11.9142857143,1.0,2.2,338.0,tree_top,1.30555555556,1.0,2.0,3.0,tree_top,23.1470588235,1.0,17.4,338.0,tree_top
0.08,1,0.1,121,34,56,8.89,1.0,15.2,114.0,tree_top,12.3142857143,2.0,25.0,114.0,tree_top,0.0967741935484,0.0,0.0,2.0,tree_top,22.0256410256,16.0,39.8,114.0,tree_top
0.08,1,0.1,121,34,54,5.24,0.0,2.0,143.0,tree_top,7.4,1.0,4.2,143.0,tree_top,0.564102564103,0.0,1.0,3.0,tree_top,16.0,2.0,21.0,143.0,off_bot
0.08,1,0.1,120,36,60,1.35,0.0,1.0,16.0,tree_top,1.81428571429,1.0,3.0,16.0,tree_top,0.575757575758,1.0,1.0,2.0,tree_top,2.91891891892,1.0,5.0,16.0,tree_top
0.08,1,0.1,120,36,58,37.42,0.0,42.2,410.0,tree_top,52.9714285714,0.0,106.6,410.0,tree_top,0.0,0.0,0.0,0.0,tree_top,112.363636364,92.0,177.8,410.0,tree_top
0.08,1,0.1,120,36,56,1.14,1.0,2.0,11.0,tree_top,1.32857142857,1.0,2.0,11.0,tree_top,0.928571428571,1.0,1.6,3.0,tree_top,1.59523809524,1.0,2.0,11.0,tree_top
0.08,1,0.1,120,36,54,7.4,1.0,6.0,84.0,tree_top,10.3857142857,2.0,14.4,84.0,tree_top,1.11764705882,1.0,1.4,3.0,tree_top,19.1388888889,9.0,32.0,84.0,tree_top
0.08,1,0.1,120,35,60,5.23,1.0,3.2,93.0,tree_top,7.18571428571,1.0,7.2,93.0,tree_top,0.756756756757,1.0,1.0,1.0,off_top,14.3939393939,5.0,24.6,93.0,tree_top
0.08,1,0.1,120,35,58,0.83,0.0,1.0,7.0,tree_top,0.971428571429,1.0,2.0,7.0,tree_top,0.35,0.0,1.0,1.0,tree_top,1.8,1.5,3.0,7.0,tree_top
0.08,1,0.1,120,35,56,3.43,1.0,5.0,28.0,tree_top,4.77142857143,2.0,8.0,28.0,tree_top,0.96875,1.0,1.0,3.0,tree_top,7.97368421053,5.0,12.6,28.0,tree_top
0.08,1,0.1,120,35,54,24.08,1.0,13.2,388.0,tree_top,34.2285714286,2.0,27.6,388.0,tree_top,0.794117647059,1.0,1.0,2.0,tree_top,65.8055555556,20.5,94.0,388.0,tree_top
0.08,1,0.1,120,34,60,1.03,0.0,1.2,11.0,tree_top,1.37142857143,0.0,3.0,11.0,tree_top,0.441176470588,0.0,1.0,3.0,tree_top,2.25,1.0,4.0,11.0,tree_top
0.08,1,0.1,120,34,58,2.76,1.0,3.0,30.0,tree_top,3.74285714286,1.0,6.2,30.0,tree_top,0.78125,1.0,1.0,3.0,tree_top,6.23684210526,3.0,9.6,30.0,tree_top
0.08,1,0.1,120,34,56,1.09,1.0,2.0,11.0,tree_top,1.37142857143,1.0,2.0,11.0,tree_top,1.08108108108,1.0,2.0,4.0,tree_top,1.69696969697,1.0,2.6,11.0,tree_top
0.08,1,0.1,120,34,54,2.77,1.0,2.2,27.0,tree_top,3.84285714286,1.0,7.0,27.0,tree_top,0.606060606061,1.0,1.0,2.0,tree_top,6.72972972973,3.0,11.8,27.0,tree_top
0.08,1,0.1,119,36,60,7.51,1.0,14.4,72.0,tree_top,10.4285714286,2.0,20.2,72.0,tree_top,0.111111111111,0.0,0.0,1.0,tree_top,16.9069767442,13.0,32.0,72.0,tree_top
0.08,1,0.1,119,36,58,2.39,1.0,3.0,35.0,tree_top,3.22857142857,1.0,4.2,35.0,tree_top,0.692307692308,1.0,1.0,1.0,tree_top,4.72727272727,2.0,8.0,35.0,tree_top
0.08,1,0.1,119,36,56,4.91,1.0,3.0,109.0,tree_top,6.47142857143,1.0,5.0,109.0,tree_top,0.454545454545,0.0,1.0,1.0,tree_top,16.6538461538,5.5,19.0,109.0,tree_top
0.08,1,0.1,119,36,54,1.24,0.0,2.0,11.0,tree_top,1.62857142857,1.0,3.0,11.0,tree_top,0.4,0.0,1.0,2.0,tree_top,2.85714285714,2.0,5.0,11.0,tree_top
0.08,1,0.1,119,35,60,1.84,1.0,2.0,23.0,tree_top,2.47142857143,1.0,3.0,23.0,tree_top,0.638888888889,1.0,1.0,2.0,tree_top,4.41176470588,2.0,6.8,23.0,tree_top
0.08,1,0.1,119,35,58,11.97,1.0,2.0,233.0,tree_top,16.9428571429,1.0,3.0,233.0,tree_top,0.75,1.0,1.0,2.0,tree_top,44.3461538462,4.0,108.0,233.0,tree_top
0.08,1,0.1,119,35,56,5.04,1.0,7.0,46.0,tree_top,6.98571428571,2.0,12.2,46.0,tree_top,1.22580645161,1.0,2.0,4.0,tree_top,11.5641025641,7.0,19.2,46.0,tree_top
0.08,1,0.1,119,35,54,1.3,1.0,1.2,12.0,tree_top,1.68571428571,1.0,2.0,12.0,tree_top,1.0,1.0,1.0,2.0,tree_top,2.2972972973,1.0,3.8,12.0,tree_top
0.08,1,0.1,119,34,60,3.53,1.0,5.2,51.0,tree_top,4.78571428571,1.0,8.2,51.0,tree_top,0.266666666667,0.0,1.0,1.0,tree_top,8.175,5.5,12.2,51.0,tree_top
0.08,1,0.1,119,34,58,1.28,1.0,1.0,13.0,tree_top,1.54285714286,1.0,2.0,13.0,tree_top,0.428571428571,0.0,1.0,1.0,tree_top,2.65714285714,1.0,5.0,13.0,tree_top
0.08,1,0.1,119,34,56,9.94,1.0,13.2,122.0,tree_top,14.0857142857,2.0,24.6,122.0,tree_top,0.454545454545,0.0,1.0,1.0,tree_top,20.3333333333,8.5,34.0,122.0,tree_top
0.08,1,0.1,119,34,54,5.73,1.0,8.0,116.0,tree_top,7.95714285714,1.5,11.0,116.0,tree_top,0.125,0.0,0.0,1.0,tree_top,14.5526315789,8.5,21.0,116.0,tree_top
0.08,1,0.05,121,36,60,38.82,1.0,42.0,634.0,tree_top,55.2571428571,2.0,58.6,634.0,tree_top,0.9375,1.0,1.0,3.0,tree_top,101.0,42.5,177.8,634.0,tree_top
0.08,1,0.05,121,36,58,39.18,1.0,78.6,401.0,tree_top,39.4142857143,1.0,85.6,401.0,tree_top,0.435897435897,0.0,1.0,1.0,tree_top,88.4516129032,78.0,141.0,401.0,tree_top
0.08,1,0.05,121,36,56,6.55,1.0,11.4,93.0,tree_top,9.12857142857,1.0,16.2,93.0,tree_top,0.4,0.0,1.0,3.0,tree_top,17.8571428571,15.0,24.8,93.0,tree_top
0.08,1,0.05,121,36,54,5.21,1.0,7.0,74.0,tree_top,7.28571428571,1.0,9.2,74.0,tree_top,0.514285714286,0.0,1.0,2.0,tree_top,14.0571428571,8.0,18.0,74.0,tree_top
0.08,1,0.05,121,35,60,40.51,1.0,22.4,826.0,tree_top,57.3285714286,1.0,56.0,826.0,tree_top,0.694444444444,1.0,1.0,1.0,tree_top,117.294117647,40.5,181.0,826.0,tree_bot
0.08,1,0.05,121,35,58,66.55,1.0,47.8,995.0,tree_top,94.8714285714,2.5,96.4,995.0,tree_top,0.148148148148,0.0,0.0,1.0,tree_top,154.348837209,41.0,212.2,995.0,tree_top
0.08,1,0.05,121,35,56,0.77,0.0,1.0,8.0,tree_top,1.0,0.0,2.0,8.0,tree_top,0.166666666667,0.0,0.0,1.0,tree_top,1.88235294118,1.5,3.0,8.0,tree_top
0.08,1,0.05,121,35,54,2.77,0.0,2.0,39.0,tree_top,3.85714285714,1.0,3.2,39.0,tree_top,0.594594594595,0.0,1.0,3.0,tree_top,7.51515151515,2.0,16.2,39.0,tree_top
0.08,1,0.05,121,34,60,1.54,1.0,2.2,10.0,tree_top,2.01428571429,1.0,4.0,10.0,tree_top,0.5,0.0,1.0,2.0,tree_top,3.28947368421,3.0,6.0,10.0,tree_top
0.08,1,0.05,121,34,58,17.25,0.0,26.2,221.0,tree_top,24.6,1.0,39.4,221.0,tree_top,0.117647058824,0.0,0.0,1.0,tree_top,47.7222222222,28.0,96.0,221.0,tree_top
0.08,1,0.05,121,34,56,54.94,1.0,38.6,720.0,tree_top,78.3714285714,2.0,83.0,720.0,tree_top,0.724137931034,1.0,1.0,5.0,tree_top,133.292682927,38.0,308.0,720.0,tree_top
0.08,1,0.05,121,34,54,2.02,1.0,2.0,33.0,tree_top,2.65714285714,1.0,2.2,33.0,tree_top,1.2972972973,1.0,2.0,4.0,off_top,4.18181818182,2.0,4.0,33.0,tree_top
0.08,1,0.05,120,36,60,3.23,1.0,3.0,33.0,tree_top,4.44285714286,1.0,5.4,33.0,tree_top,0.571428571429,1.0,1.0,2.0,tree_top,8.31428571429,4.0,14.0,33.0,tree_top
0.08,1,0.05,120,36,58,2.49,0.0,5.0,26.0,tree_top,3.3,1.0,6.0,26.0,tree_top,0.125,0.0,0.0,2.0,tree_top,5.97368421053,5.0,8.0,26.0,tree_top
0.08,1,0.05,120,36,56,5.96,1.0,4.2,96.0,tree_top,8.3,1.0,9.4,96.0,tree_top,0.815789473684,1.0,1.6,3.0,tree_top,17.1875,9.0,31.0,96.0,tree_top
0.08,1,0.05,120,36,54,4.22,0.0,7.2,48.0,tree_top,5.35714285714,0.5,11.0,48.0,tree_top,0.190476190476,0.0,0.0,1.0,tree_top,13.1071428571,11.0,16.0,48.0,tree_top
0.08,1,0.05,120,35,60,1.47,1.0,2.0,20.0,tree_top,1.9,1.0,2.2,20.0,tree_top,0.837837837838,1.0,1.0,3.0,tree_top,3.09090909091,1.0,4.0,20.0,tree_top
0.08,1,0.05,120,35,58,12.31,1.0,6.4,339.0,tree_top,17.3857142857,1.0,19.2,339.0,tree_top,0.4,0.0,1.0,2.0,tree_top,30.125,7.0,43.0,339.0,tree_top
0.08,1,0.05,120,35,56,3.87,0.0,4.2,51.0,tree_top,5.44285714286,0.0,10.0,51.0,tree_top,0.0357142857143,0.0,0.0,1.0,tree_top,9.04761904762,4.0,13.6,51.0,tree_top
0.08,1,0.05,120,35,54,7.47,1.0,8.2,101.0,tree_top,10.5857142857,2.0,19.2,101.0,tree_top,0.962962962963,1.0,1.0,2.0,tree_top,16.6279069767,7.0,26.4,101.0,tree_bot
0.08,1,0.05,120,34,60,35.17,1.0,4.2,961.0,tree_top,50.0571428571,1.0,35.0,961.0,tree_top,1.05263157895,1.0,2.0,3.0,tree_top,108.25,21.0,128.6,961.0,tree_top
0.08,1,0.05,120,34,58,2.15,0.0,4.0,24.0,tree_top,2.91428571429,1.0,5.0,24.0,tree_top,0.225806451613,0.0,1.0,1.0,tree_top,5.05128205128,4.0,8.0,24.0,tree_top
0.08,1,0.05,120,34,56,8.94,1.0,9.0,142.0,tree_top,12.6428571429,1.0,23.0,142.0,tree_top,0.466666666667,0.0,1.0,3.0,tree_top,21.775,9.0,31.6,142.0,tree_top
0.08,1,0.05,120,34,54,3.33,1.0,3.2,29.0,tree_top,4.61428571429,1.0,9.0,29.0,tree_top,0.472222222222,0.0,1.0,2.0,tree_top,9.0,7.5,14.4,29.0,tree_top
0.08,1,0.05,119,36,60,16.04,1.0,24.6,195.0,tree_top,22.7571428571,2.0,35.0,195.0,tree_top,0.971428571429,1.0,1.0,2.0,tree_top,44.5428571429,28.0,80.0,195.0,tree_top
0.08,1,0.05,119,36,58,161.0,1.0,288.0,2359.0,tree_top,178.485714286,1.0,278.4,2359.0,tree_top,0.5,0.5,1.0,1.0,tree_top,389.84375,248.5,602.6,2359.0,tree_top
0.08,1,0.05,119,36,56,4.13,1.0,2.0,120.0,tree_top,5.78571428571,1.0,4.2,120.0,tree_top,0.777777777778,1.0,1.0,3.0,tree_top,11.0882352941,2.5,17.2,120.0,tree_top
0.08,1,0.05,119,36,54,2.45,1.0,3.2,19.0,tree_top,3.37142857143,2.0,5.0,19.0,tree_top,1.54838709677,1.0,2.0,5.0,tree_top,4.82051282051,3.0,8.8,19.0,tree_top
0.08,1,0.05,119,35,60,9.36,0.0,5.0,178.0,tree_top,13.1285714286,0.5,11.2,178.0,tree_top,0.225806451613,0.0,0.0,2.0,tree_top,23.3846153846,5.0,45.0,178.0,tree_top
0.08,1,0.05,119,35,58,2.72,0.0,3.0,28.0,tree_top,3.74285714286,1.0,6.0,28.0,tree_top,0.305555555556,0.0,1.0,2.0,tree_top,7.38235294118,4.0,15.4,28.0,tree_top
0.08,1,0.05,119,35,56,26.37,1.0,43.4,254.0,tree_top,37.4428571429,1.0,74.4,254.0,tree_top,0.172413793103,0.0,0.0,1.0,tree_top,63.8048780488,43.0,118.0,254.0,off_bot
0.08,1,0.05,119,35,54,6.59,1.0,4.2,96.0,tree_top,9.27142857143,1.0,9.4,96.0,tree_top,1.0,1.0,1.0,3.0,tree_top,15.1219512195,4.0,26.0,96.0,tree_top
0.08,1,0.05,119,34,60,30.59,1.0,6.2,734.0,tree_top,43.5285714286,1.0,14.0,734.0,tree_top,0.363636363636,0.0,1.0,2.0,tree_top,82.027027027,8.0,149.4,734.0,tree_top
0.08,1,0.05,119,34,58,9.67,1.0,12.4,172.0,tree_top,13.6571428571,1.0,21.0,172.0,tree_top,0.714285714286,1.0,1.0,2.0,tree_top,26.6,15.0,50.6,172.0,tree_top
0.08,1,0.05,119,34,56,0.93,1.0,1.0,12.0,tree_top,1.21428571429,1.0,2.0,12.0,tree_top,0.852941176471,1.0,1.0,3.0,tree_top,1.55555555556,1.0,2.0,12.0,tree_top
0.08,1,0.05,119,34,54,3.79,1.0,3.0,45.0,tree_top,5.28571428571,1.5,4.4,45.0,tree_top,1.2,1.0,2.0,3.0,tree_top,9.37142857143,4.0,17.6,45.0,tree_top
0.08,1,0.01,121,36,60,14.13,1.0,15.4,236.0,tree_top,19.9,1.0,26.2,236.0,tree_top,0.361111111111,0.0,1.0,3.0,tree_top,40.5882352941,21.0,63.8,236.0,tree_top
0.08,1,0.01,121,36,58,2.68,0.0,3.0,34.0,tree_top,3.71428571429,0.5,7.0,34.0,tree_top,0.212121212121,0.0,0.6,1.0,tree_top,6.83783783784,3.0,10.0,34.0,tree_top
0.08,1,0.01,121,36,56,0.72,1.0,1.0,3.0,tree_top,0.828571428571,1.0,1.0,3.0,tree_top,1.075,1.0,2.0,3.0,tree_top,0.5,0.0,1.0,2.0,tree_top
0.08,1,0.01,121,36,54,3.4,1.0,3.4,35.0,tree_top,4.78571428571,1.0,7.2,35.0,tree_top,0.628571428571,1.0,1.0,3.0,tree_top,8.94285714286,5.0,16.0,35.0,tree_top
0.08,1,0.01,121,35,60,2.03,1.0,1.0,32.0,tree_top,2.72857142857,1.0,3.0,32.0,tree_top,0.951219512195,1.0,1.0,3.0,tree_top,5.24137931034,1.0,6.6,32.0,tree_top
0.08,1,0.01,121,35,58,38.37,1.0,4.6,1312.0,tree_top,54.6285714286,1.0,40.4,1312.0,tree_top,0.916666666667,1.0,1.0,2.0,tree_top,111.5,8.0,103.4,1312.0,tree_top
0.08,1,0.01,121,35,56,3.28,0.0,4.0,45.0,tree_top,4.45714285714,1.0,6.2,45.0,tree_top,0.030303030303,0.0,0.0,1.0,tree_top,8.40540540541,5.0,10.8,45.0,tree_top
0.08,1,0.01,121,35,54,3.15,1.0,2.0,43.0,tree_top,4.25714285714,1.0,4.4,43.0,tree_top,0.9,1.0,1.0,2.0,tree_top,6.775,2.0,11.6,43.0,tree_top
0.08,1,0.01,121,34,60,21.05,1.0,3.2,567.0,tree_top,29.9571428571,1.0,6.6,567.0,tree_top,0.857142857143,1.0,1.0,4.0,tree_top,73.6071428571,7.5,91.4,567.0,tree_top
0.08,1,0.01,121,34,58,1.82,1.0,2.0,22.0,tree_top,2.45714285714,1.0,3.2,22.0,tree_top,1.0,1.0,1.0,3.0,tree_top,3.91428571429,2.0,6.0,22.0,tree_top
0.08,1,0.01,121,34,56,2.52,1.0,2.0,35.0,tree_top,3.48571428571,1.0,2.0,35.0,tree_top,0.731707317073,1.0,1.0,3.0,tree_top,7.37931034483,2.0,13.8,35.0,tree_top
0.08,1,0.01,121,34,54,1.48,0.0,1.0,26.0,tree_top,1.98571428571,0.0,2.0,26.0,tree_top,0.368421052632,0.0,1.0,1.0,tree_top,3.90625,1.5,5.8,26.0,tree_top
0.08,1,0.01,120,36,60,1.57,1.0,1.2,24.0,tree_top,2.17142857143,1.0,2.0,24.0,tree_top,0.823529411765,1.0,1.0,3.0,tree_top,3.44444444444,1.0,4.0,24.0,tree_top
0.08,1,0.01,120,36,58,1.62,0.0,1.0,52.0,tree_top,2.17142857143,1.0,2.0,52.0,tree_top,0.647058823529,0.5,1.0,2.0,tree_top,3.61111111111,1.0,3.0,52.0,tree_top
0.08,1,0.01,120,36,56,0.84,0.5,1.0,5.0,tree_top,1.1,1.0,2.0,5.0,tree_top,0.586206896552,1.0,1.0,1.0,tree_top,1.46341463415,1.0,3.0,5.0,tree_top
0.08,1,0.01,120,36,54,26.7,1.0,27.8,353.0,tree_top,38.0285714286,1.0,82.6,353.0,tree_top,0.444444444444,0.0,1.0,2.0,tree_top,77.8235294118,69.0,124.0,353.0,tree_top
0.08,1,0.01,120,35,60,5.58,1.0,3.0,94.0,tree_top,7.75714285714,1.0,5.2,94.0,tree_top,0.560975609756,0.0,1.0,2.0,tree_top,17.9310344828,5.0,27.2,94.0,tree_top
0.08,1,0.01,120,35,58,0.76,0.0,1.0,8.0,tree_top,0.985714285714,1.0,1.0,8.0,tree_top,0.794117647059,1.0,1.0,2.0,tree_top,1.16666666667,1.0,2.0,8.0,tree_top
0.08,1,0.01,120,35,56,3.76,1.0,3.0,53.0,tree_top,5.21428571429,1.0,5.0,53.0,tree_top,0.375,0.0,1.0,2.0,tree_top,9.28947368421,3.0,14.6,53.0,tree_top
0.08,1,0.01,120,35,54,7.42,1.0,4.2,82.0,tree_top,10.4,1.0,11.2,82.0,tree_top,0.918918918919,1.0,1.0,3.0,tree_top,21.0303030303,10.0,42.2,82.0,tree_top
0.08,1,0.01,120,34,60,1.47,1.0,2.0,17.0,tree_top,2.0,1.0,3.0,17.0,tree_top,1.25641025641,1.0,2.0,4.0,tree_top,2.93548387097,1.0,5.0,17.0,tree_top
0.08,1,0.01,120,34,58,2.64,0.0,4.0,31.0,tree_top,3.58571428571,1.0,5.2,31.0,tree_top,0.166666666667,0.0,0.0,2.0,tree_top,6.15,4.0,9.8,31.0,tree_top
0.08,1,0.01,120,34,56,19.51,1.0,7.0,451.0,tree_top,27.6714285714,1.0,35.0,451.0,tree_top,0.405405405405,0.0,1.0,2.0,tree_top,58.2424242424,20.0,91.2,451.0,tree_bot
0.08,1,0.01,120,34,54,7.48,1.0,4.0,151.0,tree_top,10.5285714286,1.0,6.2,151.0,tree_top,0.384615384615,0.0,1.0,2.0,tree_top,23.2903225806,6.0,29.0,151.0,tree_top
0.08,1,0.01,119,36,60,57.84,1.0,48.4,686.0,tree_top,82.4285714286,1.0,136.6,686.0,tree_top,0.410256410256,0.0,1.0,2.0,tree_top,185.612903226,132.0,336.0,686.0,tree_bot
0.08,1,0.01,119,36,58,20.33,1.0,18.0,297.0,tree_top,28.8714285714,1.0,34.8,297.0,tree_top,0.34375,0.0,1.0,1.0,tree_top,52.8947368421,24.5,77.2,297.0,tree_top
0.08,1,0.01,119,36,56,0.54,0.0,1.0,5.0,tree_top,0.614285714286,0.0,1.0,5.0,tree_top,1.03703703704,1.0,1.0,3.0,tree_top,0.348837209302,0.0,0.6,5.0,tree_top
0.08,1,0.01,119,36,54,0.61,0.0,1.0,4.0,tree_top,0.657142857143,0.5,1.0,4.0,tree_top,0.766666666667,1.0,1.0,2.0,tree_top,0.575,0.0,1.0,4.0,tree_top
0.08,1,0.01,119,35,60,1.25,1.0,1.0,17.0,tree_top,1.57142857143,1.0,2.0,17.0,tree_top,0.926829268293,1.0,1.0,3.0,tree_top,2.48275862069,1.0,4.4,17.0,tree_top
0.08,1,0.01,119,35,58,12.65,1.0,23.2,122.0,tree_top,17.1571428571,5.0,34.6,122.0,tree_top,0.357142857143,0.0,1.0,2.0,tree_top,28.3571428571,20.5,39.8,122.0,tree_top
0.08,1,0.01,119,35,56,1.39,1.0,2.0,18.0,tree_top,1.87142857143,1.0,2.0,18.0,tree_top,0.69696969697,1.0,1.0,2.0,tree_top,2.91891891892,2.0,4.0,18.0,tree_top
0.08,1,0.01,119,35,54,7.3,0.0,4.2,89.0,tree_top,10.3285714286,1.0,18.6,89.0,tree_top,0.457142857143,0.0,1.0,2.0,tree_top,20.2,11.0,33.8,89.0,tree_top
0.08,1,0.01,119,34,60,2.59,1.0,2.0,139.0,tree_top,3.44285714286,1.0,3.0,139.0,tree_top,0.488372093023,0.0,1.0,2.0,tree_top,8.14814814815,3.0,5.0,139.0,tree_top
0.08,1,0.01,119,34,58,14.17,1.0,2.0,589.0,tree_top,20.1285714286,1.0,3.4,589.0,tree_top,0.926829268293,1.0,2.0,3.0,tree_top,47.275862069,3.0,26.2,589.0,tree_top
0.08,1,0.01,119,34,56,3.05,0.5,3.2,43.0,tree_top,4.15714285714,1.0,6.0,43.0,tree_top,0.166666666667,0.0,0.0,2.0,tree_top,7.15,3.5,10.0,43.0,tree_top
0.08,1,0.01,119,34,54,8.96,1.0,4.4,121.0,tree_top,12.3428571429,1.0,15.4,121.0,tree_top,0.411764705882,0.0,1.0,2.0,tree_top,23.6111111111,6.0,43.0,121.0,tree_top
0.05,1,0.1,121,36,60,47.0,0.0,8.2,1856.0,tree_top,66.9571428571,0.0,43.2,1856.0,tree_top,0.142857142857,0.0,0.0,2.0,tree_top,167.178571429,43.5,223.0,1856.0,tree_top
0.05,1,0.1,121,36,58,15.05,1.0,29.0,184.0,tree_top,21.0714285714,1.5,33.2,184.0,tree_top,0.361111111111,0.0,1.0,2.0,tree_top,43.0,31.0,67.8,184.0,tree_top
0.05,1,0.1,121,36,56,4.2,1.0,3.2,68.0,tree_top,5.71428571429,1.0,5.0,68.0,tree_top,0.916666666667,1.0,2.0,3.0,tree_top,10.7941176471,4.0,14.0,68.0,tree_top
0.05,1,0.1,121,36,54,4.54,1.0,6.4,59.0,tree_top,6.38571428571,1.0,12.2,59.0,tree_top,0.5625,0.5,1.0,2.0,tree_top,11.2894736842,8.5,18.8,59.0,tree_top
0.05,1,0.1,121,35,60,0.54,0.0,1.0,5.0,tree_top,0.585714285714,0.0,1.0,5.0,tree_top,0.694444444444,1.0,1.0,2.0,tree_top,0.470588235294,0.0,0.4,5.0,tree_top
0.05,1,0.1,121,35,58,2.19,1.0,2.0,27.0,tree_top,3.02857142857,1.0,5.0,27.0,tree_top,0.512820512821,1.0,1.0,1.0,tree_top,6.1935483871,3.0,12.0,27.0,tree_top
0.05,1,0.1,121,35,56,5.14,1.0,6.2,100.0,tree_top,6.92857142857,1.0,12.0,100.0,tree_top,0.764705882353,1.0,1.0,2.0,tree_top,12.75,10.0,18.0,100.0,tree_top
0.05,1,0.1,121,35,54,1.5,1.0,2.0,15.0,tree_top,1.97142857143,1.0,2.2,15.0,tree_top,0.966666666667,1.0,1.0,2.0,tree_top,2.725,1.5,5.0,15.0,tree_top
0.05,1,0.1,121,34,60,87.48,1.0,66.8,1358.0,tree_top,124.842857143,1.0,202.0,1358.0,tree_top,0.820512820513,1.0,2.0,3.0,tree_top,280.870967742,128.0,485.0,1358.0,tree_top
0.05,1,0.1,121,34,58,10.22,1.0,4.0,183.0,tree_top,14.4428571429,1.0,6.2,183.0,tree_top,0.888888888889,1.0,1.0,2.0,tree_top,28.7941176471,5.0,41.8,183.0,tree_top
0.05,1,0.1,121,34,56,10.17,1.0,4.0,189.0,tree_top,14.3,1.0,16.6,189.0,tree_top,0.923076923077,1.0,1.0,2.0,tree_top,31.1290322581,10.0,55.0,189.0,tree_top
0.05,1,0.1,121,34,54,22.04,1.0,29.0,201.0,tree_top,31.2857142857,1.0,60.2,201.0,tree_top,0.242424242424,0.0,1.0,1.0,tree_top,58.972972973,44.0,116.8,201.0,tree_bot
0.05,1,0.1,120,36,60,22.45,1.0,20.2,260.0,tree_top,31.8285714286,2.0,40.8,260.0,tree_top,1.08333333333,1.0,1.0,2.0,tree_top,64.3823529412,26.0,121.2,260.0,tree_top
0.05,1,0.1,120,36,58,1.42,0.5,1.2,12.0,tree_top,1.94285714286,1.0,3.2,12.0,tree_top,0.594594594595,1.0,1.0,3.0,tree_top,3.45454545455,3.0,6.6,12.0,tree_top
0.05,1,0.1,120,36,56,1.21,0.0,1.0,15.0,tree_top,1.54285714286,0.0,3.2,15.0,tree_top,0.0540540540541,0.0,0.0,1.0,tree_top,3.21212121212,2.0,5.0,15.0,tree_top
0.05,1,0.1,120,36,54,0.99,1.0,1.2,7.0,tree_top,1.34285714286,1.0,2.0,7.0,tree_top,1.0,1.0,1.0,2.0,tree_top,1.72727272727,1.0,3.0,7.0,tree_top
0.05,1,0.1,120,35,60,7.68,1.0,5.2,103.0,tree_top,10.6714285714,2.0,10.0,103.0,tree_top,1.19444444444,1.0,2.0,2.0,off_top,20.7058823529,7.5,43.6,103.0,tree_top
0.05,1,0.1,120,35,58,13.72,1.0,5.0,456.0,tree_top,19.4857142857,1.0,7.6,456.0,tree_top,0.540540540541,1.0,1.0,1.0,tree_top,40.7272727273,6.0,42.4,456.0,tree_top
0.05,1,0.1,120,35,56,3.99,1.0,3.0,59.0,tree_top,5.51428571429,1.0,5.2,59.0,tree_top,1.0243902439,1.0,1.0,5.0,tree_top,11.8620689655,5.0,19.0,59.0,tree_top
0.05,1,0.1,120,35,54,60.07,2.0,68.8,735.0,tree_top,85.7,14.5,107.6,735.0,tree_top,0.916666666667,1.0,1.4,2.0,tree_top,129.934782609,54.0,174.0,735.0,tree_top
0.05,1,0.1,120,34,60,1.59,1.0,2.0,14.0,tree_top,2.17142857143,1.0,3.0,14.0,tree_top,0.775,1.0,1.0,3.0,tree_top,4.03333333333,3.0,7.0,14.0,tree_bot
0.05,1,0.1,120,34,58,14.22,1.0,15.6,197.0,tree_top,20.1571428571,2.0,26.4,197.0,tree_top,0.970588235294,1.0,1.4,4.0,tree_top,38.2777777778,20.5,47.0,197.0,tree_top
0.05,1,0.1,120,34,56,0.68,0.0,1.0,9.0,tree_top,0.871428571429,1.0,1.0,9.0,tree_top,0.659090909091,1.0,1.0,2.0,tree_top,1.23076923077,0.0,2.0,9.0,tree_top
0.05,1,0.1,120,34,54,1.08,0.0,2.0,13.0,tree_top,1.28571428571,0.0,2.0,13.0,tree_top,0.4,0.0,1.0,2.0,tree_top,2.46666666667,1.0,4.2,13.0,tree_top
0.05,1,0.1,119,36,60,7.53,1.0,2.0,454.0,tree_top,10.5714285714,1.0,5.4,454.0,tree_top,0.538461538462,0.0,1.0,2.0,tree_top,23.1935483871,5.0,13.0,454.0,tree_top
0.05,1,0.1,119,36,58,3.95,1.0,2.0,92.0,tree_top,5.51428571429,1.0,4.0,92.0,tree_top,0.416666666667,0.0,1.0,2.0,tree_top,10.9117647059,4.0,18.2,92.0,tree_top
0.05,1,0.1,119,36,56,3.55,1.0,3.0,60.0,tree_top,4.94285714286,1.0,5.0,60.0,tree_top,1.0243902439,1.0,1.0,3.0,tree_top,10.4827586207,5.0,14.8,60.0,tree_top
0.05,1,0.1,119,36,54,2.06,1.0,3.0,20.0,tree_top,2.8,1.0,5.2,20.0,tree_top,0.485714285714,0.0,1.0,3.0,tree_top,5.11428571429,4.0,8.2,20.0,tree_top
0.05,1,0.1,119,35,60,2.0,1.0,2.0,27.0,tree_top,2.65714285714,1.0,3.0,27.0,tree_top,0.789473684211,1.0,1.0,2.0,off_top,4.875,2.0,7.0,27.0,tree_top
0.05,1,0.1,119,35,58,2.7,1.0,2.0,47.0,tree_top,3.75714285714,1.0,3.2,47.0,tree_top,0.72972972973,1.0,1.0,3.0,tree_top,7.15151515152,3.0,11.6,47.0,tree_top
0.05,1,0.1,119,35,56,1.91,1.0,3.0,18.0,tree_top,2.6,1.0,5.0,18.0,tree_top,0.896551724138,1.0,1.0,3.0,tree_top,3.80487804878,2.0,8.0,18.0,tree_top
0.05,1,0.1,119,35,54,1.86,1.0,2.0,23.0,tree_top,2.52857142857,1.0,3.0,23.0,tree_top,0.857142857143,1.0,1.0,2.0,tree_top,5.03571428571,3.0,6.0,23.0,tree_top
0.05,1,0.1,119,34,60,79.54,0.0,77.2,720.0,tree_top,113.4,1.0,224.4,720.0,tree_top,0.111111111111,0.0,0.0,1.0,tree_top,233.352941176,142.0,505.4,720.0,tree_top
0.05,1,0.1,119,34,58,1.4,0.0,1.0,43.0,tree_top,1.84285714286,0.0,1.2,43.0,tree_top,0.514285714286,0.0,1.0,2.0,tree_top,3.17142857143,1.0,5.0,43.0,tree_top
0.05,1,0.1,119,34,56,1.55,1.0,2.0,13.0,tree_top,2.05714285714,1.0,2.2,13.0,tree_top,1.12121212121,1.0,2.0,3.0,off_top,2.89189189189,2.0,5.0,13.0,tree_top
0.05,1,0.1,119,34,54,3.27,0.0,1.0,76.0,tree_top,4.57142857143,0.0,3.0,76.0,tree_top,0.325581395349,0.0,1.0,2.0,tree_top,11.3333333333,3.0,15.4,76.0,tree_top
0.05,1,0.05,121,36,60,8.6,1.0,8.2,122.0,tree_top,12.0714285714,1.0,20.0,122.0,tree_top,0.514285714286,1.0,1.0,1.0,tree_top,23.6285714286,16.0,34.0,122.0,tree_top
0.05,1,0.05,121,36,58,0.97,0.0,2.0,10.0,tree_top,1.27142857143,1.0,2.0,10.0,tree_top,0.631578947368,0.5,1.0,2.0,tree_top,2.03125,1.0,3.8,10.0,tree_top
0.05,1,0.05,121,36,56,3.92,1.0,3.2,54.0,tree_top,5.45714285714,1.0,6.0,54.0,tree_top,1.1935483871,1.0,2.0,3.0,tree_top,8.84615384615,4.0,10.4,54.0,tree_top
0.05,1,0.05,121,36,54,8.8,1.0,18.0,68.0,tree_top,12.4285714286,2.0,27.2,68.0,tree_top,0.689655172414,1.0,1.0,2.0,tree_top,20.7317073171,18.0,37.0,68.0,tree_top
0.05,1,0.05,121,35,60,46.58,1.0,43.6,894.0,tree_top,65.7857142857,0.5,109.2,894.0,tree_top,0.0285714285714,0.0,0.0,1.0,tree_top,131.542857143,60.0,214.8,894.0,tree_top
0.05,1,0.05,121,35,58,10.82,0.0,5.0,177.0,tree_top,15.3142857143,0.0,24.2,177.0,tree_top,0.272727272727,0.0,1.0,2.0,tree_top,28.7297297297,7.0,45.8,177.0,tree_top
0.05,1,0.05,121,35,56,1.1,1.0,1.0,14.0,tree_top,1.51428571429,1.0,2.0,14.0,tree_top,0.969696969697,1.0,1.0,3.0,tree_top,2.0,1.0,3.0,14.0,tree_top
0.05,1,0.05,121,35,54,1.71,1.0,2.2,14.0,tree_top,2.28571428571,1.0,4.0,14.0,tree_top,0.918918918919,1.0,2.0,3.0,tree_top,3.81818181818,3.0,6.0,14.0,tree_top
0.05,1,0.05,121,34,60,0.79,0.0,1.0,9.0,tree_top,1.05714285714,1.0,2.0,9.0,tree_top,0.638888888889,1.0,1.0,2.0,tree_top,1.5,1.0,2.4,9.0,tree_top
0.05,1,0.05,121,34,58,15.8,1.0,15.0,302.0,tree_top,22.4285714286,1.0,37.2,302.0,tree_top,0.868421052632,1.0,1.0,3.0,tree_top,48.03125,32.0,69.0,302.0,tree_top
0.05,1,0.05,121,34,56,1.17,1.0,2.0,10.0,tree_top,1.54285714286,1.0,2.0,10.0,tree_top,1.03125,1.0,1.0,2.0,tree_top,1.97368421053,1.0,3.0,10.0,tree_top
0.05,1,0.05,121,34,54,4.65,1.0,3.0,95.0,tree_top,6.57142857143,1.0,9.2,95.0,tree_top,1.125,1.0,2.0,3.0,tree_top,13.8333333333,6.5,22.2,95.0,tree_bot
0.05,1,0.05,120,36,60,2.98,0.0,1.0,44.0,tree_top,4.05714285714,0.0,2.0,44.0,tree_top,0.222222222222,0.0,0.0,2.0,tree_top,8.11764705882,1.0,13.4,44.0,tree_top
0.05,1,0.05,120,36,58,4.79,1.0,2.0,109.0,tree_top,6.75714285714,1.0,3.0,109.0,tree_top,0.74358974359,1.0,1.0,2.0,tree_top,14.3225806452,2.0,26.0,109.0,off_bot
0.05,1,0.05,120,36,56,5.86,0.0,1.2,217.0,tree_top,8.22857142857,1.0,2.0,217.0,tree_top,0.463414634146,0.0,1.0,2.0,tree_top,19.2068965517,2.0,13.8,217.0,tree_top
0.05,1,0.05,120,36,54,121.49,1.0,151.6,1797.0,tree_top,173.342857143,4.0,245.2,1797.0,tree_top,0.555555555556,0.0,1.0,3.0,tree_top,281.837209302,130.0,457.8,1797.0,tree_top
0.05,1,0.05,120,35,60,2.16,1.0,2.0,43.0,tree_top,2.9,1.0,3.0,43.0,tree_top,0.682926829268,1.0,1.0,2.0,tree_top,6.03448275862,3.0,8.0,43.0,tree_top
0.05,1,0.05,120,35,58,1.11,1.0,2.0,10.0,tree_top,1.28571428571,1.0,2.0,10.0,tree_top,0.566666666667,0.5,1.0,2.0,tree_top,1.825,1.0,3.0,10.0,tree_top
0.05,1,0.05,120,35,56,47.44,1.0,21.8,951.0,tree_top,67.3428571429,2.0,81.4,951.0,tree_top,1.0,1.0,2.0,3.0,tree_top,137.588235294,55.0,219.2,951.0,tree_top
0.05,1,0.05,120,35,54,1.12,1.0,2.0,8.0,tree_top,1.32857142857,1.0,2.0,8.0,tree_top,1.23076923077,1.0,2.0,3.0,tree_top,1.45161290323,0.0,3.0,8.0,tree_top
0.05,1,0.05,120,34,60,2.18,1.0,2.0,44.0,tree_top,2.92857142857,1.0,2.0,44.0,tree_top,0.951219512195,1.0,1.0,2.0,tree_top,5.72413793103,1.0,6.2,44.0,tree_top
0.05,1,0.05,120,34,58,3.29,1.0,3.0,45.0,tree_top,4.37142857143,1.0,5.2,45.0,tree_top,0.888888888889,1.0,1.0,3.0,tree_top,8.05882352941,5.0,13.0,45.0,tree_top
0.05,1,0.05,120,34,56,4.5,0.0,8.0,52.0,tree_top,6.15714285714,1.0,11.0,52.0,tree_top,0.0571428571429,0.0,0.0,1.0,tree_top,12.2571428571,10.0,18.4,52.0,tree_top
0.05,1,0.05,120,34,54,1.12,0.0,1.0,16.0,tree_top,1.45714285714,1.0,1.0,16.0,tree_top,0.411764705882,0.0,1.0,1.0,tree_top,2.44444444444,1.0,4.0,16.0,tree_top
0.05,1,0.05,119,36,60,5.9,1.0,5.0,82.0,tree_top,8.28571428571,1.0,14.2,82.0,tree_top,0.4,0.0,1.0,1.0,tree_top,18.8,12.5,30.8,82.0,tree_top
0.05,1,0.05,119,36,58,0.86,0.0,1.0,9.0,tree_top,0.971428571429,0.0,1.2,9.0,tree_top,0.45652173913,0.0,1.0,2.0,tree_top,1.95833333333,1.0,3.0,9.0,tree_top
0.05,1,0.05,119,36,56,19.48,0.0,3.0,763.0,tree_top,27.7571428571,1.0,8.6,763.0,tree_top,0.333333333333,0.0,1.0,2.0,tree_top,52.2162162162,3.0,44.8,763.0,tree_top
0.05,1,0.05,119,36,54,10.04,1.5,13.0,144.0,tree_top,14.1,3.0,18.2,144.0,tree_top,1.54545454545,1.0,2.0,3.0,tree_top,25.2972972973,15.0,34.8,144.0,tree_top
0.05,1,0.05,119,35,60,6.25,1.0,7.0,100.0,tree_top,8.7,1.0,8.8,100.0,tree_top,1.05263157895,1.0,1.0,3.0,tree_top,17.78125,8.0,28.0,100.0,tree_top
0.05,1,0.05,119,35,58,5.21,1.0,4.0,103.0,tree_top,7.24285714286,1.0,6.2,103.0,tree_top,0.972972972973,1.0,1.0,2.0,tree_top,14.2727272727,6.0,17.8,103.0,tree_top
0.05,1,0.05,119,35,56,14.59,1.0,16.8,298.0,tree_top,20.7142857143,1.0,33.2,298.0,tree_top,0.484848484848,0.0,1.0,2.0,tree_top,38.7567567568,29.0,52.0,298.0,tree_top
0.05,1,0.05,119,35,54,5.83,0.0,2.0,279.0,tree_top,8.2,1.0,2.0,279.0,tree_top,0.8,1.0,1.0,4.0,tree_top,15.6,1.0,8.4,279.0,tree_top
0.05,1,0.05,119,34,60,45.33,1.0,32.0,935.0,tree_top,63.9857142857,1.0,48.4,935.0,tree_top,0.184210526316,0.0,0.0,2.0,tree_top,139.75,44.5,214.0,935.0,tree_top
0.05,1,0.05,119,34,58,2.06,0.0,2.0,48.0,tree_top,2.77142857143,0.0,4.0,48.0,tree_top,0.275862068966,0.0,1.0,1.0,tree_top,4.53658536585,1.0,6.0,48.0,tree_top
0.05,1,0.05,119,34,56,0.58,0.0,1.0,6.0,tree_top,0.757142857143,0.0,1.0,6.0,tree_top,0.516129032258,0.0,1.0,2.0,tree_top,0.948717948718,0.0,1.4,6.0,tree_top
0.05,1,0.05,119,34,54,7.32,0.0,3.2,137.0,tree_top,10.3428571429,0.0,11.0,137.0,tree_top,0.205128205128,0.0,0.0,2.0,tree_top,23.0967741935,8.0,41.0,137.0,tree_top
0.05,1,0.01,121,36,60,6.95,1.0,2.0,151.0,tree_top,9.78571428571,1.0,4.2,151.0,tree_top,0.852941176471,1.0,1.0,2.0,tree_top,18.2222222222,3.0,38.0,151.0,tree_top
0.05,1,0.01,121,36,58,1.91,0.0,3.0,15.0,tree_top,2.58571428571,1.0,5.2,15.0,tree_top,0.3125,0.0,1.0,2.0,tree_top,4.5,3.0,7.0,15.0,tree_top
0.05,1,0.01,121,36,56,99.55,1.0,159.4,1111.0,tree_top,142.014285714,5.5,304.8,1111.0,tree_top,0.0769230769231,0.0,0.0,1.0,tree_top,225.886363636,132.0,429.0,1111.0,tree_top
0.05,1,0.01,121,36,54,1.7,1.0,2.0,15.0,tree_top,2.24285714286,1.0,2.0,15.0,tree_top,0.846153846154,1.0,1.0,2.0,tree_top,4.0,2.0,7.0,15.0,tree_top
0.05,1,0.01,121,35,60,1.96,1.0,2.0,21.0,tree_top,2.58571428571,1.0,3.0,21.0,tree_top,0.488372093023,0.0,1.0,2.0,tree_top,5.92592592593,3.0,11.0,21.0,tree_top
0.05,1,0.01,121,35,58,3.75,0.0,3.0,36.0,tree_top,5.2,1.0,9.8,36.0,tree_top,0.2,0.0,0.2,1.0,tree_top,10.2,5.0,20.2,36.0,tree_top
0.05,1,0.01,121,35,56,10.47,1.0,12.2,121.0,tree_top,14.5428571429,1.0,32.0,121.0,tree_top,0.131578947368,0.0,0.0,1.0,tree_top,31.65625,28.0,46.4,121.0,tree_top
0.05,1,0.01,121,35,54,2.13,1.0,2.0,38.0,tree_top,2.87142857143,1.0,3.0,38.0,tree_top,0.860465116279,1.0,1.0,3.0,tree_top,6.07407407407,3.0,7.8,38.0,tree_top
0.05,1,0.01,121,34,60,5.14,1.0,4.0,81.0,tree_top,7.02857142857,1.0,9.2,81.0,tree_top,0.842105263158,1.0,1.0,2.0,tree_top,14.375,8.0,20.0,81.0,tree_top
0.05,1,0.01,121,34,58,4.06,1.0,3.0,73.0,tree_top,5.61428571429,1.0,5.2,73.0,tree_top,0.536585365854,1.0,1.0,2.0,tree_top,12.7931034483,5.0,22.4,73.0,tree_top
0.05,1,0.01,121,34,56,0.78,0.0,1.0,6.0,tree_top,1.0,1.0,2.0,6.0,tree_top,0.194444444444,0.0,0.0,1.0,tree_top,1.85294117647,1.0,2.4,6.0,tree_top
0.05,1,0.01,121,34,54,12.76,0.0,5.6,171.0,tree_top,18.1428571429,1.0,20.2,171.0,tree_top,0.21875,0.0,0.8,1.0,tree_top,33.2368421053,9.0,60.0,171.0,tree_top
0.05,1,0.01,120,36,60,14.42,1.0,18.4,185.0,tree_top,20.3857142857,1.5,29.4,185.0,tree_top,0.709677419355,1.0,1.0,2.0,tree_top,36.0256410256,20.0,58.8,185.0,tree_top
0.05,1,0.01,120,36,58,2.78,1.0,3.2,27.0,tree_top,3.78571428571,1.0,5.2,27.0,tree_top,0.972972972973,1.0,1.0,3.0,tree_top,6.93939393939,4.0,12.2,27.0,tree_top
0.05,1,0.01,120,36,56,21.63,0.0,34.0,283.0,tree_top,25.8,0.0,37.8,283.0,tree_top,0.0,0.0,0.0,0.0,tree_top,75.25,51.0,113.6,283.0,tree_bot
0.05,1,0.01,120,36,54,5.06,1.0,2.0,199.0,tree_top,7.1,1.0,3.2,199.0,tree_top,0.909090909091,1.0,1.4,4.0,tree_top,17.5769230769,3.5,16.0,199.0,tree_bot
0.05,1,0.01,120,35,60,6.21,0.0,4.0,103.0,tree_top,8.75714285714,0.0,10.2,103.0,tree_top,0.0833333333333,0.0,0.0,1.0,tree_top,17.9411764706,8.0,29.4,103.0,tree_top
0.05,1,0.01,120,35,58,0.63,1.0,1.0,3.0,tree_top,0.8,1.0,1.0,3.0,tree_top,1.12820512821,1.0,1.0,3.0,tree_top,0.387096774194,0.0,1.0,2.0,tree_top
0.05,1,0.01,120,35,56,3.75,1.0,4.0,59.0,tree_top,5.21428571429,1.0,9.0,59.0,tree_top,0.53125,0.0,1.0,2.0,tree_top,9.15789473684,4.5,13.6,59.0,tree_top
0.05,1,0.01,120,35,54,3.94,0.0,5.2,45.0,tree_top,5.47142857143,0.5,10.0,45.0,tree_top,0.166666666667,0.0,0.0,2.0,tree_top,11.0882352941,8.0,17.6,45.0,tree_top
0.05,1,0.01,120,34,60,8.38,1.0,16.2,79.0,tree_top,11.8,2.5,22.4,79.0,tree_top,0.862068965517,1.0,1.0,4.0,tree_top,19.5365853659,16.0,27.0,79.0,tree_top
0.05,1,0.01,120,34,58,13.38,0.5,7.4,274.0,tree_top,18.9714285714,1.0,15.2,274.0,tree_top,0.277777777778,0.0,1.0,2.0,tree_top,38.7647058824,13.5,48.0,274.0,tree_top
0.05,1,0.01,120,34,56,67.38,1.0,82.2,699.0,tree_top,96.0714285714,2.0,163.4,699.0,tree_top,0.3,0.0,1.0,2.0,tree_top,167.9,82.5,309.6,699.0,tree_top
0.05,1,0.01,120,34,54,37.72,1.0,15.2,772.0,tree_top,53.7285714286,1.0,71.6,772.0,tree_top,0.310344827586,0.0,1.0,1.0,tree_top,91.512195122,15.0,151.0,772.0,tree_top
0.05,1,0.01,119,36,60,4.41,0.5,3.2,57.0,tree_top,6.08571428571,1.0,10.2,57.0,tree_top,0.441176470588,0.0,1.0,2.0,tree_top,11.4166666667,5.0,18.0,57.0,tree_top
0.05,1,0.01,119,36,58,3.63,1.0,2.0,62.0,tree_top,5.02857142857,1.0,2.2,62.0,tree_top,0.488372093023,0.0,1.0,2.0,tree_top,12.2592592593,3.0,17.8,62.0,tree_top
0.05,1,0.01,119,36,56,3.91,1.0,4.0,77.0,tree_top,5.42857142857,1.0,5.2,77.0,tree_top,0.470588235294,0.0,1.0,2.0,tree_top,10.1111111111,4.0,13.0,77.0,tree_top
0.05,1,0.01,119,36,54,6.62,1.0,4.0,118.0,tree_top,9.21428571429,1.0,10.2,118.0,tree_top,0.410256410256,0.0,1.0,2.0,tree_top,20.2903225806,8.0,31.0,118.0,tree_top
0.05,1,0.01,119,35,60,2.08,1.0,3.0,38.0,tree_top,2.75714285714,1.0,4.0,38.0,tree_top,1.16666666667,1.0,1.0,4.0,tree_top,3.95,2.0,5.0,38.0,tree_top
0.05,1,0.01,119,35,58,9.45,1.0,10.2,101.0,tree_top,13.3,1.5,21.4,101.0,tree_top,0.714285714286,1.0,1.0,3.0,tree_top,25.8857142857,17.0,52.6,101.0,tree_top
0.05,1,0.01,119,35,56,0.78,0.0,1.2,6.0,tree_top,0.871428571429,0.0,2.0,6.0,tree_top,0.46875,0.0,1.0,2.0,tree_top,1.21052631579,0.0,2.0,6.0,tree_top
0.05,1,0.01,119,35,54,0.55,0.0,1.0,8.0,tree_top,0.557142857143,0.0,1.0,8.0,tree_top,0.157894736842,0.0,0.0,2.0,tree_top,1.03125,1.0,2.0,8.0,tree_top
0.05,1,0.01,119,34,60,28.6,1.0,7.0,838.0,tree_top,40.6428571429,1.0,24.0,838.0,tree_top,0.694444444444,1.0,1.0,3.0,tree_top,82.9411764706,15.5,75.2,838.0,tree_top
0.05,1,0.01,119,34,58,1.5,1.0,2.0,19.0,tree_top,2.01428571429,1.0,3.0,19.0,tree_top,0.6,1.0,1.0,2.0,tree_top,3.42857142857,2.0,6.0,19.0,tree_top
0.05,1,0.01,119,34,56,4.97,0.0,3.0,141.0,tree_top,6.95714285714,0.0,6.2,141.0,tree_top,0.25,0.0,1.0,1.0,tree_top,12.6052631579,3.5,13.0,141.0,tree_top
0.05,1,0.01,119,34,54,2.16,1.0,3.0,31.0,tree_top,2.91428571429,1.0,4.0,31.0,tree_top,0.820512820513,1.0,1.0,3.0,tree_top,5.54838709677,4.0,8.0,31.0,tree_top
0.2,1,0.1,121,36,65,5.28,1.0,2.0,109.0,tree_top,7.3,1.0,4.0,109.0,tree_top,0.860465116279,1.0,1.0,2.0,tree_top,17.5555555556,4.0,29.0,109.0,tree_top
0.2,1,0.1,121,36,62,5.16,1.0,3.2,72.0,tree_top,7.17142857143,1.0,7.2,72.0,tree_top,1.0,1.0,1.0,2.0,tree_top,15.8965517241,7.0,26.8,72.0,tree_top
0.2,1,0.1,121,36,60,2.92,1.0,4.2,26.0,tree_top,3.94285714286,1.0,6.2,26.0,tree_top,0.916666666667,1.0,1.0,3.0,off_top,7.14705882353,5.0,10.4,26.0,tree_top
0.2,1,0.1,121,36,58,1.4,0.0,1.0,24.0,tree_top,1.9,1.0,2.2,24.0,tree_top,0.435897435897,0.0,1.0,1.0,tree_top,3.74193548387,2.0,6.0,24.0,tree_top
0.2,1,0.1,121,36,56,32.77,1.0,35.4,519.0,tree_top,46.6714285714,1.5,63.8,519.0,tree_top,0.285714285714,0.0,1.0,1.0,tree_top,77.5952380952,30.5,116.8,519.0,tree_top
0.2,1,0.1,121,36,54,29.86,1.0,4.0,637.0,tree_top,42.5,1.0,26.4,637.0,tree_top,0.538461538462,0.0,1.0,4.0,tree_top,95.2903225806,7.0,133.0,637.0,tree_top
0.2,1,0.1,120,36,65,3.54,0.0,3.0,83.0,tree_top,4.82857142857,0.5,5.0,83.0,tree_top,0.0333333333333,0.0,0.0,1.0,tree_top,8.425,3.0,13.4,83.0,tree_top
0.2,1,0.1,120,36,62,3.33,0.0,3.0,48.0,tree_top,4.6,1.0,7.0,48.0,tree_top,0.210526315789,0.0,0.6,1.0,tree_top,9.8125,5.0,15.4,48.0,tree_top
0.2,1,0.1,120,36,60,0.54,0.0,1.0,5.0,tree_top,0.642857142857,0.0,1.0,5.0,tree_top,0.675,0.0,1.0,5.0,tree_top,0.6,0.0,1.0,4.0,tree_top
0.2,1,0.1,120,36,58,2.5,1.0,2.0,43.0,tree_top,3.41428571429,1.0,5.2,43.0,tree_top,0.71875,1.0,1.0,2.0,tree_top,5.68421052632,2.0,8.0,43.0,tree_top
0.2,1,0.1,120,36,56,2.14,1.0,2.2,22.0,tree_top,2.9,1.0,4.0,22.0,tree_top,0.925,1.0,2.0,3.0,tree_top,5.53333333333,4.0,10.0,22.0,tree_top
0.2,1,0.1,120,36,54,0.64,0.0,1.0,5.0,tree_top,0.842857142857,1.0,1.0,5.0,tree_top,0.536585365854,1.0,1.0,2.0,tree_top,1.27586206897,1.0,2.0,5.0,tree_top
0.2,1,0.1,121,35,62,1.12,1.0,2.0,7.0,tree_top,1.48571428571,1.0,2.0,7.0,tree_top,0.848484848485,1.0,2.0,3.0,tree_top,2.05405405405,2.0,3.0,7.0,tree_top
0.2,1,0.1,121,35,60,3.08,1.0,2.0,44.0,tree_top,4.24285714286,1.0,3.2,44.0,tree_top,1.05714285714,1.0,2.0,4.0,tree_top,7.42857142857,2.0,14.4,44.0,tree_top
0.2,1,0.1,121,35,58,3.84,1.0,4.0,60.0,tree_top,5.28571428571,1.0,5.0,60.0,tree_top,0.4,0.0,1.0,2.0,tree_top,8.95,4.0,10.2,60.0,tree_top
0.2,1,0.1,121,35,56,2.41,1.0,3.2,24.0,tree_top,3.2,1.0,6.0,24.0,tree_top,0.333333333333,0.0,1.0,1.0,tree_top,5.35,3.0,9.0,24.0,tree_top
0.2,1,0.1,121,35,54,1.91,1.0,1.0,32.0,tree_top,2.55714285714,1.0,2.0,32.0,tree_top,0.594594594595,1.0,1.0,2.0,tree_top,4.75757575758,1.0,6.0,32.0,tree_top
0.2,1,0.1,121,34,62,53.05,1.0,21.2,1129.0,tree_top,75.6571428571,1.0,88.6,1129.0,tree_top,0.424242424242,0.0,1.0,2.0,tree_top,142.756756757,33.0,242.0,1129.0,tree_top
0.2,1,0.1,121,34,60,0.87,1.0,1.0,9.0,tree_top,1.05714285714,1.0,1.2,9.0,tree_top,1.06976744186,1.0,1.6,3.0,tree_top,1.03703703704,0.0,1.0,9.0,tree_top
0.2,1,0.1,121,34,58,4.71,1.0,3.4,121.0,tree_top,6.51428571429,1.0,8.0,121.0,tree_top,0.0666666666667,0.0,0.0,1.0,tree_top,11.35,4.0,13.4,121.0,tree_top
0.2,1,0.1,121,34,56,2.31,1.0,3.0,22.0,tree_top,3.11428571429,1.0,5.0,22.0,tree_top,1.0,1.0,2.0,5.0,tree_top,5.625,3.5,11.0,22.0,tree_top
0.2,1,0.1,121,34,54,8.48,1.0,13.0,124.0,tree_top,11.9428571429,2.0,21.2,124.0,tree_top,0.806451612903,1.0,1.0,2.0,tree_top,20.7948717949,13.0,32.0,124.0,tree_top
0.2,1,0.1,120,35,62,0.76,0.0,1.0,15.0,tree_top,1.0,1.0,2.0,15.0,tree_top,0.613636363636,0.0,1.0,2.0,tree_top,1.65384615385,1.0,2.0,15.0,tree_top
0.2,1,0.1,120,35,60,1.86,1.0,2.0,25.0,tree_top,2.51428571429,1.0,3.0,25.0,tree_top,0.59375,1.0,1.0,3.0,tree_top,4.13157894737,2.0,6.0,25.0,tree_top
0.2,1,0.1,120,35,58,22.09,1.0,25.4,295.0,tree_top,31.2285714286,1.0,51.2,295.0,tree_top,0.842105263158,1.0,1.0,3.0,tree_top,67.3125,48.5,101.8,295.0,tree_top
0.2,1,0.1,120,35,56,3.62,1.0,1.2,100.0,tree_top,5.05714285714,1.0,2.0,100.0,tree_top,0.560975609756,0.0,1.0,2.0,tree_top,11.4137931034,2.0,12.4,100.0,tree_top
0.2,1,0.1,120,35,54,2.98,0.0,2.0,41.0,tree_top,4.2,1.0,5.0,41.0,tree_top,0.514285714286,0.0,1.0,2.0,tree_top,7.88571428571,2.0,12.2,41.0,tree_bot
0.2,1,0.1,120,34,62,181.05,1.0,314.8,1851.0,tree_top,176.514285714,2.0,338.6,1851.0,tree_top,0.2,0.0,0.0,2.0,tree_top,352.828571429,256.0,512.4,1851.0,tree_top
0.2,1,0.1,120,34,60,3.39,1.0,4.0,50.0,tree_top,4.62857142857,1.0,7.0,50.0,tree_top,0.9375,1.0,1.0,3.0,tree_top,7.73684210526,4.5,11.0,50.0,tree_top
0.2,1,0.1,120,34,58,18.3,1.0,5.4,285.0,tree_top,26.0714285714,1.0,25.8,285.0,tree_top,0.615384615385,1.0,1.0,2.0,tree_top,58.0967741935,22.0,115.0,285.0,off_bot
0.2,1,0.1,120,34,56,6.09,0.0,1.0,252.0,tree_top,8.58571428571,1.0,2.2,252.0,tree_top,0.560975609756,1.0,1.0,2.0,tree_top,19.9310344828,2.0,5.4,252.0,tree_top
0.2,1,0.1,120,34,54,0.78,0.0,1.0,9.0,tree_top,1.0,0.0,1.0,9.0,tree_top,0.322580645161,0.0,1.0,1.0,tree_top,1.53846153846,0.0,2.4,9.0,tree_top
0.2,1,0.1,119,36,62,9.51,1.0,3.0,248.0,tree_top,13.3857142857,1.0,8.0,248.0,tree_top,0.694444444444,1.0,1.0,2.0,tree_top,26.8235294118,5.0,39.0,248.0,tree_top
0.2,1,0.1,119,36,60,14.88,0.0,3.0,502.0,tree_top,21.1571428571,1.0,5.6,502.0,tree_top,0.257142857143,0.0,1.0,2.0,tree_top,42.0571428571,4.0,40.4,502.0,tree_top
0.2,1,0.1,119,36,58,238.98,57.0,412.0,1930.0,tree_top,234.842857143,45.0,412.0,1930.0,tree_top,0.75,1.0,1.0,2.0,tree_top,431.973684211,281.5,764.2,1930.0,tree_top
0.2,1,0.1,119,36,56,3.13,1.0,2.0,80.0,tree_top,4.28571428571,1.0,3.0,80.0,tree_top,0.684210526316,1.0,1.0,2.0,tree_top,8.5625,3.0,7.8,80.0,tree_top
0.2,1,0.1,119,36,54,116.27,1.0,106.2,1717.0,tree_top,164.857142857,5.5,230.8,1717.0,tree_top,1.08571428571,1.0,1.0,3.0,tree_top,328.628571429,145.0,463.8,1717.0,tree_top
0.2,1,0.1,119,35,62,20.81,1.0,7.6,448.0,tree_top,29.5142857143,1.0,28.2,448.0,tree_top,0.692307692308,0.0,1.0,6.0,tree_top,65.7741935484,24.0,106.0,448.0,tree_bot
0.2,1,0.1,119,35,60,2.53,1.0,2.0,60.0,tree_top,3.47142857143,1.0,3.2,60.0,tree_top,0.621621621622,1.0,1.0,2.0,tree_top,6.66666666667,3.0,7.6,60.0,tree_top
0.2,1,0.1,119,35,58,1.55,0.0,2.0,31.0,tree_top,2.15714285714,1.0,3.0,31.0,tree_top,0.6,1.0,1.0,2.0,tree_top,3.325,1.5,5.0,31.0,tree_top
0.2,1,0.1,119,35,56,49.43,1.0,18.2,761.0,tree_top,70.4857142857,1.0,81.4,761.0,tree_top,0.514285714286,0.0,1.0,2.0,tree_top,140.457142857,48.0,218.6,761.0,tree_top
0.2,1,0.1,119,35,54,1.63,0.0,1.0,31.0,tree_top,2.18571428571,1.0,2.0,31.0,tree_top,0.526315789474,0.0,1.0,2.0,tree_top,4.15625,1.0,4.0,31.0,tree_top
0.2,1,0.1,119,34,62,143.31,2.0,296.6,955.0,tree_top,145.942857143,2.0,323.2,955.0,tree_top,0.722222222222,1.0,1.0,2.0,tree_top,299.705882353,235.5,491.2,955.0,tree_top
0.2,1,0.1,119,34,60,23.17,0.0,5.2,555.0,tree_top,32.9428571429,1.0,22.0,555.0,tree_top,0.35,0.0,1.0,2.0,tree_top,76.4,19.0,126.2,555.0,tree_top
0.2,1,0.1,119,34,58,1.13,0.5,1.2,19.0,tree_top,1.41428571429,1.0,2.0,19.0,tree_top,0.8,1.0,2.0,2.0,tree_top,2.02857142857,1.0,3.0,19.0,tree_top
0.2,1,0.1,119,34,56,15.37,1.0,11.0,293.0,tree_top,21.8142857143,1.0,25.8,293.0,tree_top,0.30303030303,0.0,1.0,2.0,tree_top,41.0,12.0,48.4,293.0,tree_top
0.2,1,0.1,119,34,54,3.18,1.0,2.4,43.0,tree_top,4.42857142857,1.0,7.0,43.0,tree_top,0.756097560976,1.0,1.0,2.0,tree_top,9.62068965517,7.0,16.2,43.0,tree_top
0.2,1,0.07,121,36,62,11.38,0.0,12.4,118.0,tree_top,16.0571428571,1.0,23.8,118.0,tree_top,0.151515151515,0.0,0.0,1.0,tree_top,30.2432432432,15.0,62.4,118.0,tree_top
0.2,1,0.07,121,36,60,1.72,0.0,1.0,31.0,tree_top,2.38571428571,1.0,2.2,31.0,tree_top,0.45,0.0,1.0,1.0,tree_top,4.96666666667,2.0,9.2,31.0,tree_top
0.2,1,0.07,121,36,58,0.75,1.0,1.0,3.0,tree_top,0.928571428571,1.0,2.0,3.0,tree_top,1.27586206897,1.0,2.0,3.0,tree_top,0.682926829268,0.0,1.0,3.0,tree_top
0.2,1,0.07,121,36,56,3.3,1.0,2.0,70.0,tree_top,4.6,1.0,3.4,70.0,tree_top,0.974358974359,1.0,1.0,2.0,tree_top,9.16129032258,2.0,11.0,70.0,tree_top
0.2,1,0.07,121,36,54,26.04,1.0,40.8,219.0,tree_top,36.8,10.5,62.2,219.0,tree_top,0.51724137931,1.0,1.0,1.0,tree_top,62.4634146341,40.0,107.0,219.0,tree_top
0.2,1,0.07,121,35,62,14.81,1.0,9.0,483.0,tree_top,20.9142857143,1.0,20.2,483.0,tree_top,0.485714285714,0.0,1.0,2.0,tree_top,41.3428571429,17.0,33.6,483.0,tree_top
0.2,1,0.07,121,35,60,0.5,0.0,1.0,8.0,tree_top,0.528571428571,0.0,1.0,8.0,tree_top,0.219512195122,0.0,1.0,1.0,tree_top,0.965517241379,0.0,1.0,8.0,tree_top
0.2,1,0.07,121,35,58,52.68,0.0,83.2,719.0,tree_top,74.9285714286,1.0,122.2,719.0,tree_top,0.0857142857143,0.0,0.0,1.0,tree_top,149.771428571,87.0,220.2,719.0,tree_top
0.2,1,0.07,121,35,56,3.55,0.0,2.0,57.0,tree_top,5.0,1.0,6.0,57.0,tree_top,0.325,0.0,1.0,1.0,tree_top,11.2333333333,5.5,23.0,57.0,tree_top
0.2,1,0.07,121,35,54,16.11,0.0,1.2,561.0,tree_top,22.8714285714,1.0,3.0,561.0,tree_top,0.351351351351,0.0,1.0,2.0,tree_top,48.1212121212,2.0,16.8,561.0,tree_top
0.2,1,0.07,121,34,62,3.55,1.0,6.0,22.0,tree_top,4.77142857143,1.0,10.0,22.0,tree_top,0.454545454545,0.0,1.0,2.0,tree_top,8.62162162162,7.0,16.0,22.0,tree_top
0.2,1,0.07,121,34,60,44.25,1.0,47.0,805.0,tree_top,62.6285714286,0.5,94.6,805.0,tree_top,0.0,0.0,0.0,0.0,tree_top,118.486486486,67.0,140.8,805.0,tree_top
0.2,1,0.07,121,34,58,22.68,0.0,10.2,453.0,tree_top,32.2428571429,1.0,36.0,453.0,tree_top,0.176470588235,0.0,0.0,1.0,tree_top,62.5277777778,17.5,128.0,453.0,tree_top
0.2,1,0.07,121,34,56,29.68,1.0,8.0,690.0,tree_top,42.2571428571,2.0,41.4,690.0,tree_top,0.969696969697,1.0,1.0,3.0,tree_top,79.0810810811,18.0,94.0,690.0,tree_top
0.2,1,0.07,121,34,54,12.31,1.0,20.2,103.0,tree_top,17.3571428571,2.0,32.8,103.0,tree_top,0.888888888889,1.0,1.0,2.0,tree_top,34.7941176471,27.5,55.2,103.0,tree_bot
0.2,1,0.07,120,36,62,9.69,1.0,15.4,131.0,tree_top,13.6428571429,1.0,24.6,131.0,tree_top,0.878787878788,1.0,1.0,2.0,off_top,25.027027027,17.0,35.8,131.0,tree_top
0.2,1,0.07,120,36,60,28.34,0.0,45.6,302.0,tree_top,39.8571428571,0.0,78.0,302.0,tree_top,0.027027027027,0.0,0.0,1.0,tree_top,84.5151515152,68.0,148.6,302.0,tree_top
0.2,1,0.07,120,36,58,3.46,1.0,3.0,57.0,tree_top,4.54285714286,1.0,6.2,57.0,tree_top,0.552631578947,1.0,1.0,2.0,tree_top,9.28125,4.5,12.6,57.0,tree_top
0.2,1,0.07,120,36,56,5.6,1.0,2.0,123.0,tree_top,7.9,1.0,4.4,123.0,tree_top,0.805555555556,1.0,1.0,4.0,tree_top,15.4117647059,2.0,25.4,123.0,tree_top
0.2,1,0.07,120,36,54,5.38,1.0,5.0,101.0,tree_top,7.44285714286,1.0,7.4,101.0,tree_top,1.0,1.0,1.0,2.0,off_top,12.275,5.0,15.4,101.0,tree_top
0.2,1,0.07,120,35,62,49.53,1.0,16.4,750.0,tree_top,70.5857142857,1.0,76.4,750.0,tree_top,0.333333333333,0.0,1.0,1.0,tree_top,133.243243243,24.0,269.8,750.0,tree_top
0.2,1,0.07,120,35,60,2.49,1.0,2.0,92.0,tree_top,3.37142857143,1.0,2.0,92.0,tree_top,1.0,1.0,1.0,3.0,tree_top,6.0303030303,1.0,5.0,92.0,tree_top
0.2,1,0.07,120,35,58,56.74,1.0,30.4,1301.0,tree_top,81.0,1.0,96.2,1301.0,tree_top,0.46875,0.0,1.0,1.0,tree_top,148.815789474,43.5,248.2,1301.0,tree_top
0.2,1,0.07,120,35,56,1.48,1.0,2.0,16.0,tree_top,2.0,1.0,3.0,16.0,tree_top,1.03333333333,1.0,1.2,3.0,tree_top,2.725,1.0,4.0,16.0,tree_top
0.2,1,0.07,120,35,54,37.23,1.0,8.6,849.0,tree_top,52.7,1.0,28.8,849.0,tree_top,0.3,0.0,1.0,2.0,tree_top,122.566666667,27.0,171.8,849.0,tree_top
0.2,1,0.07,120,34,62,0.91,1.0,1.0,11.0,tree_top,1.14285714286,1.0,2.0,11.0,tree_top,0.682926829268,1.0,1.0,2.0,tree_top,1.79310344828,1.0,2.4,11.0,tree_top
0.2,1,0.07,120,34,60,6.44,1.0,2.2,90.0,tree_top,9.07142857143,1.0,5.6,90.0,tree_top,0.848484848485,1.0,1.0,2.0,tree_top,16.4054054054,4.0,30.8,90.0,tree_top
0.2,1,0.07,120,34,58,1.72,1.0,3.0,15.0,tree_top,2.31428571429,1.0,4.0,15.0,tree_top,0.611111111111,0.0,1.0,2.0,tree_top,4.11764705882,4.0,5.0,15.0,tree_top
0.2,1,0.07,120,34,56,2.05,0.0,4.0,16.0,tree_top,2.75714285714,1.0,7.0,16.0,tree_top,0.305555555556,0.0,1.0,2.0,tree_top,5.35294117647,5.5,8.0,16.0,tree_top
0.2,1,0.07,120,34,54,40.08,1.0,40.0,524.0,tree_top,57.0714285714,8.5,85.6,524.0,tree_top,0.2,0.0,0.0,2.0,tree_top,88.6666666667,25.0,151.8,524.0,tree_top
0.2,1,0.07,119,36,62,10.93,0.5,3.0,237.0,tree_top,15.4285714286,1.0,10.4,237.0,tree_top,0.363636363636,0.0,1.0,2.0,tree_top,28.8648648649,3.0,47.6,237.0,tree_top
0.2,1,0.07,119,36,60,1.99,0.5,2.0,20.0,tree_top,2.67142857143,1.0,2.0,20.0,tree_top,0.488888888889,0.0,1.0,2.0,tree_top,6.6,3.0,13.2,20.0,tree_top
0.2,1,0.07,119,36,58,18.01,1.0,3.0,450.0,tree_top,25.5,1.0,14.8,450.0,tree_top,0.761904761905,1.0,1.0,2.0,tree_top,62.6071428571,16.0,74.2,450.0,tree_top
0.2,1,0.07,119,36,56,8.34,1.0,13.0,154.0,tree_top,11.1285714286,1.0,15.4,154.0,tree_top,0.575757575758,1.0,1.0,2.0,tree_top,20.5405405405,13.0,20.0,154.0,tree_top
0.2,1,0.07,119,36,54,11.22,1.0,1.0,347.0,tree_top,15.8285714286,1.0,2.0,347.0,tree_top,0.5,0.0,1.0,2.0,tree_top,34.03125,1.0,18.8,347.0,tree_top
0.2,1,0.07,119,35,62,4.68,1.0,9.2,46.0,tree_top,6.5,1.0,13.0,46.0,tree_top,0.741935483871,1.0,1.0,2.0,tree_top,11.0769230769,10.0,19.4,46.0,tree_top
0.2,1,0.07,119,35,60,15.85,0.0,2.0,1029.0,tree_top,22.4714285714,0.0,4.0,1029.0,tree_top,0.243902439024,0.0,1.0,1.0,tree_top,53.8965517241,4.0,15.0,1029.0,tree_top
0.2,1,0.07,119,35,58,1.63,1.0,2.2,17.0,tree_top,2.14285714286,1.0,3.0,17.0,tree_top,0.617647058824,0.5,1.0,3.0,tree_top,3.58333333333,3.0,6.0,17.0,tree_top
0.2,1,0.07,119,35,56,13.22,1.0,8.0,251.0,tree_top,18.7,2.0,14.0,251.0,tree_top,0.971428571429,1.0,1.2,7.0,tree_top,36.4285714286,11.0,65.8,251.0,tree_bot
0.2,1,0.07,119,35,54,12.5,1.0,7.2,310.0,tree_top,17.7142857143,1.0,11.8,310.0,tree_top,0.46875,0.0,1.0,1.0,tree_top,32.2368421053,8.0,44.2,310.0,tree_top
0.2,1,0.07,119,34,62,1.46,1.0,2.0,12.0,tree_top,1.92857142857,1.0,2.0,12.0,tree_top,1.02777777778,1.0,2.0,2.0,tree_top,2.88235294118,1.0,5.4,12.0,tree_top
0.2,1,0.07,119,34,60,1.22,0.0,2.0,18.0,tree_top,1.62857142857,1.0,2.0,18.0,tree_top,0.4,0.0,1.0,2.0,tree_top,3.26666666667,2.0,5.2,18.0,tree_top
0.2,1,0.07,119,34,58,0.89,0.0,1.0,9.0,tree_top,1.11428571429,1.0,2.0,9.0,tree_top,0.675675675676,1.0,1.0,2.0,tree_top,1.60606060606,1.0,2.0,9.0,tree_top
0.2,1,0.07,119,34,56,5.58,1.0,3.0,163.0,tree_top,7.81428571429,1.0,4.0,163.0,tree_top,0.612903225806,1.0,1.0,2.0,tree_top,13.5384615385,3.0,13.0,163.0,tree_top
0.2,1,0.07,119,34,54,4.58,1.0,5.4,47.0,tree_top,6.38571428571,1.0,12.0,47.0,tree_top,0.473684210526,0.0,1.0,2.0,tree_top,13.40625,10.5,18.8,47.0,tree_top
0.2,1,0.05,121,36,62,4.66,1.0,3.0,83.0,tree_top,6.41428571429,1.5,7.6,83.0,tree_top,1.33333333333,1.0,2.0,3.0,tree_top,10.9459459459,3.0,17.6,83.0,tree_top
0.2,1,0.05,121,36,60,76.37,1.0,115.6,803.0,tree_top,108.585714286,7.0,173.2,803.0,tree_top,0.375,0.0,1.0,1.0,tree_top,199.710526316,131.0,308.4,803.0,tree_bot
0.2,1,0.05,121,36,58,1.04,1.0,2.0,7.0,tree_top,1.24285714286,1.0,2.0,7.0,tree_top,0.780487804878,1.0,1.0,3.0,tree_top,1.89655172414,1.0,4.0,7.0,tree_top
0.2,1,0.05,121,36,56,3.87,1.0,2.0,70.0,tree_top,5.42857142857,1.0,5.0,70.0,tree_top,0.628571428571,1.0,1.0,1.0,tree_top,10.2285714286,4.0,14.0,70.0,tree_top
0.2,1,0.05,121,36,54,12.15,1.0,16.0,230.0,tree_top,17.0142857143,4.0,21.2,230.0,tree_top,1.0,1.0,1.0,2.0,tree_top,27.0697674419,12.0,34.6,230.0,tree_top
0.2,1,0.05,121,35,62,33.21,1.0,20.2,443.0,tree_top,47.1428571429,3.0,43.4,443.0,tree_top,0.3125,0.0,1.0,2.0,tree_top,86.5789473684,26.5,151.6,443.0,tree_top
0.2,1,0.05,121,35,60,7.6,1.0,4.4,115.0,tree_top,10.6428571429,1.5,12.2,115.0,tree_top,1.31428571429,1.0,2.0,4.0,tree_top,19.9714285714,7.0,33.6,115.0,tree_top
0.2,1,0.05,121,35,58,5.27,1.0,5.0,85.0,tree_top,7.21428571429,1.0,13.0,85.0,tree_top,0.368421052632,0.0,1.0,2.0,tree_top,15.34375,8.5,28.0,85.0,tree_top
0.2,1,0.05,121,35,56,2.82,1.0,2.0,37.0,tree_top,3.81428571429,1.0,4.2,37.0,tree_top,1.07894736842,1.0,1.6,2.0,tree_top,7.0625,4.0,11.0,37.0,tree_top
0.2,1,0.05,121,35,54,0.46,0.0,1.0,2.0,tree_top,0.442857142857,0.0,1.0,2.0,tree_top,0.736842105263,1.0,1.0,2.0,tree_top,0.09375,0.0,0.0,2.0,tree_top
0.2,1,0.05,121,34,62,3.37,1.0,2.2,69.0,tree_top,4.57142857143,1.0,4.0,69.0,tree_top,0.9,1.0,1.0,3.0,tree_top,9.46666666667,3.5,16.0,69.0,tree_top
0.2,1,0.05,121,34,60,5.13,1.0,5.0,112.0,tree_top,7.21428571429,1.0,8.2,112.0,tree_top,0.542857142857,1.0,1.0,2.0,tree_top,13.8857142857,5.0,19.0,112.0,tree_top
0.2,1,0.05,121,34,58,2.45,1.0,4.0,24.0,tree_top,3.32857142857,1.0,5.0,24.0,tree_top,0.807692307692,1.0,1.0,3.0,tree_top,4.81818181818,3.0,6.8,24.0,tree_top
0.2,1,0.05,121,34,56,3.01,0.5,3.4,65.0,tree_top,4.18571428571,1.0,7.2,65.0,tree_top,0.527777777778,0.0,1.0,2.0,tree_top,8.05882352941,6.0,12.0,65.0,tree_top
0.2,1,0.05,121,34,54,3.51,1.0,3.0,34.0,tree_top,4.78571428571,1.0,7.0,34.0,tree_top,0.333333333333,0.0,1.0,2.0,tree_top,9.5,5.5,18.4,34.0,tree_top
0.2,1,0.05,120,36,62,4.65,1.0,4.4,77.0,tree_top,6.3,2.0,7.2,77.0,tree_top,0.451612903226,0.0,1.0,3.0,tree_top,10.9487179487,6.0,15.2,77.0,tree_top
0.2,1,0.05,120,36,60,31.42,0.0,14.0,1202.0,tree_top,44.7285714286,1.0,27.0,1202.0,tree_top,0.162162162162,0.0,0.0,1.0,tree_top,94.696969697,21.0,126.8,1202.0,tree_top
0.2,1,0.05,120,36,58,0.93,0.5,1.0,8.0,tree_top,1.01428571429,1.0,2.0,8.0,tree_top,0.333333333333,0.0,1.0,1.0,tree_top,1.73529411765,1.0,2.4,8.0,tree_top
0.2,1,0.05,120,36,56,2.71,0.5,2.0,32.0,tree_top,3.81428571429,1.0,3.2,32.0,tree_top,0.65625,1.0,1.0,2.0,tree_top,6.47368421053,2.0,14.0,32.0,tree_top
0.2,1,0.05,120,36,54,3.23,1.0,2.0,60.0,tree_top,4.5,1.0,4.2,60.0,tree_top,0.766666666667,1.0,1.0,2.0,tree_top,7.3,2.0,8.2,60.0,tree_top
0.2,1,0.05,120,35,62,4.66,1.0,4.0,75.0,tree_top,6.4,1.0,7.0,75.0,tree_top,1.1,1.0,1.2,4.0,tree_top,13.4666666667,7.0,17.4,75.0,tree_top
0.2,1,0.05,120,35,60,0.85,1.0,1.0,6.0,tree_top,0.957142857143,1.0,1.2,6.0,tree_top,1.07894736842,1.0,1.6,3.0,tree_top,0.8125,0.0,1.0,6.0,tree_top
0.2,1,0.05,120,35,58,0.97,1.0,1.0,19.0,tree_top,1.31428571429,1.0,1.0,19.0,tree_top,0.744186046512,1.0,1.0,1.0,tree_top,2.22222222222,1.0,2.8,19.0,tree_top
0.2,1,0.05,120,35,56,4.39,1.0,3.2,102.0,tree_top,6.11428571429,1.0,6.4,102.0,tree_top,0.969696969697,1.0,1.0,2.0,tree_top,10.7027027027,4.0,14.0,102.0,tree_top
0.2,1,0.05,120,35,54,44.45,1.0,36.8,890.0,tree_top,63.3,1.0,112.6,890.0,tree_top,0.575757575758,1.0,1.0,2.0,tree_top,119.243243243,46.0,172.4,890.0,tree_top
0.2,1,0.05,120,34,62,0.95,1.0,1.0,10.0,tree_top,1.21428571429,1.0,1.2,10.0,tree_top,0.5,0.5,1.0,1.0,tree_top,1.97058823529,1.0,3.0,10.0,tree_top
0.2,1,0.05,120,34,60,13.82,0.5,6.0,350.0,tree_top,19.5714285714,1.0,19.0,350.0,tree_top,0.277777777778,0.0,1.0,1.0,tree_top,40.0,9.5,36.8,350.0,tree_top
0.2,1,0.05,120,34,58,3.05,0.0,2.0,82.0,tree_top,4.21428571429,0.0,4.0,82.0,tree_top,0.361111111111,0.0,1.0,3.0,tree_top,8.29411764706,3.0,11.8,82.0,tree_top
0.2,1,0.05,120,34,56,3.41,1.0,2.2,46.0,tree_top,4.7,1.0,6.0,46.0,tree_top,0.485714285714,0.0,1.0,2.0,tree_top,8.91428571429,6.0,12.8,46.0,tree_top
0.2,1,0.05,120,34,54,14.23,1.0,5.2,237.0,tree_top,20.2285714286,1.0,19.0,237.0,tree_top,0.684210526316,1.0,1.0,1.0,tree_top,43.4375,11.5,73.8,237.0,tree_top
0.2,1,0.05,119,36,62,5.37,0.0,4.4,106.0,tree_top,7.54285714286,1.0,9.4,106.0,tree_top,0.189189189189,0.0,0.0,2.0,tree_top,15.7878787879,8.0,20.6,106.0,tree_top
0.2,1,0.05,119,36,60,7.15,1.0,9.4,110.0,tree_top,9.62857142857,1.0,16.4,110.0,tree_top,0.210526315789,0.0,0.0,2.0,tree_top,20.8125,14.0,25.8,110.0,tree_top
0.2,1,0.05,119,36,58,1.05,0.0,1.0,21.0,tree_top,1.3,0.0,1.0,21.0,tree_top,0.416666666667,0.0,1.0,1.0,tree_top,2.23529411765,1.0,3.0,21.0,tree_top
0.2,1,0.05,119,36,56,13.61,0.0,6.2,244.0,tree_top,19.3571428571,1.0,16.8,244.0,tree_top,0.4,0.0,1.0,3.0,tree_top,38.3142857143,8.0,50.6,244.0,tree_top
0.2,1,0.05,119,36,54,42.76,1.0,91.8,533.0,tree_top,61.0142857143,1.0,119.6,533.0,tree_top,0.53125,0.5,1.0,2.0,tree_top,111.947368421,99.0,183.2,533.0,tree_top
0.2,1,0.05,119,35,62,0.9,1.0,1.0,8.0,tree_top,1.12857142857,1.0,1.2,8.0,tree_top,0.75,1.0,1.0,2.0,tree_top,1.44736842105,1.0,2.6,8.0,tree_top
0.2,1,0.05,119,35,60,0.93,1.0,1.0,11.0,tree_top,1.08571428571,1.0,1.0,11.0,tree_top,0.69696969697,1.0,1.0,2.0,tree_top,1.43243243243,0.0,3.0,11.0,tree_top
0.2,1,0.05,119,35,58,1.57,1.0,2.0,27.0,tree_top,2.11428571429,1.0,2.0,27.0,tree_top,1.0,1.0,1.0,2.0,tree_top,3.68965517241,2.0,6.0,27.0,tree_top
0.2,1,0.05,119,35,56,1.89,1.0,1.0,37.0,tree_top,2.61428571429,1.0,2.0,37.0,tree_top,0.74358974359,1.0,1.0,3.0,tree_top,4.96774193548,1.0,4.0,37.0,tree_top
0.2,1,0.05,119,35,54,21.63,1.0,26.6,419.0,tree_top,30.6714285714,2.5,41.2,419.0,tree_top,0.129032258065,0.0,0.0,1.0,tree_top,54.9487179487,29.0,79.4,419.0,tree_bot
0.2,1,0.05,119,34,62,8.18,1.0,7.2,156.0,tree_top,11.4857142857,1.0,15.0,156.0,tree_top,1.0,1.0,1.0,2.0,tree_top,21.9714285714,10.0,33.2,156.0,tree_top
0.2,1,0.05,119,34,60,6.43,1.0,5.2,92.0,tree_top,9.02857142857,1.0,13.2,92.0,tree_top,0.833333333333,1.0,1.0,2.0,tree_top,15.175,5.5,27.2,92.0,tree_top
0.2,1,0.05,119,34,58,1.31,1.0,1.0,15.0,tree_top,1.71428571429,1.0,2.0,15.0,tree_top,0.7,1.0,1.0,5.0,tree_top,3.06666666667,1.0,6.2,15.0,tree_top
0.2,1,0.05,119,34,56,3.94,1.0,4.2,51.0,tree_top,5.5,1.0,7.2,51.0,tree_top,0.806451612903,1.0,1.0,2.0,tree_top,9.23076923077,5.0,13.6,51.0,tree_top
0.2,1,0.05,119,34,54,7.59,1.0,11.2,87.0,tree_top,10.6571428571,4.0,20.4,87.0,tree_top,0.92,1.0,1.0,4.0,tree_top,16.0666666667,9.0,25.6,87.0,tree_top
0.2,1,0.03,121,36,62,1.47,1.0,2.0,13.0,tree_top,1.95714285714,1.0,4.0,13.0,tree_top,0.578947368421,0.0,1.0,4.0,tree_top,3.59375,3.0,5.8,13.0,tree_top
0.2,1,0.03,121,36,60,38.29,1.0,3.2,687.0,tree_top,54.5285714286,1.5,59.0,687.0,tree_top,1.28571428571,1.0,2.0,3.0,off_top,107.771428571,8.0,211.2,687.0,tree_top
0.2,1,0.03,121,36,58,3.04,1.0,2.0,72.0,tree_top,4.14285714286,1.0,5.2,72.0,tree_top,0.642857142857,1.0,1.0,2.0,tree_top,9.39285714286,5.5,11.0,72.0,tree_top
0.2,1,0.03,121,36,56,8.08,1.0,3.0,197.0,tree_top,11.4,1.0,12.0,197.0,tree_top,0.324324324324,0.0,1.0,2.0,tree_top,23.8181818182,9.0,34.6,197.0,tree_top
0.2,1,0.03,121,36,54,8.48,1.0,10.2,64.0,tree_top,12.0,1.0,28.4,64.0,tree_top,0.828571428571,1.0,1.0,2.0,tree_top,23.1714285714,23.0,44.2,64.0,tree_top
0.2,1,0.03,121,35,62,56.09,2.0,93.0,396.0,tree_top,40.5571428571,1.0,75.0,396.0,tree_top,0.974358974359,1.0,1.0,2.0,tree_top,90.3548387097,68.0,103.0,396.0,tree_top
0.2,1,0.03,121,35,60,5.8,1.0,8.2,73.0,tree_top,7.95714285714,1.0,14.2,73.0,tree_top,0.459459459459,0.0,1.0,2.0,tree_top,16.3636363636,13.0,23.6,73.0,tree_top
0.2,1,0.03,121,35,58,3.73,1.0,5.0,54.0,tree_top,5.07142857143,1.0,7.0,54.0,tree_top,0.722222222222,1.0,1.0,2.0,tree_top,9.67647058824,5.5,15.0,54.0,tree_top
0.2,1,0.03,121,35,56,3.71,1.0,2.0,54.0,tree_top,5.21428571429,1.0,4.0,54.0,tree_top,0.575757575758,1.0,1.0,2.0,tree_top,9.35135135135,2.0,17.4,54.0,tree_top
0.2,1,0.03,121,35,54,8.13,1.0,7.4,74.0,tree_top,11.2571428571,1.0,21.4,74.0,tree_top,0.625,1.0,1.0,2.0,tree_top,25.4333333333,20.5,48.4,74.0,tree_top
0.2,1,0.03,121,34,62,2.84,1.0,2.0,44.0,tree_top,3.95714285714,1.0,3.0,44.0,tree_top,0.763157894737,1.0,1.0,2.0,tree_top,7.75,2.0,15.0,44.0,tree_top
0.2,1,0.03,121,34,60,7.48,1.0,4.0,125.0,tree_top,10.5,1.0,7.4,125.0,tree_top,0.684210526316,1.0,1.0,2.0,tree_top,22.15625,5.5,33.6,125.0,tree_top
0.2,1,0.03,121,34,58,2.6,1.0,2.0,90.0,tree_top,3.54285714286,1.0,3.2,90.0,tree_top,0.882352941176,1.0,1.0,3.0,tree_top,6.05555555556,1.0,5.0,90.0,tree_top
0.2,1,0.03,121,34,56,3.12,1.0,5.0,66.0,tree_top,4.34285714286,1.0,6.2,66.0,tree_top,0.545454545455,0.0,1.0,2.0,tree_top,7.72972972973,5.0,8.8,66.0,tree_top
0.2,1,0.03,121,34,54,3.9,1.0,5.0,48.0,tree_top,5.34285714286,1.0,8.2,48.0,tree_top,0.322580645161,0.0,1.0,1.0,tree_top,9.33333333333,5.0,16.0,48.0,tree_top
0.2,1,0.03,120,36,62,3.92,1.0,3.0,86.0,tree_top,5.4,1.0,4.2,86.0,tree_top,0.810810810811,1.0,1.0,2.0,tree_top,10.5454545455,4.0,12.8,86.0,tree_top
0.2,1,0.03,120,36,60,18.77,1.0,28.6,218.0,tree_top,26.6857142857,1.0,52.6,218.0,tree_top,0.428571428571,0.0,1.0,1.0,tree_top,52.9428571429,42.0,91.6,218.0,tree_top
0.2,1,0.03,120,36,58,2.12,1.0,3.0,29.0,tree_top,2.94285714286,1.0,4.0,29.0,tree_top,0.868421052632,1.0,1.0,3.0,tree_top,5.40625,3.0,6.0,29.0,tree_top
0.2,1,0.03,120,36,56,7.19,1.0,2.2,190.0,tree_top,10.1857142857,1.0,4.2,190.0,tree_top,0.829268292683,1.0,1.0,4.0,tree_top,23.4137931034,4.0,22.8,190.0,tree_top
0.2,1,0.03,120,36,54,1.31,0.0,1.0,18.0,tree_top,1.74285714286,0.0,2.0,18.0,tree_top,0.324324324324,0.0,1.0,2.0,tree_top,3.33333333333,1.0,6.0,18.0,tree_top
0.2,1,0.03,120,35,62,8.88,1.0,4.6,88.0,tree_top,12.5714285714,1.0,19.0,88.0,tree_top,0.71875,1.0,1.0,2.0,tree_top,22.5526315789,7.5,43.8,88.0,tree_top
0.2,1,0.03,120,35,60,0.85,1.0,1.0,4.0,tree_top,1.08571428571,1.0,2.0,4.0,tree_top,1.23076923077,1.0,2.0,3.0,tree_top,0.903225806452,1.0,2.0,4.0,tree_top
0.2,1,0.03,120,35,58,3.5,1.0,4.0,38.0,tree_top,4.82857142857,1.0,9.0,38.0,tree_top,1.13333333333,1.0,1.0,9.0,tree_top,7.6,4.0,11.2,38.0,tree_top
0.2,1,0.03,120,35,56,0.33,0.0,1.0,3.0,tree_top,0.4,0.0,1.0,3.0,tree_top,0.463414634146,0.0,1.0,2.0,tree_top,0.310344827586,0.0,1.0,3.0,tree_top
0.2,1,0.03,120,35,54,17.63,0.0,9.2,296.0,tree_top,25.0857142857,0.0,46.6,296.0,tree_top,0.0769230769231,0.0,0.0,1.0,tree_top,56.5483870968,26.0,104.0,296.0,tree_top
0.2,1,0.03,120,34,62,1.38,1.0,2.0,21.0,tree_top,1.84285714286,1.0,2.0,21.0,tree_top,0.833333333333,1.0,1.8,3.0,tree_top,3.35714285714,1.0,5.0,21.0,tree_top
0.2,1,0.03,120,34,60,1.79,1.0,2.0,17.0,tree_top,2.35714285714,1.0,3.0,17.0,tree_top,0.46875,0.0,1.0,2.0,tree_top,3.94736842105,2.0,6.6,17.0,tree_top
0.2,1,0.03,120,34,58,8.99,0.0,10.2,130.0,tree_top,12.7428571429,2.0,17.2,130.0,tree_top,0.333333333333,0.0,0.8,2.0,tree_top,20.5348837209,10.0,38.8,130.0,tree_top
0.2,1,0.03,120,34,56,1.21,0.0,1.0,33.0,tree_top,1.58571428571,1.0,2.0,33.0,tree_top,0.571428571429,0.0,1.0,2.0,tree_top,2.6,1.0,3.2,33.0,tree_top
0.2,1,0.03,120,34,54,1.7,0.0,2.0,19.0,tree_top,2.37142857143,1.0,2.2,19.0,tree_top,0.638888888889,1.0,1.0,2.0,tree_top,4.20588235294,2.0,8.8,19.0,tree_top
0.2,1,0.03,119,36,62,18.58,1.0,28.4,497.0,tree_top,25.9,1.0,44.6,497.0,tree_top,0.3,0.0,1.0,1.0,tree_top,60.0333333333,42.0,71.0,497.0,tree_top
0.2,1,0.03,119,36,60,0.98,1.0,1.0,9.0,tree_top,1.32857142857,1.0,1.0,9.0,tree_top,0.785714285714,1.0,1.0,2.0,off_top,2.14285714286,1.0,2.6,9.0,tree_top
0.2,1,0.03,119,36,58,4.48,1.0,5.2,44.0,tree_top,6.21428571429,1.0,9.0,44.0,tree_top,0.769230769231,1.0,1.0,2.0,tree_top,13.064516129,8.0,28.0,44.0,tree_top
0.2,1,0.03,119,36,56,30.86,1.0,20.2,864.0,tree_top,43.8,2.0,64.4,864.0,tree_top,0.611111111111,0.5,1.0,2.0,tree_top,89.5294117647,36.0,107.4,864.0,tree_top
0.2,1,0.03,119,36,54,35.23,1.0,60.2,450.0,tree_top,50.1142857143,12.0,79.4,450.0,tree_top,0.428571428571,0.0,1.0,1.0,tree_top,83.2380952381,59.0,149.6,450.0,tree_bot
0.2,1,0.03,119,35,62,7.5,0.0,1.2,237.0,tree_top,10.5714285714,0.0,2.2,237.0,tree_top,0.342105263158,0.0,1.0,2.0,tree_top,22.71875,2.0,17.6,237.0,tree_top
0.2,1,0.03,119,35,60,0.56,0.0,1.0,3.0,tree_top,0.657142857143,1.0,1.0,3.0,tree_top,0.606060606061,1.0,1.0,2.0,tree_top,0.702702702703,0.0,1.0,3.0,tree_top
0.2,1,0.03,119,35,58,10.47,1.0,2.0,264.0,tree_top,14.8428571429,1.0,3.0,264.0,tree_top,0.767441860465,1.0,1.0,2.0,tree_top,37.2592592593,3.0,70.8,264.0,tree_top
0.2,1,0.03,119,35,56,1.99,1.0,1.2,25.0,tree_top,2.75714285714,1.0,2.2,25.0,tree_top,0.783783783784,1.0,1.0,2.0,tree_top,4.9696969697,2.0,8.6,25.0,tree_top
0.2,1,0.03,119,35,54,3.87,0.0,3.2,82.0,tree_top,5.48571428571,0.0,7.0,82.0,tree_top,0.161290322581,0.0,0.0,1.0,tree_top,9.71794871795,4.0,11.4,82.0,tree_top
0.2,1,0.03,119,34,62,4.79,1.0,3.2,62.0,tree_top,6.77142857143,1.0,10.6,62.0,tree_top,0.970588235294,1.0,1.0,3.0,tree_top,12.25,6.0,22.0,62.0,tree_top
0.2,1,0.03,119,34,60,3.82,1.0,2.2,91.0,tree_top,5.3,1.0,5.2,91.0,tree_top,1.28571428571,1.0,2.0,5.0,tree_top,11.3214285714,5.0,14.2,91.0,tree_top
0.2,1,0.03,119,34,58,1.38,1.0,1.0,24.0,tree_top,1.92857142857,1.0,2.0,24.0,tree_top,1.125,1.0,1.2,3.0,tree_top,3.0,1.0,4.0,24.0,tree_top
0.2,1,0.03,119,34,56,7.11,1.0,3.0,169.0,tree_top,10.0857142857,1.0,7.2,169.0,tree_top,0.5,0.0,1.0,3.0,tree_top,20.2352941176,5.0,20.4,169.0,tree_top
0.2,1,0.03,119,34,54,1.65,0.0,1.0,51.0,tree_top,2.25714285714,0.0,2.0,51.0,tree_top,0.290322580645,0.0,1.0,2.0,tree_top,3.82051282051,1.0,3.0,51.0,tree_top
0.2,1,0.01,121,36,62,8.0,1.0,8.0,153.0,tree_top,10.9428571429,1.0,17.2,153.0,tree_top,0.459459459459,0.0,1.0,2.0,tree_top,22.696969697,13.0,29.8,153.0,tree_top
0.2,1,0.01,121,36,60,35.71,1.0,35.0,431.0,tree_top,50.7857142857,1.0,90.4,431.0,tree_top,0.25,0.0,1.0,1.0,tree_top,93.3421052632,38.5,147.8,431.0,tree_top
0.2,1,0.01,121,36,58,1.83,0.0,1.0,57.0,tree_top,2.48571428571,1.0,2.0,57.0,tree_top,0.323529411765,0.0,1.0,1.0,tree_top,4.52777777778,1.0,4.0,57.0,tree_top
0.2,1,0.01,121,36,56,5.27,1.0,4.2,109.0,tree_top,7.34285714286,2.0,13.0,109.0,tree_top,1.22857142857,1.0,2.0,4.0,tree_top,13.4571428571,8.0,17.6,109.0,tree_top
0.2,1,0.01,121,36,54,2.79,0.0,3.0,34.0,tree_top,3.82857142857,1.0,6.2,34.0,tree_top,0.212121212121,0.0,0.0,2.0,tree_top,7.05405405405,3.0,12.0,34.0,tree_top
0.2,1,0.01,121,35,62,70.13,1.0,142.6,583.0,tree_top,98.7857142857,31.0,167.8,583.0,tree_top,0.333333333333,0.0,1.0,1.0,tree_top,172.625,143.5,267.2,583.0,tree_top
0.2,1,0.01,121,35,60,2.56,1.0,3.0,25.0,tree_top,3.54285714286,1.0,5.4,25.0,tree_top,0.918918918919,1.0,1.0,3.0,tree_top,6.48484848485,4.0,11.0,25.0,tree_top
0.2,1,0.01,121,35,58,17.85,1.0,5.2,317.0,tree_top,25.3428571429,1.0,18.8,317.0,tree_top,0.515151515152,0.0,1.0,2.0,tree_top,47.4864864865,7.0,104.0,317.0,tree_top
0.2,1,0.01,121,35,56,1.25,1.0,2.0,12.0,tree_top,1.68571428571,1.0,3.0,12.0,tree_top,1.23684210526,1.0,2.0,4.0,tree_top,2.21875,1.0,3.8,12.0,tree_top
0.2,1,0.01,121,35,54,1.12,1.0,2.0,9.0,tree_top,1.35714285714,1.0,2.0,9.0,tree_top,0.702702702703,1.0,1.0,2.0,tree_top,2.09090909091,2.0,3.0,9.0,tree_top
0.2,1,0.01,121,34,62,55.75,0.0,30.8,802.0,tree_top,79.5285714286,0.0,153.2,802.0,tree_top,0.170731707317,0.0,0.0,2.0,tree_top,191.724137931,153.0,278.8,802.0,tree_top
0.2,1,0.01,121,34,60,0.74,0.0,1.0,6.0,tree_top,0.871428571429,1.0,1.0,6.0,tree_top,0.487179487179,0.0,1.0,2.0,tree_top,1.35483870968,1.0,2.0,6.0,tree_top
0.2,1,0.01,121,34,58,3.51,1.0,3.0,35.0,tree_top,4.78571428571,1.0,6.2,35.0,tree_top,1.0,1.0,1.0,3.0,tree_top,8.57142857143,3.0,15.2,35.0,tree_top
0.2,1,0.01,121,34,56,4.52,1.0,5.2,43.0,tree_top,6.28571428571,1.0,8.0,43.0,tree_top,0.647058823529,1.0,1.0,2.0,tree_top,11.6111111111,6.5,21.0,43.0,tree_top
0.2,1,0.01,121,34,54,1.42,1.0,1.2,20.0,tree_top,1.92857142857,1.0,2.0,20.0,tree_top,1.0,1.0,1.0,2.0,tree_top,3.09677419355,1.0,4.0,20.0,tree_top
0.2,1,0.01,120,36,62,2.48,0.0,2.0,35.0,tree_top,3.38571428571,0.5,5.2,35.0,tree_top,0.325581395349,0.0,1.0,2.0,tree_top,8.25925925926,6.0,11.8,35.0,tree_top
0.2,1,0.01,120,36,60,0.78,1.0,1.0,5.0,tree_top,0.957142857143,1.0,1.0,5.0,tree_top,0.85,1.0,1.0,2.0,tree_top,1.1,1.0,2.0,5.0,tree_top
0.2,1,0.01,120,36,58,72.3,1.0,65.0,856.0,tree_top,103.185714286,2.0,157.6,856.0,tree_top,0.25,0.0,1.0,1.0,tree_top,189.868421053,74.5,299.6,856.0,tree_top
0.2,1,0.01,120,36,56,1.18,1.0,1.0,9.0,tree_top,1.54285714286,1.0,2.0,9.0,tree_top,0.853658536585,1.0,1.0,2.0,tree_top,2.51724137931,2.0,4.0,9.0,tree_top
0.2,1,0.01,120,36,54,5.04,0.0,3.0,110.0,tree_top,7.04285714286,0.0,9.2,110.0,tree_top,0.138888888889,0.0,0.0,2.0,tree_top,14.3529411765,6.5,23.8,110.0,tree_top
0.2,1,0.01,120,35,62,73.5,1.0,57.6,1063.0,tree_top,104.842857143,1.0,133.8,1063.0,tree_top,0.214285714286,0.0,0.6,1.0,tree_top,174.595238095,53.5,361.0,1063.0,tree_top
0.2,1,0.01,120,35,60,3.56,1.0,3.0,55.0,tree_top,4.67142857143,1.0,5.2,55.0,tree_top,0.431818181818,0.0,1.0,3.0,tree_top,11.8461538462,6.0,19.0,55.0,tree_top
0.2,1,0.01,120,35,58,18.46,1.0,12.0,217.0,tree_top,26.1,1.0,28.0,217.0,tree_top,0.638888888889,1.0,1.0,2.0,tree_top,53.0588235294,21.0,116.4,217.0,tree_top
0.2,1,0.01,120,35,56,4.68,0.0,3.0,65.0,tree_top,6.52857142857,1.0,6.2,65.0,tree_top,0.243243243243,0.0,1.0,1.0,tree_top,13.5757575758,6.0,26.0,65.0,tree_top
0.2,1,0.01,120,35,54,2.07,0.0,1.0,29.0,tree_top,2.88571428571,1.0,4.0,29.0,tree_top,0.380952380952,0.0,1.0,2.0,tree_top,6.64285714286,4.0,12.6,29.0,tree_top
0.2,1,0.01,120,34,62,0.63,1.0,1.0,4.0,tree_top,0.814285714286,1.0,1.0,4.0,tree_top,1.02272727273,1.0,1.0,4.0,tree_top,0.461538461538,0.0,1.0,2.0,tree_top
0.2,1,0.01,120,34,60,3.56,2.0,4.0,30.0,tree_top,3.85714285714,2.0,5.0,30.0,tree_top,1.40540540541,1.0,2.0,5.0,tree_top,6.60606060606,3.0,11.4,30.0,tree_top
0.2,1,0.01,120,34,58,3.19,1.0,3.0,38.0,tree_top,4.4,1.0,8.2,38.0,tree_top,0.613636363636,1.0,1.0,2.0,tree_top,10.8076923077,9.0,15.0,38.0,tree_top
0.2,1,0.01,120,34,56,29.06,0.0,46.0,639.0,tree_top,41.4,2.0,60.8,639.0,tree_top,0.137931034483,0.0,0.0,2.0,tree_top,70.5853658537,45.0,99.0,639.0,tree_top
0.2,1,0.01,120,34,54,2.57,1.0,2.0,81.0,tree_top,3.38571428571,1.0,3.0,81.0,tree_top,0.611111111111,1.0,1.0,2.0,tree_top,6.32352941176,2.0,7.0,81.0,tree_top
0.2,1,0.01,119,36,62,2.61,1.0,2.2,45.0,tree_top,3.64285714286,1.0,5.0,45.0,tree_top,1.25641025641,1.0,2.0,3.0,tree_top,6.64516129032,4.0,10.0,45.0,tree_top
0.2,1,0.01,119,36,60,0.71,0.5,1.0,4.0,tree_top,0.757142857143,1.0,1.0,4.0,tree_top,1.0,1.0,1.0,4.0,tree_top,0.451612903226,0.0,1.0,4.0,tree_top
0.2,1,0.01,119,36,58,4.64,1.0,2.2,103.0,tree_top,6.52857142857,1.0,3.2,103.0,tree_top,0.628571428571,1.0,1.0,1.0,tree_top,12.4285714286,3.0,17.8,103.0,tree_top
0.2,1,0.01,119,36,56,2.19,1.0,2.0,28.0,tree_top,3.01428571429,1.0,3.2,28.0,tree_top,0.861111111111,1.0,1.0,3.0,tree_top,5.29411764706,2.5,8.4,28.0,tree_top
0.2,1,0.01,119,36,54,3.48,1.0,6.0,43.0,tree_top,4.74285714286,1.0,7.0,43.0,tree_top,0.387096774194,0.0,1.0,2.0,tree_top,8.20512820513,6.0,11.4,43.0,tree_top
0.2,1,0.01,119,35,62,8.2,0.0,4.6,108.0,tree_top,11.5142857143,1.0,17.2,108.0,tree_top,0.230769230769,0.0,0.4,2.0,tree_top,25.7096774194,15.0,50.0,108.0,tree_top
0.2,1,0.01,119,35,60,0.83,0.0,1.0,11.0,tree_top,1.11428571429,1.0,1.2,11.0,tree_top,1.08333333333,1.0,2.0,3.0,tree_top,1.14705882353,0.0,1.0,11.0,tree_top
0.2,1,0.01,119,35,58,63.09,1.0,70.0,1072.0,tree_top,89.9428571429,8.5,112.4,1072.0,tree_top,0.172413793103,0.0,0.0,1.0,tree_top,153.43902439,67.0,261.0,1072.0,tree_top
0.2,1,0.01,119,35,56,4.27,1.0,2.0,67.0,tree_top,5.92857142857,1.0,6.2,67.0,tree_top,0.882352941176,1.0,1.0,3.0,tree_top,10.6944444444,2.5,18.0,67.0,tree_top
0.2,1,0.01,119,35,54,1.56,1.0,2.0,14.0,tree_top,2.02857142857,1.0,2.0,14.0,tree_top,0.636363636364,1.0,1.0,2.0,tree_top,4.38461538462,2.0,8.0,14.0,tree_top
0.2,1,0.01,119,34,62,3.25,1.0,3.0,45.0,tree_top,4.38571428571,1.0,3.2,45.0,tree_top,1.14634146341,1.0,2.0,4.0,tree_top,8.96551724138,3.0,14.6,45.0,tree_top
0.2,1,0.01,119,34,60,4.0,1.0,3.0,55.0,tree_top,5.42857142857,1.0,3.4,55.0,tree_top,0.947368421053,1.0,1.0,3.0,tree_top,10.75,3.0,22.0,55.0,tree_top
0.2,1,0.01,119,34,58,32.87,0.0,47.4,623.0,tree_top,45.6571428571,0.0,65.4,623.0,tree_top,0.0526315789474,0.0,0.0,1.0,tree_top,99.8125,60.0,135.4,623.0,tree_top
0.2,1,0.01,119,34,56,10.3,1.0,8.0,166.0,tree_top,14.6,1.0,13.4,166.0,tree_top,0.756756756757,1.0,1.0,2.0,tree_top,30.1212121212,10.0,51.8,166.0,tree_top
0.2,1,0.01,119,34,54,25.5,1.0,21.0,441.0,tree_top,36.2714285714,1.0,44.6,441.0,tree_top,0.666666666667,1.0,1.0,3.0,tree_top,68.027027027,29.0,107.2,441.0,tree_top
0.15,1,0.1,121,36,62,21.09,1.0,5.2,679.0,tree_top,29.8285714286,2.0,12.4,679.0,tree_top,1.55,1.0,2.0,5.0,tree_top,67.5333333333,11.5,77.8,679.0,tree_top
0.15,1,0.1,121,36,60,3.0,1.0,4.0,38.0,tree_top,4.07142857143,1.0,7.2,38.0,tree_top,0.69696969697,1.0,1.0,2.0,tree_top,7.08108108108,5.0,11.0,38.0,tree_top
0.15,1,0.1,121,36,58,2.66,1.0,2.2,39.0,tree_top,3.68571428571,1.0,3.0,39.0,tree_top,1.17142857143,1.0,2.0,3.0,tree_top,6.2,3.0,7.2,39.0,tree_top
0.15,1,0.1,121,36,56,7.43,0.0,9.6,94.0,tree_top,10.2142857143,0.0,19.0,94.0,tree_top,0.111111111111,0.0,0.0,2.0,tree_top,20.9117647059,12.5,42.8,94.0,tree_top
0.15,1,0.1,121,36,54,8.69,1.0,11.2,117.0,tree_top,12.1142857143,2.5,26.4,117.0,tree_top,0.41935483871,0.0,1.0,2.0,tree_top,21.4102564103,12.0,38.4,117.0,tree_top
0.15,1,0.1,121,35,62,10.43,1.0,5.2,312.0,tree_top,14.7571428571,1.0,8.0,312.0,tree_top,0.594594594595,0.0,1.0,2.0,tree_top,30.6363636364,7.0,30.8,312.0,tree_top
0.15,1,0.1,121,35,60,4.02,1.0,6.0,42.0,tree_top,5.52857142857,1.0,9.2,42.0,tree_top,1.07142857143,1.0,1.0,4.0,tree_top,8.5,5.5,14.0,42.0,tree_top
0.15,1,0.1,121,35,58,0.64,0.0,1.0,7.0,tree_top,0.828571428571,0.0,1.0,7.0,tree_top,0.368421052632,0.0,1.0,2.0,tree_top,1.375,1.0,2.0,7.0,tree_top
0.15,1,0.1,121,35,56,93.47,1.0,93.2,1071.0,tree_top,132.7,2.0,206.0,1071.0,tree_top,0.945945945946,1.0,1.0,2.0,tree_top,280.424242424,111.0,551.2,1071.0,tree_top
0.15,1,0.1,121,35,54,11.36,1.0,4.2,265.0,tree_top,16.1,1.0,16.0,265.0,tree_top,0.8,1.0,1.0,2.0,tree_top,31.4,8.0,41.8,265.0,tree_top
0.15,1,0.1,121,34,62,14.44,1.0,11.2,268.0,tree_top,20.4428571429,2.0,26.2,268.0,tree_top,1.03125,1.0,1.0,2.0,tree_top,36.7894736842,15.5,58.8,268.0,tree_top
0.15,1,0.1,121,34,60,0.84,1.0,1.0,8.0,tree_top,1.11428571429,1.0,2.0,8.0,tree_top,0.611111111111,1.0,1.0,2.0,tree_top,1.64705882353,1.0,3.0,8.0,tree_top
0.15,1,0.1,121,34,58,23.26,1.0,29.4,219.0,tree_top,32.8571428571,2.5,82.0,219.0,tree_top,0.285714285714,0.0,1.0,2.0,tree_top,54.5714285714,27.5,102.8,219.0,tree_top
0.15,1,0.1,121,34,56,3.36,1.0,2.0,66.0,tree_top,4.58571428571,1.0,4.0,66.0,tree_top,0.547619047619,0.5,1.0,2.0,tree_top,10.6428571429,4.0,13.2,66.0,tree_top
0.15,1,0.1,121,34,54,1.13,1.0,2.0,11.0,tree_top,1.4,1.0,2.0,11.0,tree_top,0.536585365854,0.0,1.0,2.0,tree_top,2.62068965517,2.0,5.0,11.0,tree_top
0.15,1,0.1,120,36,62,1.71,1.0,2.0,15.0,tree_top,2.15714285714,1.0,3.0,15.0,tree_top,0.971428571429,1.0,1.0,5.0,tree_top,3.34285714286,2.0,5.0,15.0,tree_top
0.15,1,0.1,120,36,60,14.47,1.0,3.2,409.0,tree_top,20.5285714286,1.0,11.8,409.0,tree_top,0.75,1.0,1.0,3.0,tree_top,41.4705882353,9.5,53.2,409.0,tree_top
0.15,1,0.1,120,36,58,5.77,1.0,3.0,121.0,tree_top,8.08571428571,2.0,10.4,121.0,tree_top,1.61290322581,1.0,3.0,4.0,tree_top,13.2307692308,3.0,21.4,121.0,tree_top
0.15,1,0.1,120,36,56,20.81,0.0,19.4,295.0,tree_top,29.6142857143,1.0,35.2,295.0,tree_top,0.1875,0.0,0.0,1.0,tree_top,54.3947368421,22.0,68.2,295.0,tree_top
