0.15,1,0.1,140,40,32,0.71,0.0,1.0,7.0,tree_top,0.885714285714,0.0,1.2,7.0,tree_top,0.675675675676,0.0,1.0,3.0,tree_top,1.12121212121,0.0,2.0,7.0,tree_top
0.15,1,0.1,140,40,40,1.76,1.0,2.0,24.0,tree_top,2.15714285714,1.0,2.2,24.0,tree_top,0.513513513514,0.0,1.0,2.0,tree_top,4.0,2.0,5.6,24.0,tree_top
0.15,1,0.1,140,40,52,6.93,1.0,6.2,130.0,tree_top,9.78571428571,2.0,11.2,130.0,tree_top,0.46875,0.0,1.0,3.0,tree_top,17.6315789474,7.0,24.8,130.0,tree_top
0.15,1,0.1,140,40,60,1.08,0.0,1.0,18.0,tree_top,1.38571428571,0.0,2.0,18.0,tree_top,0.484848484848,0.0,1.0,3.0,tree_top,2.18918918919,0.0,4.0,18.0,tree_top
0.15,1,0.1,140,40,72,11.95,1.0,12.0,178.0,tree_top,16.8428571429,2.0,28.0,178.0,tree_top,0.575757575758,0.0,1.0,3.0,tree_top,31.3513513514,16.0,53.8,178.0,tree_bot
0.15,1,0.1,140,35,32,0.77,0.0,1.0,13.0,tree_top,0.985714285714,0.0,1.2,13.0,tree_top,0.15625,0.0,0.0,2.0,tree_top,1.68421052632,1.0,2.6,13.0,tree_top
0.15,1,0.1,140,35,40,7.83,1.0,10.2,123.0,tree_top,10.9428571429,1.5,18.4,123.0,tree_top,0.6,1.0,1.0,2.0,tree_top,18.7,10.5,28.0,123.0,tree_top
0.15,1,0.1,140,35,52,10.52,1.0,6.2,277.0,tree_top,14.8428571429,2.0,9.0,277.0,tree_top,1.05882352941,1.0,2.0,3.0,tree_top,27.8611111111,7.5,27.0,277.0,tree_top
0.15,1,0.1,140,35,60,1.73,0.0,3.0,11.0,tree_top,2.1,1.0,4.0,11.0,tree_top,0.28125,0.0,0.8,2.0,tree_top,3.63157894737,3.0,6.0,11.0,tree_top
0.15,1,0.1,140,35,72,12.7,1.0,13.2,254.0,tree_top,17.7428571429,1.0,22.4,254.0,tree_top,0.771428571429,1.0,1.0,4.0,tree_top,34.7142857143,15.0,48.6,254.0,tree_top
0.15,1,0.1,140,30,32,0.48,0.0,1.0,3.0,tree_top,0.585714285714,0.0,1.0,3.0,tree_top,0.46511627907,0.0,1.0,3.0,tree_top,0.777777777778,0.0,1.8,3.0,tree_top
0.15,1,0.1,140,30,40,4.15,1.0,3.0,94.0,tree_top,5.72857142857,1.0,4.0,94.0,tree_top,0.923076923077,1.0,1.4,3.0,tree_top,11.7741935484,4.0,10.0,94.0,off_bot
0.15,1,0.1,140,30,52,5.49,0.5,2.2,104.0,tree_top,7.51428571429,1.0,7.0,104.0,tree_top,0.275,0.0,1.0,1.0,tree_top,17.1666666667,6.0,28.4,104.0,tree_top
0.15,1,0.1,140,30,60,1.42,1.0,1.0,22.0,tree_top,1.87142857143,1.0,2.0,22.0,tree_top,0.722222222222,1.0,1.0,2.0,tree_top,3.08823529412,1.0,4.0,22.0,tree_top
0.15,1,0.1,140,30,72,2.33,0.0,1.0,33.0,tree_top,3.22857142857,0.0,4.0,33.0,tree_top,0.268292682927,0.0,1.0,2.0,tree_top,7.41379310345,4.0,16.0,33.0,tree_top
0.15,1,0.1,120,40,32,0.6,0.0,1.0,8.0,tree_top,0.757142857143,0.0,1.0,8.0,tree_top,0.264705882353,0.0,1.0,1.0,tree_top,1.22222222222,1.0,2.0,8.0,tree_bot
0.15,1,0.1,120,40,40,2.03,1.0,2.0,38.0,tree_top,2.72857142857,1.0,3.0,38.0,tree_top,0.775,1.0,1.0,3.0,tree_top,5.33333333333,2.5,9.2,38.0,tree_top
0.15,1,0.1,120,40,52,0.6,0.5,1.0,4.0,tree_top,0.757142857143,1.0,1.0,4.0,tree_top,0.951219512195,1.0,1.0,4.0,tree_top,0.48275862069,0.0,1.0,3.0,tree_top
0.15,1,0.1,120,40,60,1.04,1.0,1.0,7.0,tree_top,1.37142857143,1.0,2.0,7.0,tree_top,0.833333333333,1.0,1.0,3.0,tree_top,1.775,1.0,3.0,7.0,tree_top
0.15,1,0.1,120,40,72,13.62,0.0,8.8,308.0,tree_top,19.2714285714,1.0,26.0,308.0,tree_top,0.307692307692,0.0,1.0,2.0,tree_top,43.1290322581,24.0,65.0,308.0,tree_bot
0.15,1,0.1,120,35,32,32.14,5.0,31.0,467.0,tree_top,43.6142857143,7.0,52.0,467.0,tree_top,1.10714285714,1.0,1.0,2.0,tree_top,71.9523809524,30.5,118.4,467.0,tree_top
0.15,1,0.1,120,35,40,7.11,1.0,4.2,114.0,tree_top,9.98571428571,1.0,10.0,114.0,tree_top,0.53488372093,0.0,1.0,2.0,tree_top,25.037037037,10.0,42.8,114.0,tree_top
0.15,1,0.1,120,35,52,29.45,1.0,3.0,1335.0,tree_top,41.9142857143,1.0,8.8,1335.0,tree_top,1.24390243902,1.0,2.0,4.0,tree_top,99.4137931034,8.0,69.2,1335.0,tree_top
0.15,1,0.1,120,35,60,3.94,1.0,3.0,51.0,tree_top,5.44285714286,1.0,6.6,51.0,tree_top,1.0,1.0,1.8,3.0,tree_top,10.4242424242,6.0,19.0,51.0,tree_top
0.15,1,0.1,120,35,72,1.09,1.0,1.2,8.0,tree_top,1.41428571429,1.0,2.0,8.0,tree_top,0.809523809524,1.0,1.0,4.0,tree_top,2.32142857143,2.0,3.0,8.0,tree_top
0.15,1,0.1,120,30,32,0.6,0.0,1.0,7.0,tree_top,0.757142857143,0.0,1.0,7.0,tree_top,0.805555555556,1.0,1.0,3.0,tree_top,0.705882352941,0.0,1.0,7.0,tree_bot
0.15,1,0.1,120,30,40,1.11,1.0,2.0,14.0,tree_top,1.4,1.0,2.0,14.0,tree_top,0.891891891892,1.0,1.0,3.0,tree_top,1.9696969697,1.0,3.0,14.0,tree_top
0.15,1,0.1,120,30,52,2.91,1.0,3.0,49.0,tree_top,3.87142857143,1.0,4.0,49.0,tree_top,1.25,1.0,2.0,4.0,tree_top,6.64705882353,2.5,11.2,49.0,tree_top
0.15,1,0.1,120,30,60,9.44,1.0,10.2,119.0,tree_top,13.2857142857,2.0,16.2,119.0,tree_top,0.571428571429,0.5,1.0,2.0,tree_top,21.7619047619,10.0,38.0,119.0,tree_top
0.15,1,0.1,120,30,72,10.77,1.0,10.2,135.0,tree_top,15.1142857143,2.0,17.4,135.0,tree_top,0.972972972973,1.0,1.0,4.0,tree_top,30.9696969697,14.0,40.2,135.0,tree_top
0.15,1,0.1,110,40,32,0.56,0.0,1.0,6.0,tree_top,0.742857142857,0.0,1.0,6.0,tree_top,0.575757575758,0.0,1.0,3.0,tree_top,0.891891891892,0.0,2.0,6.0,tree_top
0.15,1,0.1,110,40,40,0.82,0.0,1.0,18.0,tree_top,1.01428571429,0.0,1.0,18.0,tree_top,0.473684210526,0.0,1.0,2.0,tree_top,1.65625,0.0,2.0,18.0,tree_top
0.15,1,0.1,110,40,52,23.36,1.0,25.2,341.0,tree_top,33.1714285714,2.0,52.4,341.0,tree_top,1.26666666667,1.0,2.0,4.0,tree_top,57.1,25.5,98.8,341.0,tree_top
0.15,1,0.1,110,40,60,6.03,1.0,4.2,81.0,tree_top,8.41428571429,1.0,11.4,81.0,tree_top,0.75,1.0,1.0,2.0,tree_top,14.8684210526,5.0,26.8,81.0,tree_top
0.15,1,0.1,110,40,72,0.9,0.0,1.0,10.0,tree_top,1.02857142857,0.0,2.0,10.0,tree_top,0.0285714285714,0.0,0.0,1.0,tree_top,2.02857142857,1.0,4.0,10.0,tree_top
0.15,1,0.1,110,35,32,2.41,1.0,2.0,48.0,tree_top,3.28571428571,1.0,4.0,48.0,tree_top,0.5,0.5,1.0,1.0,tree_top,4.93181818182,2.0,9.0,48.0,tree_top
0.15,1,0.1,110,35,40,1.74,0.0,3.0,18.0,tree_top,2.35714285714,1.0,3.2,18.0,tree_top,0.206896551724,0.0,0.0,2.0,tree_top,3.87804878049,3.0,6.0,18.0,tree_top
0.15,1,0.1,110,35,52,1.57,1.0,2.0,18.0,tree_top,2.05714285714,1.0,3.0,18.0,tree_top,0.868421052632,1.0,1.0,2.0,tree_top,3.46875,2.0,5.0,18.0,tree_top
0.15,1,0.1,110,35,60,1.58,1.0,1.0,72.0,tree_top,2.11428571429,1.0,1.0,72.0,tree_top,0.6,1.0,1.0,2.0,tree_top,4.13333333333,1.0,2.2,72.0,tree_top
0.15,1,0.1,110,35,72,8.78,1.0,12.0,87.0,tree_top,12.3857142857,1.5,21.0,87.0,tree_top,0.28,0.0,1.0,1.0,tree_top,19.1111111111,10.0,36.2,87.0,tree_top
0.15,1,0.1,110,30,32,4.0,1.0,2.4,56.0,tree_top,5.5,1.0,8.0,56.0,tree_top,1.05882352941,1.0,1.0,2.0,tree_top,9.69444444444,4.5,14.0,56.0,off_bot
0.15,1,0.1,110,30,40,2.68,1.0,3.0,38.0,tree_top,3.52857142857,1.0,5.0,38.0,tree_top,0.540540540541,0.0,1.0,2.0,tree_top,6.87878787879,4.0,8.6,38.0,tree_top
0.15,1,0.1,110,30,52,9.87,1.0,8.0,230.0,tree_top,13.9571428571,1.5,12.0,230.0,tree_top,0.25,0.0,0.8,2.0,tree_top,25.5,8.5,36.4,230.0,tree_top
0.15,1,0.1,110,30,60,1.83,0.0,2.0,20.0,tree_top,2.47142857143,1.0,3.0,20.0,tree_top,0.285714285714,0.0,1.0,1.0,tree_top,4.65714285714,2.0,8.2,20.0,tree_top
0.15,1,0.1,110,30,72,0.8,0.0,1.0,16.0,tree_top,1.1,1.0,1.0,16.0,tree_top,0.3125,0.0,1.0,2.0,tree_top,1.76315789474,1.0,2.0,16.0,tree_top
0.15,1,0.1,100,40,32,1.42,1.0,2.0,28.0,tree_top,1.91428571429,1.0,2.0,28.0,tree_top,1.05882352941,1.0,2.0,4.0,tree_top,2.72222222222,1.0,3.0,28.0,off_bot
0.15,1,0.1,100,40,40,0.65,0.0,1.0,6.0,tree_top,0.757142857143,0.0,1.2,6.0,tree_top,0.242424242424,0.0,0.6,2.0,tree_top,1.21621621622,1.0,2.0,6.0,tree_top
0.15,1,0.1,100,40,52,3.48,1.0,2.2,51.0,tree_top,4.78571428571,1.0,3.2,51.0,tree_top,0.558139534884,0.0,1.0,2.0,tree_top,11.5185185185,4.0,27.6,51.0,tree_top
0.15,1,0.1,100,40,60,5.68,1.0,5.4,106.0,tree_top,7.82857142857,1.0,12.2,106.0,tree_top,0.558823529412,0.5,1.0,3.0,tree_top,14.6944444444,8.5,24.0,106.0,tree_top
0.15,1,0.1,100,40,72,0.74,0.0,1.0,10.0,tree_top,0.942857142857,0.0,1.0,10.0,tree_top,0.3,0.0,1.0,1.0,tree_top,1.8,0.0,3.2,10.0,tree_top
0.15,1,0.1,100,35,32,1.32,0.0,2.0,20.0,tree_top,1.75714285714,1.0,3.0,20.0,tree_top,0.371428571429,0.0,1.0,2.0,tree_top,3.14285714286,2.0,5.0,20.0,tree_top
0.15,1,0.1,100,35,40,2.32,1.0,3.0,21.0,tree_top,3.08571428571,1.0,5.0,21.0,tree_top,0.357142857143,0.0,1.0,1.0,tree_top,7.17857142857,5.0,11.6,21.0,tree_top
0.15,1,0.1,100,35,52,2.88,0.0,2.2,66.0,tree_top,3.9,1.0,3.0,66.0,tree_top,0.272727272727,0.0,0.0,3.0,tree_top,7.13513513514,2.0,9.8,66.0,tree_top
0.15,1,0.1,100,35,60,8.77,1.0,3.2,317.0,tree_top,12.4142857143,1.0,10.4,317.0,tree_top,0.8,1.0,1.0,2.0,tree_top,27.9,9.0,33.8,317.0,tree_top
0.15,1,0.1,100,35,72,2.83,1.0,3.0,35.0,tree_top,3.81428571429,1.0,6.0,35.0,tree_top,0.935483870968,1.0,2.0,2.0,tree_top,6.10256410256,3.0,11.4,35.0,tree_top
0.15,1,0.1,100,30,32,1.03,1.0,2.0,7.0,tree_top,1.37142857143,1.0,2.0,7.0,tree_top,1.29032258065,1.0,2.0,3.0,tree_top,1.4358974359,1.0,2.0,7.0,tree_top
0.15,1,0.1,100,30,40,1.28,1.0,2.0,14.0,tree_top,1.6,1.0,2.0,14.0,tree_top,0.5,0.5,1.0,1.0,tree_top,2.63888888889,1.5,4.0,14.0,tree_top
0.15,1,0.1,100,30,52,0.96,0.0,1.2,9.0,tree_top,1.18571428571,0.0,2.0,9.0,tree_top,0.25641025641,0.0,1.0,2.0,tree_top,2.35483870968,2.0,3.0,9.0,tree_top
0.15,1,0.1,100,30,60,3.58,0.0,2.2,72.0,tree_top,5.04285714286,0.0,5.2,72.0,tree_top,0.266666666667,0.0,0.2,3.0,tree_top,8.625,1.0,16.2,72.0,tree_top
0.15,1,0.1,100,30,72,2.18,1.0,2.0,30.0,tree_top,2.91428571429,1.0,4.2,30.0,tree_top,0.621621621622,1.0,1.0,2.0,tree_top,5.48484848485,3.0,9.0,30.0,tree_top
0.15,1,0.05,140,40,32,5.57,0.5,9.0,42.0,tree_top,7.68571428571,0.5,15.4,42.0,tree_top,0.0294117647059,0.0,0.0,1.0,tree_top,14.9166666667,11.5,25.0,42.0,tree_top
0.15,1,0.05,140,40,40,0.35,0.0,1.0,4.0,tree_top,0.328571428571,0.0,1.0,4.0,tree_top,0.113636363636,0.0,0.0,1.0,tree_top,0.692307692308,0.0,1.0,4.0,tree_top
0.15,1,0.05,140,40,52,0.47,0.0,1.0,3.0,tree_top,0.514285714286,0.0,1.0,3.0,tree_top,0.72972972973,1.0,1.0,3.0,tree_top,0.272727272727,0.0,0.6,3.0,tree_top
0.15,1,0.05,140,40,60,8.38,0.0,6.2,94.0,tree_top,11.7285714286,1.0,15.4,94.0,tree_top,0.375,0.0,1.0,2.0,tree_top,26.8666666667,15.0,41.6,94.0,tree_top
0.15,1,0.05,140,40,72,10.38,1.0,7.4,202.0,tree_top,14.4,1.0,15.2,202.0,tree_top,0.578947368421,1.0,1.0,2.0,tree_top,30.8125,14.0,29.6,202.0,tree_top
0.15,1,0.05,140,35,32,1.18,1.0,2.0,25.0,tree_top,1.57142857143,1.0,2.0,25.0,tree_top,1.27777777778,1.0,2.0,4.0,tree_top,1.88235294118,1.0,2.0,25.0,tree_top
0.15,1,0.05,140,35,40,1.34,1.0,2.0,15.0,tree_top,1.78571428571,1.0,2.0,15.0,tree_top,0.975609756098,1.0,2.0,3.0,tree_top,2.93103448276,2.0,6.0,15.0,tree_top
0.15,1,0.05,140,35,52,0.97,0.5,2.0,9.0,tree_top,1.28571428571,1.0,2.0,9.0,tree_top,0.631578947368,1.0,1.0,2.0,tree_top,2.0625,2.0,3.0,9.0,tree_top
0.15,1,0.05,140,35,60,10.69,1.0,16.4,104.0,tree_top,15.1285714286,2.0,27.8,104.0,tree_top,1.02702702703,1.0,1.8,4.0,tree_top,30.9393939394,25.0,49.0,104.0,tree_top
0.15,1,0.05,140,35,72,2.03,0.0,1.2,49.0,tree_top,2.8,0.0,2.0,49.0,tree_top,0.466666666667,0.0,1.0,2.0,tree_top,4.55,1.0,3.0,49.0,tree_top
0.15,1,0.05,140,30,32,1.78,1.0,2.0,34.0,tree_top,2.37142857143,1.0,4.0,34.0,tree_top,0.636363636364,0.0,1.0,3.0,tree_top,3.91891891892,2.0,5.8,34.0,tree_bot
0.15,1,0.05,140,30,40,1.86,1.0,2.0,25.0,tree_top,2.51428571429,1.0,3.0,25.0,tree_top,1.47368421053,1.0,2.0,6.0,tree_top,3.75,1.0,4.0,25.0,tree_top
0.15,1,0.05,140,30,52,1.45,1.0,2.0,17.0,tree_top,1.91428571429,1.0,2.0,17.0,tree_top,1.175,1.0,2.0,4.0,tree_top,2.9,2.0,4.2,17.0,tree_bot
0.15,1,0.05,140,30,60,3.23,1.0,1.0,72.0,tree_top,4.44285714286,1.0,2.0,72.0,tree_top,0.682926829268,1.0,1.0,2.0,tree_top,9.75862068966,1.0,10.4,72.0,tree_top
0.15,1,0.05,140,30,72,1.08,0.0,1.0,19.0,tree_top,1.4,0.0,2.0,19.0,tree_top,0.317073170732,0.0,1.0,2.0,tree_top,2.93103448276,2.0,5.0,19.0,tree_top
0.15,1,0.05,120,40,32,1.84,1.0,2.0,22.0,tree_top,2.41428571429,1.0,4.0,22.0,tree_top,1.05714285714,1.0,1.0,2.0,tree_top,3.77142857143,2.0,6.0,22.0,tree_top
0.15,1,0.05,120,40,40,28.33,1.0,41.4,362.0,tree_top,40.3,10.5,49.8,362.0,tree_top,0.346153846154,0.0,1.0,2.0,tree_top,63.9090909091,37.0,111.0,362.0,tree_bot
0.15,1,0.05,120,40,52,4.05,1.0,3.0,58.0,tree_top,5.54285714286,1.0,8.0,58.0,tree_top,0.6,1.0,1.0,3.0,tree_top,10.4857142857,5.0,21.2,58.0,tree_top
0.15,1,0.05,120,40,60,5.69,1.0,2.0,94.0,tree_top,8.01428571429,1.0,5.4,94.0,tree_top,1.04545454545,1.0,1.0,3.0,tree_top,19.8076923077,7.5,26.0,94.0,tree_top
0.15,1,0.05,120,40,72,1.33,1.0,2.0,15.0,tree_top,1.75714285714,1.0,2.0,15.0,tree_top,0.894736842105,1.0,1.0,2.0,tree_top,2.78125,1.5,4.0,15.0,tree_top
0.15,1,0.05,120,35,32,1.18,1.0,2.0,23.0,tree_top,1.6,1.0,2.0,23.0,tree_top,1.31578947368,1.0,2.0,3.0,tree_top,1.9375,1.0,2.0,23.0,off_bot
0.15,1,0.05,120,35,40,1.77,0.0,1.2,39.0,tree_top,2.4,1.0,2.0,39.0,tree_top,0.764705882353,1.0,1.0,2.0,tree_top,3.94444444444,1.0,5.0,39.0,tree_top
0.15,1,0.05,120,35,52,9.31,1.0,3.0,194.0,tree_top,13.1,1.0,7.2,194.0,tree_top,0.717948717949,1.0,1.0,2.0,tree_top,28.6774193548,6.0,55.0,194.0,tree_top
0.15,1,0.05,120,35,60,3.33,1.0,4.0,41.0,tree_top,4.55714285714,1.0,8.6,41.0,tree_top,0.441176470588,0.0,1.0,2.0,tree_top,8.44444444444,5.0,15.0,41.0,tree_top
0.15,1,0.05,120,35,72,0.7,0.0,1.0,8.0,tree_top,0.9,0.0,1.0,8.0,tree_top,0.125,0.0,0.0,1.0,tree_top,1.55263157895,1.0,3.0,8.0,tree_top
0.15,1,0.05,120,30,32,0.74,0.0,1.0,12.0,tree_top,0.9,0.0,1.0,12.0,tree_top,0.486486486486,0.0,1.0,2.0,tree_top,1.36363636364,1.0,1.0,12.0,tree_bot
0.15,1,0.05,120,30,40,1.32,0.0,2.0,10.0,tree_top,1.75714285714,1.0,3.2,10.0,tree_top,0.451612903226,0.0,1.0,2.0,tree_top,2.79487179487,2.0,6.0,10.0,tree_top
0.15,1,0.05,120,30,52,15.12,1.0,4.2,306.0,tree_top,21.4285714286,1.0,17.4,306.0,tree_top,0.948717948718,1.0,1.0,2.0,tree_top,47.1935483871,14.0,78.0,306.0,off_bot
0.15,1,0.05,120,30,60,2.61,1.0,5.0,21.0,tree_top,3.25714285714,1.0,5.0,21.0,tree_top,0.689655172414,1.0,1.0,2.0,tree_top,5.07317073171,4.0,7.0,21.0,tree_top
0.15,1,0.05,120,30,72,1.1,1.0,1.2,11.0,tree_top,1.4,1.0,2.0,11.0,tree_top,0.783783783784,1.0,1.0,2.0,tree_top,2.09090909091,1.0,3.0,11.0,tree_top
0.15,1,0.05,110,40,32,0.96,1.0,1.0,8.0,tree_top,1.28571428571,1.0,2.0,8.0,tree_top,0.868421052632,1.0,1.0,2.0,tree_top,1.78125,1.0,2.8,8.0,tree_top
0.15,1,0.05,110,40,40,1.74,1.0,2.0,26.0,tree_top,2.37142857143,1.0,3.0,26.0,tree_top,0.857142857143,1.0,1.0,2.0,tree_top,3.88571428571,2.0,6.0,26.0,tree_top
0.15,1,0.05,110,40,52,4.78,0.0,6.0,99.0,tree_top,6.71428571429,1.0,9.2,99.0,tree_top,0.133333333333,0.0,0.0,1.0,tree_top,11.65,6.0,18.4,99.0,tree_top
0.15,1,0.05,110,40,60,1.46,1.0,2.0,15.0,tree_top,1.78571428571,1.0,3.0,15.0,tree_top,0.617647058824,1.0,1.0,2.0,tree_top,2.88888888889,2.0,4.0,15.0,tree_top
0.15,1,0.05,110,40,72,1.47,1.0,2.0,19.0,tree_top,1.77142857143,0.5,2.2,19.0,tree_top,0.393939393939,0.0,1.0,2.0,tree_top,3.0,2.0,4.8,19.0,tree_top
0.15,1,0.05,110,35,32,1.03,0.0,1.0,17.0,tree_top,1.27142857143,0.0,1.2,17.0,tree_top,0.264705882353,0.0,0.4,3.0,tree_top,2.22222222222,1.0,3.0,17.0,tree_top
0.15,1,0.05,110,35,40,3.87,1.0,4.0,71.0,tree_top,5.35714285714,1.0,7.0,71.0,tree_top,0.4,0.0,1.0,1.0,tree_top,10.3142857143,4.0,15.0,71.0,tree_top
0.15,1,0.05,110,35,52,44.0,1.0,15.0,1128.0,tree_top,62.6857142857,1.0,43.0,1128.0,tree_top,0.34375,0.0,1.0,2.0,tree_top,115.184210526,23.5,203.0,1128.0,off_bot
0.15,1,0.05,110,35,60,60.39,0.0,15.6,1154.0,tree_top,85.8857142857,0.0,99.2,1154.0,tree_top,0.0888888888889,0.0,0.0,1.0,tree_top,240.32,113.0,383.8,1154.0,tree_top
0.15,1,0.05,110,35,72,4.78,1.0,7.0,63.0,tree_top,6.12857142857,1.5,9.2,63.0,tree_top,0.558823529412,0.0,1.0,3.0,tree_top,11.3888888889,8.0,20.0,63.0,tree_top
0.15,1,0.05,110,30,32,0.62,0.0,1.0,4.0,tree_top,0.742857142857,0.0,1.2,4.0,tree_top,0.315789473684,0.0,1.0,2.0,tree_top,1.25,1.0,2.0,4.0,tree_top
0.15,1,0.05,110,30,40,3.52,0.0,2.0,48.0,tree_top,4.84285714286,0.0,7.2,48.0,tree_top,0.210526315789,0.0,0.0,2.0,tree_top,10.34375,6.0,21.0,48.0,tree_top
0.15,1,0.05,110,30,52,20.07,1.0,34.0,181.0,tree_top,28.4142857143,4.0,50.2,181.0,tree_top,0.518518518519,0.0,1.0,2.0,tree_top,45.9302325581,33.0,76.6,181.0,tree_top
0.15,1,0.05,110,30,60,1.04,0.0,1.0,15.0,tree_top,1.25714285714,0.0,1.0,15.0,tree_top,0.0975609756098,0.0,0.0,1.0,tree_top,2.89655172414,1.0,6.4,15.0,tree_top
0.15,1,0.05,110,30,72,3.48,1.0,3.0,45.0,tree_top,4.58571428571,1.0,5.2,45.0,tree_top,0.717948717949,1.0,1.0,2.0,tree_top,9.45161290323,4.0,15.0,45.0,tree_top
0.15,1,0.05,100,40,32,0.87,0.5,1.0,8.0,tree_top,1.08571428571,1.0,2.0,8.0,tree_top,0.435897435897,0.0,1.0,2.0,tree_top,1.90322580645,1.0,3.0,8.0,off_bot
0.15,1,0.05,100,40,40,2.21,0.0,2.0,25.0,tree_top,3.04285714286,0.0,3.0,25.0,tree_top,0.135135135135,0.0,0.0,1.0,tree_top,6.30303030303,2.0,12.6,25.0,tree_top
0.15,1,0.05,100,40,52,1.85,0.0,1.0,38.0,tree_top,2.44285714286,0.0,2.0,38.0,tree_top,0.289473684211,0.0,0.6,3.0,tree_top,5.0,1.0,6.6,38.0,tree_top
0.15,1,0.05,100,40,60,11.95,1.0,18.0,124.0,tree_top,16.8,2.0,22.0,124.0,tree_top,0.344827586207,0.0,1.0,2.0,tree_top,28.4390243902,18.0,58.0,124.0,tree_top
0.15,1,0.05,100,40,72,0.7,0.0,1.0,6.0,tree_top,0.914285714286,1.0,1.0,6.0,tree_top,0.809523809524,1.0,1.0,2.0,tree_top,1.07142857143,0.5,1.6,6.0,tree_top
0.15,1,0.05,100,35,32,1.13,0.0,1.0,24.0,tree_top,1.5,1.0,1.0,24.0,tree_top,0.777777777778,1.0,1.0,5.0,tree_top,1.95348837209,1.0,2.0,24.0,tree_top
0.15,1,0.05,100,35,40,1.26,0.0,1.0,14.0,tree_top,1.68571428571,1.0,2.0,14.0,tree_top,0.526315789474,0.0,1.0,3.0,tree_top,3.0625,1.0,4.8,14.0,tree_top
0.15,1,0.05,100,35,52,12.28,1.0,3.0,385.0,tree_top,17.3142857143,1.0,8.4,385.0,tree_top,0.651162790698,1.0,1.0,3.0,tree_top,43.8518518519,10.0,29.2,385.0,tree_top
0.15,1,0.05,100,35,60,26.94,1.0,16.2,466.0,tree_top,38.3571428571,3.0,56.2,466.0,tree_top,0.612903225806,1.0,1.0,2.0,tree_top,68.358974359,17.0,98.2,466.0,tree_top
0.15,1,0.05,100,35,72,1.69,0.0,2.0,25.0,tree_top,2.25714285714,0.0,3.0,25.0,tree_top,0.230769230769,0.0,0.0,2.0,tree_top,3.45454545455,1.0,4.4,25.0,tree_top
0.15,1,0.05,100,30,32,1.2,0.0,1.0,14.0,tree_top,1.62857142857,1.0,3.0,14.0,tree_top,0.551724137931,0.0,1.0,2.0,tree_top,2.39024390244,1.0,4.0,14.0,tree_top
0.15,1,0.05,100,30,40,2.66,1.0,2.0,35.0,tree_top,3.61428571429,1.0,4.2,35.0,tree_top,0.294117647059,0.0,1.0,1.0,tree_top,6.75,3.0,9.0,35.0,off_bot
0.15,1,0.05,100,30,52,2.46,1.0,1.0,52.0,tree_top,3.32857142857,1.0,2.2,52.0,tree_top,0.382978723404,0.0,1.0,2.0,tree_top,9.34782608696,4.0,14.2,52.0,tree_top
0.15,1,0.05,100,30,60,4.28,1.0,3.0,83.0,tree_top,5.92857142857,1.0,8.4,83.0,tree_top,0.266666666667,0.0,1.0,1.0,tree_top,10.175,3.0,16.2,83.0,tree_top
0.15,1,0.05,100,30,72,16.35,0.0,8.6,427.0,tree_top,23.1714285714,1.0,16.6,427.0,tree_top,0.151515151515,0.0,0.0,2.0,tree_top,43.7027027027,11.0,69.8,427.0,tree_top
0.15,1,0.01,140,40,32,0.72,0.0,1.0,8.0,tree_top,0.857142857143,0.0,1.0,8.0,tree_top,0.3125,0.0,1.0,2.0,tree_top,1.31578947368,1.0,2.0,8.0,tree_top
0.15,1,0.01,140,40,40,3.61,1.0,4.0,45.0,tree_top,5.02857142857,1.0,7.2,45.0,tree_top,0.633333333333,1.0,1.0,1.0,tree_top,8.325,4.0,14.2,45.0,tree_top
0.15,1,0.01,140,40,52,1.49,0.0,2.0,18.0,tree_top,1.98571428571,1.0,2.2,18.0,tree_top,0.675675675676,0.0,1.0,2.0,tree_top,3.45454545455,2.0,5.0,18.0,tree_top
0.15,1,0.01,140,40,60,10.53,1.0,4.0,236.0,tree_top,14.8857142857,1.0,15.2,236.0,tree_top,0.976744186047,1.0,1.0,3.0,tree_top,37.037037037,16.0,55.0,236.0,tree_top
0.15,1,0.01,140,40,72,6.14,1.0,4.0,146.0,tree_top,8.44285714286,1.0,10.0,146.0,tree_top,1.10526315789,1.0,1.0,2.0,tree_top,17.15625,8.0,20.0,146.0,tree_top
0.15,1,0.01,140,35,32,0.74,0.0,1.0,15.0,tree_top,0.928571428571,0.0,1.0,15.0,tree_top,0.189189189189,0.0,0.0,1.0,tree_top,1.75757575758,1.0,2.0,15.0,tree_top
0.15,1,0.01,140,35,40,2.81,1.0,3.2,64.0,tree_top,3.8,1.0,6.2,64.0,tree_top,0.410256410256,0.0,1.0,1.0,tree_top,8.06451612903,6.0,10.0,64.0,tree_top
0.15,1,0.01,140,35,52,3.0,0.0,2.0,48.0,tree_top,3.98571428571,0.0,3.0,48.0,tree_top,0.138888888889,0.0,0.0,1.0,tree_top,8.05882352941,2.5,17.8,48.0,tree_top
0.15,1,0.01,140,35,60,12.58,1.0,5.4,150.0,tree_top,17.8714285714,1.0,33.6,150.0,tree_top,0.775,1.0,1.0,3.0,tree_top,40.6666666667,32.5,77.4,150.0,tree_top
0.15,1,0.01,140,35,72,2.49,1.0,3.0,36.0,tree_top,3.42857142857,1.0,5.0,36.0,tree_top,0.69696969697,0.0,1.0,5.0,tree_top,5.86486486486,3.0,9.8,36.0,tree_top
0.15,1,0.01,140,30,32,11.2,0.0,5.4,151.0,tree_top,15.9,1.0,16.0,151.0,tree_top,0.485714285714,0.0,1.0,4.0,tree_top,31.3142857143,9.0,65.2,151.0,tree_top
0.15,1,0.01,140,30,40,1.6,1.0,1.0,32.0,tree_top,2.1,1.0,2.0,32.0,tree_top,0.880952380952,1.0,1.0,6.0,tree_top,3.92857142857,1.0,6.2,32.0,tree_top
0.15,1,0.01,140,30,52,25.94,0.0,18.8,347.0,tree_top,36.9428571429,1.0,38.6,347.0,tree_top,0.1875,0.0,0.0,1.0,tree_top,67.8947368421,22.5,116.4,347.0,tree_bot
0.15,1,0.01,140,30,60,10.03,1.0,9.2,201.0,tree_top,14.1571428571,1.5,18.0,201.0,tree_top,0.891891891892,1.0,1.0,2.0,tree_top,29.0303030303,16.0,35.0,201.0,tree_top
0.15,1,0.01,140,30,72,17.01,1.0,21.4,289.0,tree_top,24.1285714286,1.0,32.0,289.0,tree_top,0.121212121212,0.0,0.0,1.0,tree_top,45.5405405405,23.0,74.6,289.0,tree_top
0.15,1,0.01,120,40,32,2.1,1.0,3.0,23.0,tree_top,2.87142857143,1.0,4.0,23.0,tree_top,0.838709677419,1.0,1.0,6.0,tree_top,4.48717948718,3.0,6.0,23.0,tree_top
0.15,1,0.01,120,40,40,5.49,1.0,2.0,201.0,tree_top,7.71428571429,1.0,3.0,201.0,tree_top,0.642857142857,1.0,1.0,1.0,tree_top,12.4285714286,1.0,7.6,201.0,tree_top
0.15,1,0.01,120,40,52,2.16,1.0,2.0,28.0,tree_top,2.95714285714,1.0,4.0,28.0,tree_top,0.945945945946,1.0,2.0,4.0,tree_top,5.21212121212,3.0,7.0,28.0,tree_top
0.15,1,0.01,120,40,60,22.31,1.0,27.6,245.0,tree_top,31.5285714286,3.5,54.6,245.0,tree_top,0.103448275862,0.0,0.0,2.0,tree_top,53.756097561,25.0,93.0,245.0,tree_top
0.15,1,0.01,120,40,72,24.83,0.0,22.4,363.0,tree_top,35.3428571429,1.0,75.2,363.0,tree_top,0.189189189189,0.0,0.0,1.0,tree_top,74.7575757576,67.0,117.0,363.0,tree_top
0.15,1,0.01,120,35,32,3.37,0.0,2.0,67.0,tree_top,4.58571428571,1.0,4.4,67.0,tree_top,0.216216216216,0.0,0.0,2.0,tree_top,9.48484848485,3.0,11.6,67.0,tree_bot
0.15,1,0.01,120,35,40,2.86,1.0,4.0,27.0,tree_top,3.84285714286,1.0,6.0,27.0,tree_top,0.702702702703,1.0,1.0,3.0,tree_top,7.36363636364,5.0,11.0,27.0,tree_top
0.15,1,0.01,120,35,52,175.25,1.0,371.4,1384.0,tree_top,197.685714286,1.0,419.4,1384.0,tree_top,0.378378378378,0.0,1.0,1.0,tree_top,418.909090909,366.0,628.4,1384.0,tree_top
0.15,1,0.01,120,35,60,4.61,1.0,8.0,32.0,tree_top,6.32857142857,2.0,10.2,32.0,tree_top,1.25,1.0,2.0,4.0,tree_top,10.6052631579,8.0,18.6,32.0,tree_top
0.15,1,0.01,120,35,72,66.89,0.0,43.0,1429.0,tree_top,95.3857142857,0.0,171.4,1429.0,tree_top,0.135135135135,0.0,0.0,2.0,tree_top,202.181818182,128.0,304.0,1429.0,tree_top
0.15,1,0.01,120,30,32,4.29,1.0,2.0,79.0,tree_top,6.04285714286,1.0,3.0,79.0,tree_top,0.891891891892,1.0,1.0,3.0,tree_top,11.8181818182,2.0,22.0,79.0,tree_top
0.15,1,0.01,120,30,40,7.78,1.0,4.0,129.0,tree_top,10.8857142857,1.0,12.0,129.0,tree_top,0.513513513514,1.0,1.0,1.0,tree_top,22.5151515152,8.0,28.0,129.0,tree_top
0.15,1,0.01,120,30,52,7.7,1.0,5.0,120.0,tree_top,10.8857142857,1.0,17.0,120.0,tree_top,0.967741935484,1.0,1.0,4.0,tree_top,18.7692307692,9.0,25.8,120.0,tree_top
0.15,1,0.01,120,30,60,2.28,0.0,1.0,36.0,tree_top,3.2,1.0,4.0,36.0,tree_top,0.342857142857,0.0,1.0,1.0,tree_top,6.05714285714,2.0,9.4,36.0,tree_top
0.15,1,0.01,120,30,72,14.7,0.0,4.8,415.0,tree_top,20.8714285714,0.5,13.4,415.0,tree_top,0.235294117647,0.0,0.4,2.0,tree_top,40.3611111111,8.0,62.0,415.0,tree_top
0.15,1,0.01,110,40,32,0.99,0.0,1.0,17.0,tree_top,1.3,1.0,1.2,17.0,tree_top,0.486486486486,0.0,1.0,2.0,tree_top,2.21212121212,1.0,3.6,17.0,tree_top
0.15,1,0.01,110,40,40,1.89,1.0,2.0,20.0,tree_top,2.45714285714,1.0,4.0,20.0,tree_top,0.864864864865,1.0,1.0,4.0,tree_top,4.24242424242,2.0,6.0,20.0,tree_top
0.15,1,0.01,110,40,52,22.98,0.0,29.4,404.0,tree_top,32.6142857143,0.5,58.6,404.0,tree_top,0.0277777777778,0.0,0.0,1.0,tree_top,67.1176470588,45.5,107.8,404.0,tree_bot
0.15,1,0.01,110,40,60,1.35,0.0,2.0,18.0,tree_top,1.82857142857,1.0,2.0,18.0,tree_top,0.894736842105,1.0,1.0,3.0,tree_top,2.9375,0.5,5.6,18.0,tree_top
0.15,1,0.01,110,40,72,1.46,0.0,2.0,23.0,tree_top,1.77142857143,0.0,3.0,23.0,tree_top,0.257142857143,0.0,1.0,1.0,tree_top,3.28571428571,2.0,5.2,23.0,tree_top
0.15,1,0.01,110,35,32,0.96,0.0,1.0,9.0,tree_top,1.24285714286,1.0,1.2,9.0,tree_top,0.914285714286,1.0,1.0,4.0,tree_top,1.57142857143,1.0,2.2,9.0,tree_top
0.15,1,0.01,110,35,40,3.78,1.0,2.2,56.0,tree_top,5.27142857143,1.0,6.0,56.0,tree_top,1.06060606061,1.0,2.0,2.0,tree_top,9.02702702703,3.0,15.4,56.0,tree_top
0.15,1,0.01,110,35,52,2.38,1.0,2.0,63.0,tree_top,3.08571428571,1.0,2.0,63.0,tree_top,0.837837837838,1.0,1.0,2.0,tree_top,5.60606060606,1.0,8.6,63.0,tree_top
0.15,1,0.01,110,35,60,2.89,1.0,1.2,32.0,tree_top,3.98571428571,1.0,5.4,32.0,tree_top,0.631578947368,1.0,1.0,2.0,tree_top,7.96875,2.0,13.0,32.0,tree_top
0.15,1,0.01,110,35,72,0.92,0.0,1.0,10.0,tree_top,1.04285714286,0.0,1.2,10.0,tree_top,0.352941176471,0.0,1.0,1.0,tree_top,1.69444444444,1.0,3.0,10.0,tree_top
0.15,1,0.01,110,30,32,1.04,0.5,1.0,18.0,tree_top,1.35714285714,1.0,2.0,18.0,tree_top,0.552631578947,1.0,1.0,2.0,tree_top,2.3125,1.0,2.8,18.0,tree_top
0.15,1,0.01,110,30,40,1.62,1.0,1.0,26.0,tree_top,2.11428571429,1.0,2.0,26.0,tree_top,0.425,0.0,1.0,2.0,tree_top,4.36666666667,1.5,5.2,26.0,tree_top
0.15,1,0.01,110,30,52,4.65,1.0,3.0,72.0,tree_top,6.51428571429,1.0,4.4,72.0,tree_top,0.971428571429,1.0,1.0,3.0,tree_top,12.0571428571,3.0,17.8,72.0,tree_top
0.15,1,0.01,110,30,60,4.88,1.0,3.0,60.0,tree_top,6.74285714286,1.0,10.0,60.0,tree_top,0.972972972973,1.0,1.0,3.0,tree_top,13.2121212121,8.0,20.2,60.0,tree_top
0.15,1,0.01,110,30,72,3.57,0.5,4.0,67.0,tree_top,4.77142857143,1.0,7.2,67.0,tree_top,0.151515151515,0.0,0.0,1.0,tree_top,8.89189189189,4.0,16.0,67.0,tree_top
0.15,1,0.01,100,40,32,5.98,1.0,6.2,103.0,tree_top,8.34285714286,1.0,8.4,103.0,tree_top,0.393939393939,0.0,1.0,3.0,tree_top,15.4324324324,7.0,16.8,103.0,tree_top
0.15,1,0.01,100,40,40,2.06,0.0,1.2,32.0,tree_top,2.85714285714,0.0,4.0,32.0,tree_top,0.125,0.0,0.0,1.0,tree_top,5.15789473684,2.0,8.2,32.0,tree_top
0.15,1,0.01,100,40,52,3.82,0.0,3.0,51.0,tree_top,5.38571428571,1.0,5.0,51.0,tree_top,0.296296296296,0.0,1.0,1.0,tree_top,8.58139534884,2.0,18.2,51.0,tree_top
0.15,1,0.01,100,40,60,1.53,0.0,1.0,17.0,tree_top,2.08571428571,0.0,2.0,17.0,tree_top,0.27027027027,0.0,1.0,1.0,tree_top,4.12121212121,1.0,8.2,17.0,tree_top
0.15,1,0.01,100,40,72,18.07,1.0,18.2,271.0,tree_top,25.5571428571,2.0,33.0,271.0,tree_top,1.02941176471,1.0,1.4,5.0,tree_top,48.7222222222,22.5,68.0,271.0,tree_top
0.15,1,0.01,100,35,32,4.87,1.0,2.0,163.0,tree_top,6.72857142857,1.0,3.2,163.0,tree_top,0.685714285714,1.0,1.0,4.0,tree_top,12.7714285714,2.0,6.8,163.0,off_bot
0.15,1,0.01,100,35,40,3.87,1.0,5.2,42.0,tree_top,5.34285714286,1.0,10.4,42.0,tree_top,0.692307692308,1.0,1.0,2.0,tree_top,11.1935483871,10.0,17.0,42.0,tree_top
0.15,1,0.01,100,35,52,0.74,0.0,1.0,7.0,tree_top,0.871428571429,0.0,1.2,7.0,tree_top,0.393939393939,0.0,1.0,3.0,tree_top,1.2972972973,0.0,2.0,7.0,tree_top
0.15,1,0.01,100,35,60,5.54,0.0,2.0,125.0,tree_top,7.78571428571,0.0,8.2,125.0,tree_top,0.365853658537,0.0,1.0,2.0,tree_top,18.275862069,8.0,26.4,125.0,tree_top
0.15,1,0.01,100,35,72,46.81,1.0,9.2,854.0,tree_top,66.5285714286,1.0,23.8,854.0,tree_top,0.625,1.0,1.0,2.0,tree_top,122.026315789,10.5,157.0,854.0,off_bot
0.15,1,0.01,100,30,32,0.55,0.0,1.0,4.0,tree_top,0.714285714286,0.0,1.0,4.0,tree_top,0.297297297297,0.0,1.0,2.0,tree_top,1.18181818182,1.0,2.0,4.0,off_bot
0.15,1,0.01,100,30,40,2.06,1.0,2.0,29.0,tree_top,2.75714285714,1.0,5.0,29.0,tree_top,0.405405405405,0.0,1.0,1.0,tree_top,5.39393939394,4.0,7.6,29.0,off_bot
0.15,1,0.01,100,30,52,9.91,1.0,7.0,107.0,tree_top,13.9571428571,1.5,17.2,107.0,tree_top,1.10810810811,1.0,1.0,4.0,tree_top,28.3636363636,15.0,60.6,107.0,tree_bot
0.15,1,0.01,100,30,60,3.48,0.0,2.2,43.0,tree_top,4.88571428571,0.0,5.8,43.0,tree_top,0.15625,0.0,0.0,2.0,tree_top,8.86842105263,3.0,15.4,43.0,tree_top
0.15,1,0.01,100,30,72,1.93,1.0,3.0,22.0,tree_top,2.62857142857,1.0,4.0,22.0,tree_top,0.552631578947,0.5,1.0,2.0,tree_top,5.09375,3.5,7.8,22.0,tree_top
0.1,1,0.1,140,40,52,11.93,1.0,12.4,250.0,tree_top,16.8,2.0,20.0,250.0,tree_top,0.612903225806,1.0,1.0,2.0,tree_top,29.6666666667,14.0,36.4,250.0,tree_top
0.1,1,0.1,140,40,60,10.65,0.5,10.2,170.0,tree_top,15.0142857143,1.0,25.0,170.0,tree_top,0.161290322581,0.0,0.0,1.0,tree_top,26.8205128205,11.0,49.4,170.0,tree_top
0.1,1,0.1,140,40,72,0.83,0.0,1.0,14.0,tree_top,1.08571428571,1.0,1.0,14.0,tree_top,0.657894736842,1.0,1.0,2.0,tree_top,1.59375,0.5,2.0,14.0,tree_top
0.1,1,0.1,140,35,52,1.99,1.0,3.0,18.0,tree_top,2.68571428571,1.0,4.0,18.0,tree_top,1.0,1.0,1.0,3.0,tree_top,4.10526315789,3.0,6.6,18.0,tree_top
0.1,1,0.1,140,35,60,11.74,0.0,13.0,150.0,tree_top,14.4857142857,0.0,21.4,107.0,tree_top,0.0,0.0,0.0,0.0,tree_top,28.9714285714,13.0,44.6,107.0,tree_top
0.1,1,0.1,140,35,72,0.73,0.0,1.0,12.0,tree_top,0.785714285714,0.0,1.0,12.0,tree_top,0.285714285714,0.0,1.0,1.0,tree_top,1.28571428571,0.0,2.0,12.0,tree_top
0.1,1,0.1,140,30,52,0.88,1.0,1.0,5.0,tree_top,0.971428571429,1.0,2.0,5.0,tree_top,1.05263157895,1.0,1.0,4.0,tree_top,0.875,0.0,2.0,5.0,tree_top
0.1,1,0.1,140,30,60,3.89,1.0,3.2,57.0,tree_top,5.17142857143,1.0,5.0,57.0,tree_top,0.617647058824,1.0,1.0,2.0,tree_top,9.47222222222,3.5,14.0,57.0,tree_top
0.1,1,0.1,140,30,72,0.63,0.0,1.0,6.0,tree_top,0.828571428571,0.0,1.0,6.0,tree_top,0.375,0.0,1.0,1.0,tree_top,1.21052631579,1.0,2.0,6.0,tree_top
0.1,1,0.1,120,40,52,0.82,0.0,1.0,7.0,tree_top,1.07142857143,1.0,2.0,7.0,tree_top,0.6,0.0,1.0,4.0,tree_top,1.54285714286,1.0,2.2,7.0,tree_top
0.1,1,0.1,120,40,60,1.67,1.0,2.0,27.0,tree_top,2.27142857143,1.0,2.0,27.0,tree_top,0.941176470588,1.0,1.4,2.0,tree_top,3.52777777778,2.0,5.0,27.0,tree_top
0.1,1,0.1,120,40,72,7.26,1.0,9.2,81.0,tree_top,10.1,2.5,16.2,81.0,tree_top,0.0384615384615,0.0,0.0,1.0,tree_top,16.0454545455,8.5,29.8,81.0,tree_top
0.1,1,0.1,120,35,52,31.37,1.0,11.2,562.0,tree_top,44.5142857143,1.0,20.8,562.0,tree_top,0.771428571429,1.0,1.0,2.0,tree_top,88.2571428571,14.0,106.2,562.0,tree_top
0.1,1,0.1,120,35,60,7.29,1.0,3.2,125.0,tree_top,10.2571428571,1.0,8.0,125.0,tree_top,0.952380952381,1.0,1.0,3.0,tree_top,24.2142857143,9.5,42.6,125.0,tree_top
0.1,1,0.1,120,35,72,0.91,1.0,1.0,10.0,tree_top,1.15714285714,1.0,1.0,10.0,tree_top,0.69387755102,1.0,1.0,2.0,tree_top,2.2380952381,1.0,4.0,10.0,tree_top
0.1,1,0.1,120,30,52,4.73,1.0,3.0,86.0,tree_top,6.6,1.0,4.0,86.0,tree_top,1.22580645161,1.0,2.0,4.0,tree_top,10.8717948718,2.0,7.8,86.0,tree_bot
0.1,1,0.1,120,30,60,4.47,1.0,4.0,45.0,tree_top,6.17142857143,2.0,5.4,45.0,tree_top,1.21875,1.0,2.0,3.0,tree_top,10.3421052632,4.0,20.2,45.0,tree_top
0.1,1,0.1,120,30,72,7.6,1.0,6.0,108.0,tree_top,10.5142857143,2.0,14.6,108.0,tree_top,1.11111111111,1.0,2.0,3.0,tree_top,20.4705882353,7.5,33.4,108.0,tree_top
0.1,1,0.1,110,40,52,0.97,0.0,1.2,9.0,tree_top,1.14285714286,0.5,2.0,9.0,tree_top,0.368421052632,0.0,1.0,2.0,tree_top,2.0625,1.5,3.8,9.0,tree_top
0.1,1,0.1,110,40,60,6.24,0.0,3.0,224.0,tree_top,8.67142857143,1.0,7.2,224.0,tree_top,0.372093023256,0.0,1.0,1.0,tree_top,21.8888888889,8.0,15.4,224.0,tree_top
0.1,1,0.1,110,40,72,11.03,1.0,6.0,225.0,tree_top,15.4142857143,1.0,9.4,225.0,tree_top,0.861111111111,1.0,1.0,3.0,tree_top,30.8235294118,7.0,46.0,225.0,tree_top
0.1,1,0.1,110,35,52,0.82,0.0,1.0,10.0,tree_top,1.05714285714,1.0,2.0,10.0,tree_top,0.382352941176,0.0,1.0,2.0,tree_top,1.69444444444,1.0,2.0,10.0,tree_top
0.1,1,0.1,110,35,60,5.48,0.0,8.0,85.0,tree_top,7.58571428571,1.0,11.2,85.0,tree_top,0.030303030303,0.0,0.0,1.0,tree_top,14.3243243243,9.0,21.6,85.0,tree_top
0.1,1,0.1,110,35,72,6.6,1.0,11.0,61.0,tree_top,9.05714285714,2.0,15.0,61.0,tree_top,0.107142857143,0.0,0.0,1.0,tree_top,15.0238095238,9.5,24.0,61.0,tree_top
0.1,1,0.1,110,30,52,2.02,1.0,3.0,25.0,tree_top,2.6,1.0,5.0,25.0,tree_top,0.333333333333,0.0,1.0,2.0,tree_top,4.62162162162,3.0,7.0,25.0,tree_top
0.1,1,0.1,110,30,60,1.34,0.0,1.0,22.0,tree_top,1.77142857143,0.0,3.0,22.0,tree_top,0.162162162162,0.0,0.0,1.0,tree_top,3.57575757576,2.0,5.0,22.0,tree_top
0.1,1,0.1,110,30,72,1.89,1.0,2.0,30.0,tree_top,2.47142857143,1.0,2.2,30.0,tree_top,0.615384615385,1.0,1.0,3.0,tree_top,4.8064516129,2.0,9.0,30.0,tree_top
0.1,1,0.1,100,40,52,1.21,0.0,2.0,14.0,tree_top,1.5,0.5,2.0,14.0,tree_top,0.333333333333,0.0,1.0,1.0,tree_top,2.73529411765,2.0,5.0,14.0,tree_top
0.1,1,0.1,100,40,60,0.46,0.0,1.0,4.0,tree_top,0.428571428571,0.0,1.0,4.0,tree_top,0.259259259259,0.0,1.0,1.0,tree_top,0.53488372093,0.0,1.0,4.0,tree_top
0.1,1,0.1,100,40,72,2.53,1.0,2.0,37.0,tree_top,3.41428571429,1.0,4.2,37.0,tree_top,0.771428571429,1.0,1.2,2.0,tree_top,6.05714285714,2.0,8.0,37.0,tree_top
0.1,1,0.1,100,35,52,1.1,0.0,1.2,10.0,tree_top,1.42857142857,1.0,2.0,10.0,tree_top,0.441176470588,0.0,1.0,2.0,tree_top,2.36111111111,1.5,4.0,10.0,tree_top
0.1,1,0.1,100,35,60,0.45,0.0,1.0,10.0,tree_top,0.557142857143,0.0,1.0,10.0,tree_top,0.378378378378,0.0,1.0,2.0,tree_top,0.757575757576,0.0,1.0,10.0,tree_top
0.1,1,0.1,100,35,72,21.57,1.0,19.6,435.0,tree_top,30.6,1.0,43.4,435.0,tree_top,0.2,0.0,0.0,2.0,tree_top,61.0,26.0,103.6,435.0,tree_top
0.1,1,0.1,100,30,52,1.5,0.0,1.0,17.0,tree_top,1.98571428571,1.0,2.2,17.0,tree_top,0.441176470588,0.0,1.0,3.0,tree_top,3.44444444444,1.0,7.0,17.0,tree_top
0.1,1,0.1,100,30,60,2.7,1.0,2.0,76.0,tree_top,3.67142857143,1.0,2.2,76.0,tree_top,0.5625,1.0,1.0,2.0,tree_top,6.28947368421,2.0,8.6,76.0,tree_top
0.1,1,0.1,100,30,72,1.74,1.0,2.0,21.0,tree_top,2.31428571429,1.0,4.0,21.0,tree_top,0.842105263158,1.0,1.0,3.0,tree_top,4.0625,3.0,6.6,21.0,tree_top
0.1,1,0.05,140,40,52,4.21,1.0,2.0,56.0,tree_top,5.85714285714,1.0,4.0,56.0,tree_top,0.969696969697,1.0,1.6,4.0,tree_top,10.2162162162,2.0,14.8,56.0,tree_top
0.1,1,0.05,140,40,60,28.22,1.0,52.0,242.0,tree_top,37.6857142857,7.5,74.0,242.0,tree_top,0.0909090909091,0.0,0.0,1.0,tree_top,71.2162162162,60.0,101.8,242.0,tree_top
0.1,1,0.05,140,40,72,0.87,1.0,1.0,5.0,tree_top,1.05714285714,1.0,2.0,5.0,tree_top,1.125,1.0,1.8,5.0,tree_top,1.0,0.0,2.0,4.0,tree_top
0.1,1,0.05,140,35,52,0.95,0.0,1.0,10.0,tree_top,1.21428571429,0.0,2.0,10.0,tree_top,0.558823529412,0.0,1.0,3.0,tree_top,1.83333333333,1.0,3.0,10.0,tree_top
0.1,1,0.05,140,35,60,10.57,1.0,7.2,179.0,tree_top,14.9571428571,1.0,20.0,179.0,tree_top,0.742857142857,1.0,1.0,3.0,tree_top,29.1714285714,8.0,52.8,179.0,tree_top
0.1,1,0.05,140,35,72,9.38,1.5,18.2,55.0,tree_top,10.2428571429,1.0,20.4,55.0,tree_top,0.615384615385,1.0,1.0,3.0,tree_top,22.3548387097,19.0,37.0,55.0,tree_top
0.1,1,0.05,140,30,52,14.86,1.0,20.2,220.0,tree_top,21.0857142857,3.5,25.0,220.0,tree_top,0.41935483871,0.0,1.0,2.0,tree_top,37.5128205128,21.0,56.0,220.0,tree_bot
0.1,1,0.05,140,30,60,1.36,1.0,2.0,9.0,tree_top,1.71428571429,1.0,3.0,9.0,tree_top,1.56756756757,1.0,2.0,4.0,tree_top,1.87878787879,1.0,3.6,9.0,tree_top
0.1,1,0.05,140,30,72,2.85,1.0,3.0,38.0,tree_top,3.92857142857,1.0,5.0,38.0,tree_top,0.914285714286,1.0,1.0,3.0,tree_top,6.94285714286,3.0,13.2,38.0,tree_top
0.1,1,0.05,120,40,52,10.37,1.0,6.2,216.0,tree_top,14.6857142857,1.0,12.2,216.0,tree_top,0.617647058824,1.0,1.0,2.0,tree_top,27.9722222222,7.0,49.0,216.0,tree_top
0.1,1,0.05,120,40,60,14.56,1.0,12.8,363.0,tree_top,20.2714285714,1.0,23.0,363.0,tree_top,0.243243243243,0.0,0.0,2.0,off_top,42.7272727273,22.0,54.4,363.0,tree_top
0.1,1,0.05,120,40,72,0.88,1.0,1.0,4.0,tree_top,1.07142857143,1.0,2.0,4.0,tree_top,1.20512820513,1.0,1.4,3.0,tree_top,0.903225806452,1.0,2.0,4.0,tree_top
0.1,1,0.05,120,35,52,27.86,1.0,4.4,758.0,tree_top,39.7,1.0,16.2,758.0,tree_top,1.10810810811,1.0,2.0,3.0,tree_top,82.9696969697,9.0,108.0,758.0,tree_top
0.1,1,0.05,120,35,60,19.79,0.0,23.2,595.0,tree_top,28.1714285714,1.0,37.8,595.0,tree_top,0.44,0.0,1.0,3.0,tree_top,43.5777777778,22.0,63.4,595.0,tree_top
0.1,1,0.05,120,35,72,29.97,1.0,9.6,826.0,tree_top,42.6714285714,1.0,41.2,826.0,tree_top,0.206896551724,0.0,0.4,1.0,tree_top,72.7073170732,9.0,94.0,826.0,tree_top
0.1,1,0.05,120,30,52,2.48,1.0,1.2,57.0,tree_top,3.31428571429,1.0,2.0,57.0,tree_top,0.731707317073,1.0,1.0,2.0,tree_top,6.96551724138,2.0,8.4,57.0,tree_top
0.1,1,0.05,120,30,60,1.49,1.0,2.0,11.0,tree_top,1.97142857143,1.0,2.0,11.0,tree_top,1.22222222222,1.0,2.0,2.0,tree_top,2.76470588235,2.0,5.0,11.0,tree_top
0.1,1,0.05,120,30,72,1.22,1.0,2.0,7.0,tree_top,1.57142857143,1.0,3.0,7.0,tree_top,0.9375,1.0,1.0,4.0,tree_top,2.10526315789,1.0,4.0,7.0,tree_top
0.1,1,0.05,110,40,52,1.91,0.0,2.0,44.0,tree_top,2.57142857143,0.0,2.2,44.0,tree_top,0.28125,0.0,1.0,2.0,tree_top,4.5,1.0,6.6,44.0,tree_top
0.1,1,0.05,110,40,60,0.67,0.0,1.0,5.0,tree_top,0.842857142857,1.0,1.0,5.0,tree_top,0.69696969697,1.0,1.0,2.0,tree_top,0.972972972973,1.0,1.0,5.0,tree_top
0.1,1,0.05,110,40,72,1.54,1.0,2.0,12.0,tree_top,1.87142857143,1.0,2.2,12.0,tree_top,0.529411764706,0.0,1.0,3.0,tree_top,3.13888888889,2.0,6.0,12.0,tree_top
0.1,1,0.05,110,35,52,4.65,0.0,3.0,67.0,tree_top,6.48571428571,1.0,12.6,67.0,tree_top,0.166666666667,0.0,0.0,1.0,tree_top,11.225,3.0,19.0,67.0,tree_top
0.1,1,0.05,110,35,60,0.76,0.0,1.0,7.0,tree_top,0.971428571429,1.0,1.0,7.0,tree_top,0.697674418605,1.0,1.0,3.0,tree_top,1.40740740741,1.0,2.8,7.0,tree_top
0.1,1,0.05,110,35,72,1.62,1.0,2.0,23.0,tree_top,2.15714285714,1.0,2.0,23.0,tree_top,0.789473684211,1.0,1.0,3.0,tree_top,3.78125,1.0,6.0,23.0,tree_top
0.1,1,0.05,110,30,52,8.45,1.0,9.0,110.0,tree_top,11.7428571429,1.0,16.4,110.0,tree_top,0.410256410256,0.0,1.0,4.0,tree_top,26.0,16.0,56.0,110.0,tree_top
0.1,1,0.05,110,30,60,2.14,1.0,2.0,38.0,tree_top,2.88571428571,1.0,3.2,38.0,tree_top,0.657894736842,0.5,1.0,3.0,tree_top,5.53125,2.0,8.0,38.0,tree_top
0.1,1,0.05,110,30,72,2.49,1.0,2.0,57.0,tree_top,3.47142857143,1.0,2.2,57.0,tree_top,0.794871794872,1.0,1.0,3.0,tree_top,6.83870967742,2.0,8.0,57.0,off_bot
0.1,1,0.05,100,40,52,0.38,0.0,1.0,5.0,tree_top,0.4,0.0,1.0,5.0,tree_top,0.344827586207,0.0,1.0,2.0,tree_top,0.439024390244,0.0,1.0,5.0,tree_top
0.1,1,0.05,100,40,60,10.76,0.5,3.4,198.0,tree_top,15.2714285714,1.0,7.0,198.0,tree_top,0.435897435897,0.0,1.0,2.0,tree_top,33.935483871,6.0,91.0,198.0,tree_top
0.1,1,0.05,100,40,72,1.14,1.0,2.0,16.0,tree_top,1.5,1.0,2.0,16.0,tree_top,0.888888888889,1.0,2.0,3.0,tree_top,2.14705882353,1.0,3.0,16.0,tree_top
0.1,1,0.05,100,35,52,4.24,1.0,5.0,65.0,tree_top,5.64285714286,1.0,10.0,65.0,tree_top,0.451612903226,0.0,1.0,2.0,tree_top,9.76923076923,5.0,12.4,65.0,tree_top
0.1,1,0.05,100,35,60,5.53,1.0,5.0,102.0,tree_top,7.71428571429,1.0,12.2,102.0,tree_top,0.375,0.0,1.0,2.0,tree_top,13.8947368421,6.5,22.6,102.0,tree_top
0.1,1,0.05,100,35,72,1.53,1.0,2.0,20.0,tree_top,1.98571428571,1.0,2.0,20.0,tree_top,0.780487804878,1.0,1.0,2.0,tree_top,3.68965517241,2.0,6.2,20.0,tree_top
0.1,1,0.05,100,30,52,1.99,0.0,2.0,30.0,tree_top,2.58571428571,0.0,3.0,30.0,tree_top,0.277777777778,0.0,1.0,2.0,tree_top,5.02941176471,2.0,8.8,30.0,tree_top
0.1,1,0.05,100,30,60,0.78,0.0,1.0,9.0,tree_top,0.928571428571,0.0,1.0,9.0,tree_top,0.277777777778,0.0,1.0,2.0,tree_top,1.61764705882,1.0,2.4,9.0,tree_top
0.1,1,0.05,100,30,72,2.5,0.0,2.0,26.0,tree_top,3.48571428571,1.0,6.4,26.0,tree_top,0.310344827586,0.0,1.0,1.0,tree_top,5.73170731707,2.0,11.0,26.0,tree_top
0.1,1,0.01,140,40,52,1.25,1.0,2.0,9.0,tree_top,1.61428571429,1.0,2.2,9.0,tree_top,1.10714285714,1.0,1.6,3.0,tree_top,1.95238095238,1.0,3.8,9.0,tree_top
0.1,1,0.01,140,40,60,1.23,0.0,1.0,25.0,tree_top,1.55714285714,1.0,1.0,25.0,tree_top,0.542857142857,0.0,1.0,3.0,tree_top,2.57142857143,1.0,4.2,25.0,tree_top
0.1,1,0.01,140,40,72,0.61,0.0,1.0,7.0,tree_top,0.685714285714,0.0,1.0,7.0,tree_top,0.6,0.0,1.0,2.0,tree_top,0.733333333333,0.0,1.0,7.0,tree_top
0.1,1,0.01,140,35,52,2.46,1.0,3.0,24.0,tree_top,3.32857142857,1.0,4.0,24.0,tree_top,0.775,1.0,1.0,3.0,tree_top,6.73333333333,4.0,12.0,24.0,tree_top
0.1,1,0.01,140,35,60,0.6,0.0,1.0,11.0,tree_top,0.728571428571,0.0,1.0,11.0,tree_top,0.325,0.0,1.0,2.0,tree_top,1.26666666667,0.0,2.0,11.0,tree_top
0.1,1,0.01,140,35,72,10.85,1.0,7.2,227.0,tree_top,15.2714285714,2.0,24.0,227.0,tree_top,1.25714285714,1.0,2.0,3.0,tree_top,29.2857142857,13.0,44.2,227.0,tree_top
0.1,1,0.01,140,30,52,0.97,1.0,2.0,5.0,tree_top,1.08571428571,1.0,2.0,5.0,tree_top,0.823529411765,1.0,1.0,2.0,tree_top,1.33333333333,1.0,3.0,5.0,tree_top
0.1,1,0.01,140,30,60,3.88,1.0,4.4,61.0,tree_top,5.37142857143,1.0,10.0,61.0,tree_top,0.666666666667,1.0,1.0,3.0,tree_top,9.56756756757,7.0,15.0,61.0,tree_top
0.1,1,0.01,140,30,72,17.17,1.0,25.6,218.0,tree_top,24.2142857143,1.5,49.0,218.0,tree_top,0.25,0.0,1.0,2.0,tree_top,49.5882352941,34.5,75.2,218.0,tree_bot
0.1,1,0.01,120,40,52,20.95,1.0,21.2,258.0,tree_top,29.7285714286,1.0,56.4,258.0,tree_top,0.2,0.0,0.2,1.0,tree_top,51.875,23.0,69.4,258.0,tree_top
0.1,1,0.01,120,40,60,1.2,0.0,1.0,24.0,tree_top,1.57142857143,0.0,1.2,24.0,tree_top,0.04,0.0,0.0,1.0,tree_top,2.42222222222,0.0,3.2,24.0,tree_top
0.1,1,0.01,120,40,72,2.18,1.0,3.0,16.0,tree_top,2.87142857143,1.0,4.2,16.0,tree_top,0.909090909091,1.0,1.0,3.0,tree_top,4.62162162162,3.0,8.8,16.0,tree_top
0.1,1,0.01,120,35,52,1.35,1.0,2.0,11.0,tree_top,1.75714285714,1.0,3.0,11.0,tree_top,1.21052631579,1.0,1.6,3.0,tree_top,2.40625,1.5,4.0,11.0,tree_top
0.1,1,0.01,120,35,60,6.47,0.5,2.4,90.0,tree_top,9.17142857143,1.0,19.8,90.0,tree_top,0.454545454545,0.0,1.0,2.0,tree_top,16.9459459459,5.0,29.6,90.0,tree_top
0.1,1,0.01,120,35,72,5.33,1.0,7.4,73.0,tree_top,7.02857142857,1.0,11.0,73.0,tree_top,0.575757575758,1.0,1.0,2.0,tree_top,12.7837837838,9.0,19.6,73.0,tree_top
0.1,1,0.01,120,30,52,4.94,1.0,2.0,90.0,tree_top,6.94285714286,1.0,7.2,90.0,tree_top,0.714285714286,1.0,1.0,2.0,tree_top,13.1714285714,4.0,21.2,90.0,tree_top
0.1,1,0.01,120,30,60,1.19,0.0,1.0,23.0,tree_top,1.57142857143,1.0,2.0,23.0,tree_top,0.384615384615,0.0,1.0,1.0,tree_top,3.06451612903,2.0,4.0,23.0,tree_top
0.1,1,0.01,120,30,72,0.99,1.0,2.0,7.0,tree_top,1.15714285714,1.0,2.0,7.0,tree_top,1.21621621622,1.0,2.0,5.0,tree_top,1.09090909091,0.0,2.0,7.0,tree_top
0.1,1,0.01,110,40,52,0.96,0.0,1.0,13.0,tree_top,1.11428571429,0.0,1.0,13.0,tree_top,0.325581395349,0.0,1.0,2.0,tree_top,2.37037037037,0.0,4.6,13.0,tree_top
0.1,1,0.01,110,40,60,1.16,1.0,1.0,15.0,tree_top,1.32857142857,1.0,1.0,15.0,tree_top,0.571428571429,1.0,1.0,1.0,tree_top,2.46428571429,1.0,4.0,15.0,tree_top
0.1,1,0.01,110,40,72,1.75,1.0,2.0,21.0,tree_top,2.25714285714,1.0,2.0,21.0,tree_top,1.0,1.0,1.0,2.0,tree_top,3.2,2.0,5.2,21.0,tree_top
0.1,1,0.01,110,35,52,6.05,1.0,5.2,95.0,tree_top,8.28571428571,1.0,8.8,95.0,tree_top,0.131578947368,0.0,0.0,2.0,tree_top,17.96875,7.0,29.8,95.0,tree_top
0.1,1,0.01,110,35,60,21.85,1.0,9.2,510.0,tree_top,30.9857142857,1.0,35.8,510.0,tree_top,0.526315789474,0.0,1.0,2.0,tree_top,67.15625,28.5,98.4,510.0,tree_bot
0.1,1,0.01,110,35,72,2.07,0.0,1.0,50.0,tree_top,2.84285714286,1.0,3.0,50.0,tree_top,0.185185185185,0.0,0.0,1.0,tree_top,4.51162790698,1.0,5.8,50.0,tree_top
0.1,1,0.01,110,30,52,1.5,1.0,2.0,11.0,tree_top,1.92857142857,1.0,3.0,11.0,tree_top,0.703703703704,1.0,1.0,1.0,tree_top,2.6976744186,2.0,3.6,11.0,tree_top
0.1,1,0.01,110,30,60,1.21,1.0,2.0,8.0,tree_top,1.58571428571,1.0,2.2,8.0,tree_top,0.806451612903,1.0,1.0,3.0,tree_top,2.20512820513,2.0,4.4,8.0,tree_top
0.1,1,0.01,110,30,72,1.52,1.0,2.0,12.0,tree_top,1.92857142857,1.0,2.0,12.0,tree_top,0.903225806452,1.0,1.0,3.0,tree_top,2.74358974359,2.0,4.4,12.0,tree_top
0.1,1,0.01,100,40,52,3.91,1.0,2.0,66.0,tree_top,5.4,1.0,4.2,66.0,tree_top,0.657142857143,1.0,1.0,3.0,tree_top,10.1428571429,2.0,16.8,66.0,tree_top
0.1,1,0.01,100,40,60,0.65,0.0,1.0,8.0,tree_top,0.828571428571,0.0,1.0,8.0,tree_top,0.351351351351,0.0,1.0,2.0,tree_top,1.36363636364,0.0,2.6,8.0,tree_top
