0.1,1,0.1,121,36,60,0.17,0.0,0.0,3.0,tree_top,0.157142857143,0.0,0.0,3.0,tree_top,0.0975609756098,0.0,0.0,1.0,tree_top,0.241379310345,0.0,0.0,3.0,tree_top
0.1,1,0.1,121,36,58,0.66,0.0,0.2,18.0,tree_top,0.885714285714,0.0,1.0,18.0,tree_top,0.0555555555556,0.0,0.0,1.0,tree_top,1.76470588235,0.0,2.0,18.0,tree_top
0.1,1,0.1,121,36,56,0.72,0.0,1.0,6.0,tree_top,0.871428571429,1.0,1.0,6.0,tree_top,0.464285714286,0.0,1.0,1.0,off_top,1.14285714286,1.0,1.8,6.0,tree_top
0.1,1,0.1,121,36,54,0.16,0.0,0.0,2.0,tree_top,0.142857142857,0.0,0.0,1.0,tree_top,0.222222222222,0.0,1.0,1.0,tree_top,0.0588235294118,0.0,0.0,1.0,tree_top
0.1,1,0.1,121,35,60,0.4,0.0,1.0,9.0,tree_top,0.414285714286,0.0,1.0,9.0,tree_top,0.0277777777778,0.0,0.0,1.0,tree_top,0.823529411765,0.0,1.0,9.0,tree_top
0.1,1,0.1,121,35,58,0.45,0.0,1.0,6.0,tree_top,0.628571428571,0.0,1.0,6.0,tree_top,0.1875,0.0,0.0,1.0,tree_top,1.0,0.5,2.0,6.0,tree_top
0.1,1,0.1,121,35,56,0.04,0.0,0.0,1.0,tree_top,0.0571428571429,0.0,0.0,1.0,tree_top,0.0789473684211,0.0,0.0,1.0,tree_top,0.03125,0.0,0.0,1.0,tree_top
0.1,1,0.1,121,35,54,0.27,0.0,0.2,3.0,tree_top,0.342857142857,0.0,1.0,3.0,tree_top,0.153846153846,0.0,0.0,1.0,tree_top,0.454545454545,0.0,1.0,3.0,tree_top
0.1,1,0.1,121,34,60,0.3,0.0,1.0,3.0,tree_top,0.314285714286,0.0,1.0,2.0,tree_top,0.0714285714286,0.0,0.0,1.0,tree_top,0.47619047619,0.0,1.0,2.0,tree_top
0.1,1,0.1,121,34,58,0.29,0.0,1.0,2.0,tree_top,0.3,0.0,1.0,2.0,tree_top,0.161290322581,0.0,0.0,1.0,tree_top,0.410256410256,0.0,1.0,2.0,tree_top
0.1,1,0.1,121,34,56,0.4,0.0,0.0,9.0,tree_top,0.5,0.0,1.0,9.0,tree_top,0.111111111111,0.0,0.0,2.0,tree_top,0.911764705882,0.0,1.4,9.0,tree_top
0.1,1,0.1,121,34,54,0.11,0.0,0.0,1.0,tree_top,0.128571428571,0.0,0.0,1.0,tree_top,0.0769230769231,0.0,0.0,1.0,tree_top,0.193548387097,0.0,0.0,1.0,tree_top
0.1,1,0.1,120,36,60,0.66,0.0,1.0,10.0,tree_top,0.9,0.0,1.0,10.0,tree_top,0.135135135135,0.0,0.0,1.0,tree_top,1.75757575758,1.0,2.6,10.0,tree_top
0.1,1,0.1,120,36,58,0.15,0.0,0.0,2.0,tree_top,0.157142857143,0.0,0.0,2.0,tree_top,0.0238095238095,0.0,0.0,1.0,tree_top,0.357142857143,0.0,1.0,2.0,tree_top
0.1,1,0.1,120,36,56,0.1,0.0,0.0,2.0,tree_top,0.1,0.0,0.0,2.0,tree_top,0.0789473684211,0.0,0.0,1.0,tree_top,0.125,0.0,0.0,2.0,tree_top
0.1,1,0.1,120,36,54,0.11,0.0,0.0,2.0,tree_top,0.142857142857,0.0,0.0,2.0,tree_top,0.0769230769231,0.0,0.0,1.0,tree_top,0.225806451613,0.0,0.0,2.0,tree_top
0.1,1,0.1,120,35,60,0.39,0.0,1.0,9.0,tree_top,0.514285714286,0.0,1.0,9.0,tree_top,0.485714285714,0.0,1.0,1.0,tree_top,0.542857142857,0.0,1.0,9.0,tree_top
0.1,1,0.1,120,35,58,0.2,0.0,0.0,3.0,tree_top,0.271428571429,0.0,1.0,3.0,tree_top,0.138888888889,0.0,0.0,1.0,tree_top,0.411764705882,0.0,1.0,3.0,tree_top
0.1,1,0.1,120,35,56,0.27,0.0,0.0,7.0,tree_top,0.342857142857,0.0,0.2,7.0,tree_top,0.131578947368,0.0,0.0,1.0,tree_top,0.59375,0.0,1.0,7.0,tree_top
0.1,1,0.1,120,35,54,0.24,0.0,0.0,7.0,tree_top,0.285714285714,0.0,0.0,7.0,tree_top,0.181818181818,0.0,0.0,1.0,tree_top,0.378378378378,0.0,0.0,7.0,tree_top
0.1,1,0.1,120,34,60,0.24,0.0,0.0,3.0,tree_top,0.228571428571,0.0,0.0,3.0,tree_top,0.0,0.0,0.0,0.0,tree_top,0.516129032258,0.0,1.0,3.0,tree_top
0.1,1,0.1,120,34,58,0.06,0.0,0.0,1.0,tree_top,0.0571428571429,0.0,0.0,1.0,tree_top,0.0277777777778,0.0,0.0,1.0,tree_top,0.0882352941176,0.0,0.0,1.0,tree_top
0.1,1,0.1,120,34,56,0.13,0.0,0.0,3.0,tree_top,0.142857142857,0.0,0.0,3.0,tree_top,0.0909090909091,0.0,0.0,1.0,tree_top,0.189189189189,0.0,0.0,3.0,tree_top
0.1,1,0.1,120,34,54,0.31,0.0,1.0,3.0,tree_top,0.385714285714,0.0,1.0,3.0,tree_top,0.225,0.0,1.0,1.0,tree_top,0.6,0.0,1.0,3.0,tree_top
0.1,1,0.1,119,36,60,0.24,0.0,1.0,3.0,tree_top,0.242857142857,0.0,1.0,1.0,tree_top,0.219512195122,0.0,1.0,1.0,tree_top,0.275862068966,0.0,1.0,1.0,tree_top
0.1,1,0.1,119,36,58,0.29,0.0,1.0,4.0,tree_top,0.328571428571,0.0,1.0,4.0,tree_top,0.216216216216,0.0,0.8,1.0,tree_top,0.454545454545,0.0,1.0,4.0,tree_top
0.1,1,0.1,119,36,56,0.14,0.0,0.0,2.0,tree_top,0.1,0.0,0.0,1.0,tree_top,0.0,0.0,0.0,0.0,tree_top,0.21875,0.0,0.8,1.0,tree_top
0.1,1,0.1,119,36,54,0.33,0.0,1.0,3.0,tree_top,0.342857142857,0.0,1.0,3.0,tree_top,0.0,0.0,0.0,0.0,tree_top,0.615384615385,0.0,1.0,3.0,tree_top
0.1,1,0.1,119,35,60,0.24,0.0,0.0,5.0,tree_top,0.314285714286,0.0,0.0,5.0,tree_top,0.166666666667,0.0,0.0,2.0,tree_top,0.535714285714,0.0,1.0,5.0,tree_top
0.1,1,0.1,119,35,58,0.67,0.0,1.0,8.0,tree_top,0.828571428571,0.0,1.2,8.0,tree_top,0.0645161290323,0.0,0.0,1.0,tree_top,1.4358974359,1.0,2.0,8.0,tree_top
0.1,1,0.1,119,35,56,1.06,0.0,1.0,23.0,tree_top,1.42857142857,0.0,1.2,23.0,tree_top,0.2,0.0,0.2,1.0,tree_top,2.65714285714,1.0,4.0,23.0,tree_top
0.1,1,0.1,119,35,54,0.2,0.0,0.0,2.0,tree_top,0.2,0.0,0.0,2.0,tree_top,0.216216216216,0.0,0.8,1.0,tree_top,0.181818181818,0.0,0.0,2.0,tree_top
0.1,1,0.1,119,34,60,0.18,0.0,0.0,3.0,tree_top,0.257142857143,0.0,0.0,3.0,tree_top,0.146341463415,0.0,0.0,2.0,tree_top,0.413793103448,0.0,1.0,3.0,tree_top
0.1,1,0.1,119,34,58,0.22,0.0,0.0,3.0,tree_top,0.2,0.0,0.0,3.0,tree_top,0.0,0.0,0.0,0.0,tree_top,0.4375,0.0,1.0,3.0,tree_top
0.1,1,0.1,119,34,56,0.28,0.0,0.0,3.0,tree_top,0.271428571429,0.0,0.0,3.0,tree_top,0.0,0.0,0.0,0.0,tree_top,0.513513513514,0.0,1.0,3.0,tree_top
0.1,1,0.1,119,34,54,0.15,0.0,0.0,2.0,tree_top,0.1,0.0,0.0,1.0,tree_top,0.0714285714286,0.0,0.0,1.0,tree_top,0.119047619048,0.0,0.0,1.0,tree_top
0.1,1,0.05,121,36,60,0.22,0.0,0.0,2.0,tree_top,0.3,0.0,1.0,2.0,tree_top,0.205882352941,0.0,0.0,2.0,tree_top,0.388888888889,0.0,1.0,2.0,tree_top
0.1,1,0.05,121,36,58,0.56,0.0,1.0,4.0,tree_top,0.742857142857,0.0,2.0,4.0,tree_top,0.0857142857143,0.0,0.0,1.0,tree_top,1.4,1.0,2.0,4.0,tree_top
0.1,1,0.05,121,36,56,0.3,0.0,0.0,3.0,tree_top,0.357142857143,0.0,1.0,3.0,tree_top,0.0588235294118,0.0,0.0,1.0,tree_top,0.638888888889,0.0,1.0,3.0,tree_top
0.1,1,0.05,121,36,54,0.17,0.0,0.0,3.0,tree_top,0.214285714286,0.0,0.0,3.0,tree_top,0.0909090909091,0.0,0.0,1.0,tree_top,0.324324324324,0.0,1.0,3.0,tree_top
0.1,1,0.05,121,35,60,0.08,0.0,0.0,1.0,tree_top,0.0714285714286,0.0,0.0,1.0,tree_top,0.0,0.0,0.0,0.0,tree_top,0.119047619048,0.0,0.0,1.0,tree_top
0.1,1,0.05,121,35,58,0.14,0.0,0.0,2.0,tree_top,0.114285714286,0.0,0.0,2.0,tree_top,0.0540540540541,0.0,0.0,1.0,tree_top,0.181818181818,0.0,0.0,2.0,tree_top
0.1,1,0.05,121,35,56,0.54,0.0,1.0,5.0,tree_top,0.728571428571,0.0,1.0,5.0,tree_top,0.40625,0.0,1.0,1.0,tree_top,1.0,1.0,2.0,5.0,tree_top
0.1,1,0.05,121,35,54,0.15,0.0,0.0,2.0,tree_top,0.157142857143,0.0,0.0,2.0,tree_top,0.0526315789474,0.0,0.0,1.0,tree_top,0.28125,0.0,1.0,2.0,tree_top
0.1,1,0.05,121,34,60,0.19,0.0,0.0,3.0,tree_top,0.2,0.0,0.0,3.0,tree_top,0.0967741935484,0.0,0.0,1.0,tree_top,0.282051282051,0.0,0.0,3.0,tree_top
0.1,1,0.05,121,34,58,0.35,0.0,1.0,5.0,tree_top,0.442857142857,0.0,1.0,5.0,tree_top,0.147058823529,0.0,0.0,1.0,tree_top,0.722222222222,0.0,1.0,5.0,tree_top
0.1,1,0.05,121,34,56,0.19,0.0,0.0,2.0,tree_top,0.214285714286,0.0,0.0,2.0,tree_top,0.0810810810811,0.0,0.0,1.0,tree_top,0.363636363636,0.0,1.0,2.0,tree_top
0.1,1,0.05,121,34,54,0.09,0.0,0.0,2.0,tree_top,0.1,0.0,0.0,2.0,tree_top,0.0,0.0,0.0,0.0,tree_top,0.2,0.0,0.0,2.0,tree_top
0.1,1,0.05,120,36,60,0.64,0.0,1.0,15.0,tree_top,0.814285714286,0.0,1.0,15.0,tree_top,0.0322580645161,0.0,0.0,1.0,tree_top,1.4358974359,0.0,2.0,15.0,tree_top
0.1,1,0.05,120,36,58,0.17,0.0,0.0,3.0,tree_top,0.157142857143,0.0,0.0,3.0,tree_top,0.0487804878049,0.0,0.0,1.0,tree_top,0.310344827586,0.0,1.0,3.0,tree_top
0.1,1,0.05,120,36,56,0.47,0.0,1.0,7.0,tree_top,0.571428571429,0.0,1.0,7.0,tree_top,0.117647058824,0.0,0.0,1.0,tree_top,1.0,1.0,1.0,7.0,tree_top
0.1,1,0.05,120,36,54,1.09,0.0,1.0,15.0,tree_top,1.45714285714,0.0,2.0,15.0,tree_top,0.131578947368,0.0,0.0,1.0,tree_top,3.03125,1.5,5.0,15.0,tree_top
0.1,1,0.05,120,35,60,0.12,0.0,0.0,1.0,tree_top,0.1,0.0,0.0,1.0,tree_top,0.0512820512821,0.0,0.0,1.0,tree_top,0.161290322581,0.0,0.0,1.0,tree_top
0.1,1,0.05,120,35,58,0.4,0.0,1.0,6.0,tree_top,0.528571428571,0.0,1.0,6.0,tree_top,0.0645161290323,0.0,0.0,1.0,tree_top,0.897435897436,0.0,1.4,6.0,tree_top
0.1,1,0.05,120,35,56,0.1,0.0,0.0,2.0,tree_top,0.114285714286,0.0,0.0,2.0,tree_top,0.0666666666667,0.0,0.0,1.0,tree_top,0.2,0.0,0.0,2.0,tree_top
0.1,1,0.05,120,35,54,0.75,0.0,1.2,11.0,tree_top,1.02857142857,0.5,2.0,11.0,tree_top,0.225806451613,0.0,1.0,1.0,tree_top,1.66666666667,1.0,2.4,11.0,tree_top
0.1,1,0.05,120,34,60,0.13,0.0,0.0,2.0,tree_top,0.157142857143,0.0,0.0,2.0,tree_top,0.0322580645161,0.0,0.0,1.0,tree_top,0.25641025641,0.0,0.0,2.0,tree_top
0.1,1,0.05,120,34,58,0.09,0.0,0.0,2.0,tree_top,0.128571428571,0.0,0.0,2.0,tree_top,0.0810810810811,0.0,0.0,1.0,tree_top,0.181818181818,0.0,0.0,2.0,tree_top
0.1,1,0.05,120,34,56,0.1,0.0,0.0,2.0,tree_top,0.114285714286,0.0,0.0,2.0,tree_top,0.0666666666667,0.0,0.0,1.0,tree_top,0.15,0.0,0.0,2.0,tree_top
0.1,1,0.05,120,34,54,0.08,0.0,0.0,1.0,tree_top,0.0714285714286,0.0,0.0,1.0,tree_top,0.0689655172414,0.0,0.0,1.0,tree_top,0.0731707317073,0.0,0.0,1.0,tree_top
0.1,1,0.05,119,36,60,0.43,0.0,1.0,6.0,tree_top,0.528571428571,0.0,1.0,6.0,tree_top,0.181818181818,0.0,0.0,1.0,tree_top,0.837837837838,0.0,1.0,6.0,tree_top
0.1,1,0.05,119,36,58,0.45,0.0,1.0,6.0,tree_top,0.571428571429,0.0,1.0,6.0,tree_top,0.2,0.0,0.2,1.0,tree_top,0.942857142857,1.0,1.0,6.0,tree_top
0.1,1,0.05,119,36,56,0.14,0.0,0.0,2.0,tree_top,0.171428571429,0.0,0.0,2.0,tree_top,0.0789473684211,0.0,0.0,1.0,tree_top,0.28125,0.0,0.8,2.0,tree_top
0.1,1,0.05,119,36,54,0.26,0.0,0.0,5.0,tree_top,0.342857142857,0.0,1.0,5.0,tree_top,0.114285714286,0.0,0.0,1.0,tree_top,0.571428571429,0.0,1.0,5.0,tree_top
0.1,1,0.05,119,35,60,0.2,0.0,0.0,3.0,tree_top,0.257142857143,0.0,0.0,3.0,tree_top,0.0333333333333,0.0,0.0,1.0,tree_top,0.425,0.0,1.0,3.0,tree_top
0.1,1,0.05,119,35,58,0.06,0.0,0.0,3.0,tree_top,0.0428571428571,0.0,0.0,1.0,tree_top,0.0263157894737,0.0,0.0,1.0,tree_top,0.0625,0.0,0.0,1.0,tree_top
0.1,1,0.05,119,35,56,0.39,0.0,1.0,5.0,tree_top,0.5,0.0,1.0,5.0,tree_top,0.0882352941176,0.0,0.0,1.0,tree_top,0.888888888889,1.0,2.0,5.0,tree_top
0.1,1,0.05,119,35,54,0.56,0.0,1.0,10.0,tree_top,0.7,0.0,1.0,10.0,tree_top,0.0714285714286,0.0,0.0,1.0,tree_top,1.64285714286,0.5,2.6,10.0,tree_top
0.1,1,0.05,119,34,60,0.11,0.0,0.0,2.0,tree_top,0.128571428571,0.0,0.0,2.0,tree_top,0.166666666667,0.0,0.0,1.0,tree_top,0.1,0.0,0.0,2.0,tree_top
0.1,1,0.05,119,34,58,0.33,0.0,1.0,5.0,tree_top,0.357142857143,0.0,1.0,5.0,tree_top,0.0555555555556,0.0,0.0,1.0,tree_top,0.676470588235,0.0,1.0,5.0,tree_top
0.1,1,0.05,119,34,56,0.26,0.0,0.0,5.0,tree_top,0.3,0.0,0.2,5.0,tree_top,0.1,0.0,0.0,1.0,tree_top,0.45,0.0,1.0,5.0,tree_top
0.1,1,0.05,119,34,54,0.17,0.0,0.0,2.0,tree_top,0.171428571429,0.0,0.0,2.0,tree_top,0.0571428571429,0.0,0.0,1.0,tree_top,0.285714285714,0.0,1.0,2.0,tree_top
0.1,1,0.01,121,36,60,0.19,0.0,0.0,2.0,tree_top,0.185714285714,0.0,0.0,2.0,tree_top,0.0,0.0,0.0,0.0,tree_top,0.361111111111,0.0,1.0,2.0,tree_top
0.1,1,0.01,121,36,58,0.12,0.0,0.0,1.0,tree_top,0.128571428571,0.0,0.0,1.0,tree_top,0.0277777777778,0.0,0.0,1.0,tree_top,0.235294117647,0.0,1.0,1.0,tree_top
0.1,1,0.01,121,36,56,0.35,0.0,1.0,3.0,tree_top,0.4,0.0,1.0,3.0,tree_top,0.0714285714286,0.0,0.0,1.0,tree_top,0.619047619048,0.0,1.0,3.0,tree_top
0.1,1,0.01,121,36,54,0.3,0.0,0.2,5.0,tree_top,0.342857142857,0.0,1.0,5.0,tree_top,0.131578947368,0.0,0.0,1.0,tree_top,0.59375,0.0,1.0,5.0,tree_top
0.1,1,0.01,121,35,60,0.14,0.0,0.0,2.0,tree_top,0.2,0.0,0.0,2.0,tree_top,0.108108108108,0.0,0.0,1.0,tree_top,0.30303030303,0.0,0.6,2.0,tree_top
0.1,1,0.01,121,35,58,1.03,0.0,1.0,19.0,tree_top,1.38571428571,0.0,2.0,19.0,tree_top,0.0285714285714,0.0,0.0,1.0,tree_top,2.74285714286,1.0,4.2,19.0,tree_top
0.1,1,0.01,121,35,56,0.15,0.0,0.0,3.0,tree_top,0.142857142857,0.0,0.0,3.0,tree_top,0.0285714285714,0.0,0.0,1.0,tree_top,0.257142857143,0.0,0.0,3.0,tree_top
0.1,1,0.01,121,35,54,0.09,0.0,0.0,3.0,tree_top,0.0428571428571,0.0,0.0,3.0,tree_top,0.0,0.0,0.0,0.0,tree_top,0.0909090909091,0.0,0.0,3.0,tree_top
0.1,1,0.01,121,34,60,0.32,0.0,1.0,2.0,tree_top,0.385714285714,0.0,1.0,2.0,tree_top,0.0689655172414,0.0,0.0,1.0,tree_top,0.609756097561,1.0,1.0,2.0,tree_top
0.1,1,0.01,121,34,58,0.07,0.0,0.0,1.0,tree_top,0.0571428571429,0.0,0.0,1.0,tree_top,0.03125,0.0,0.0,1.0,tree_top,0.0789473684211,0.0,0.0,1.0,tree_top
0.1,1,0.01,121,34,56,0.39,0.0,1.0,4.0,tree_top,0.485714285714,0.0,1.0,4.0,tree_top,0.225806451613,0.0,0.0,2.0,tree_top,0.692307692308,0.0,1.0,4.0,tree_top
0.1,1,0.01,121,34,54,0.17,0.0,0.0,4.0,tree_top,0.2,0.0,0.0,4.0,tree_top,0.030303030303,0.0,0.0,1.0,tree_top,0.351351351351,0.0,0.0,4.0,tree_top
0.1,1,0.01,120,36,60,0.1,0.0,0.0,1.0,tree_top,0.1,0.0,0.0,1.0,tree_top,0.0714285714286,0.0,0.0,1.0,tree_top,0.119047619048,0.0,0.0,1.0,tree_top
0.1,1,0.01,120,36,58,0.15,0.0,0.0,3.0,tree_top,0.171428571429,0.0,0.0,3.0,tree_top,0.0857142857143,0.0,0.0,1.0,tree_top,0.257142857143,0.0,0.0,3.0,tree_top
0.1,1,0.01,120,36,56,0.36,0.0,1.0,5.0,tree_top,0.428571428571,0.0,1.0,5.0,tree_top,0.189189189189,0.0,0.0,1.0,tree_top,0.69696969697,1.0,1.0,5.0,tree_top
0.1,1,0.01,120,36,54,0.25,0.0,0.0,3.0,tree_top,0.328571428571,0.0,1.0,3.0,tree_top,0.0285714285714,0.0,0.0,1.0,tree_top,0.628571428571,0.0,1.0,3.0,tree_top
0.1,1,0.01,120,35,60,4.2,0.0,3.0,196.0,tree_top,5.82857142857,0.0,4.0,196.0,tree_top,0.0333333333333,0.0,0.0,1.0,tree_top,10.175,2.5,8.8,196.0,tree_top
0.1,1,0.01,120,35,58,0.14,0.0,0.0,3.0,tree_top,0.171428571429,0.0,0.0,3.0,tree_top,0.0344827586207,0.0,0.0,1.0,tree_top,0.268292682927,0.0,0.0,3.0,tree_top
0.1,1,0.01,120,35,56,0.34,0.0,0.2,7.0,tree_top,0.428571428571,0.0,1.0,7.0,tree_top,0.0322580645161,0.0,0.0,1.0,tree_top,0.74358974359,0.0,1.0,7.0,tree_top
0.1,1,0.01,120,35,54,0.24,0.0,0.0,4.0,tree_top,0.214285714286,0.0,0.0,3.0,tree_top,0.0277777777778,0.0,0.0,1.0,tree_top,0.411764705882,0.0,1.0,3.0,tree_top
0.1,1,0.01,120,34,60,0.45,0.0,1.0,6.0,tree_top,0.5,0.0,1.0,6.0,tree_top,0.125,0.0,0.0,1.0,tree_top,1.0,0.5,2.0,6.0,tree_top
0.1,1,0.01,120,34,58,0.19,0.0,0.0,3.0,tree_top,0.242857142857,0.0,0.2,3.0,tree_top,0.09375,0.0,0.0,1.0,tree_top,0.368421052632,0.0,1.0,3.0,tree_top
0.1,1,0.01,120,34,56,0.28,0.0,0.2,5.0,tree_top,0.357142857143,0.0,1.0,5.0,tree_top,0.147058823529,0.0,0.0,1.0,tree_top,0.555555555556,0.0,1.0,5.0,tree_top
0.1,1,0.01,120,34,54,0.17,0.0,0.0,3.0,tree_top,0.157142857143,0.0,0.0,3.0,tree_top,0.0857142857143,0.0,0.0,2.0,tree_top,0.228571428571,0.0,0.0,3.0,tree_top
0.1,1,0.01,119,36,60,0.14,0.0,0.0,2.0,tree_top,0.157142857143,0.0,0.0,2.0,tree_top,0.0833333333333,0.0,0.0,1.0,tree_top,0.235294117647,0.0,0.4,2.0,tree_top
0.1,1,0.01,119,36,58,0.22,0.0,0.0,6.0,tree_top,0.285714285714,0.0,0.0,6.0,tree_top,0.1,0.0,0.0,2.0,tree_top,0.533333333333,0.0,1.0,6.0,tree_top
0.1,1,0.01,119,36,56,0.17,0.0,0.0,4.0,tree_top,0.228571428571,0.0,0.0,4.0,tree_top,0.0294117647059,0.0,0.0,1.0,tree_top,0.416666666667,0.0,1.0,4.0,tree_top
0.1,1,0.01,119,36,54,0.2,0.0,0.0,3.0,tree_top,0.228571428571,0.0,0.0,3.0,tree_top,0.0344827586207,0.0,0.0,1.0,tree_top,0.365853658537,0.0,1.0,3.0,tree_top
0.1,1,0.01,119,35,60,0.39,0.0,1.0,6.0,tree_top,0.5,0.0,1.0,6.0,tree_top,0.15,0.0,0.0,2.0,tree_top,0.966666666667,1.0,2.0,6.0,tree_top
0.1,1,0.01,119,35,58,0.15,0.0,0.0,2.0,tree_top,0.171428571429,0.0,0.0,2.0,tree_top,0.075,0.0,0.0,1.0,tree_top,0.3,0.0,1.0,2.0,tree_top
0.1,1,0.01,119,35,56,0.56,0.0,1.0,6.0,tree_top,0.7,0.0,1.0,6.0,tree_top,0.117647058824,0.0,0.0,1.0,tree_top,1.25,1.0,2.0,6.0,tree_top
0.1,1,0.01,119,35,54,0.23,0.0,0.0,4.0,tree_top,0.271428571429,0.0,0.0,4.0,tree_top,0.0294117647059,0.0,0.0,1.0,tree_top,0.5,0.0,1.0,4.0,tree_top
0.1,1,0.01,119,34,60,0.22,0.0,0.0,3.0,tree_top,0.3,0.0,1.0,3.0,tree_top,0.135135135135,0.0,0.0,1.0,tree_top,0.484848484848,0.0,1.0,3.0,tree_top
0.1,1,0.01,119,34,58,0.26,0.0,0.2,3.0,tree_top,0.357142857143,0.0,1.0,3.0,tree_top,0.354838709677,0.0,1.0,2.0,tree_top,0.358974358974,0.0,1.0,3.0,tree_top
0.1,1,0.01,119,34,56,0.27,0.0,1.0,2.0,tree_top,0.342857142857,0.0,1.0,2.0,tree_top,0.0333333333333,0.0,0.0,1.0,tree_top,0.575,0.5,1.0,2.0,tree_top
0.1,1,0.01,119,34,54,0.12,0.0,0.0,1.0,tree_top,0.157142857143,0.0,0.0,1.0,tree_top,0.0882352941176,0.0,0.0,1.0,tree_top,0.222222222222,0.0,1.0,1.0,tree_top
0.08,1,0.1,121,36,60,0.22,0.0,0.2,2.0,tree_top,0.228571428571,0.0,1.0,2.0,tree_top,0.230769230769,0.0,1.0,1.0,tree_top,0.225806451613,0.0,0.0,2.0,tree_top
0.08,1,0.1,121,36,58,0.21,0.0,0.0,3.0,tree_top,0.285714285714,0.0,1.0,3.0,tree_top,0.175,0.0,0.0,1.0,tree_top,0.433333333333,0.0,1.0,3.0,tree_top
0.08,1,0.1,121,36,56,0.15,0.0,0.0,2.0,tree_top,0.157142857143,0.0,0.0,2.0,tree_top,0.0416666666667,0.0,0.0,1.0,tree_top,0.217391304348,0.0,0.0,2.0,tree_top
0.08,1,0.1,121,36,54,0.15,0.0,0.0,3.0,tree_top,0.171428571429,0.0,0.0,3.0,tree_top,0.0645161290323,0.0,0.0,1.0,tree_top,0.25641025641,0.0,0.4,3.0,tree_top
0.08,1,0.1,121,35,60,0.24,0.0,0.2,2.0,tree_top,0.314285714286,0.0,1.0,2.0,tree_top,0.114285714286,0.0,0.0,1.0,tree_top,0.514285714286,0.0,1.0,2.0,tree_top
0.08,1,0.1,121,35,58,0.18,0.0,0.0,2.0,tree_top,0.2,0.0,0.0,2.0,tree_top,0.119047619048,0.0,0.0,1.0,tree_top,0.321428571429,0.0,1.0,2.0,tree_top
0.08,1,0.1,121,35,56,0.19,0.0,0.0,2.0,tree_top,0.214285714286,0.0,0.2,2.0,tree_top,0.1,0.0,0.0,1.0,tree_top,0.366666666667,0.0,1.0,2.0,tree_top
0.08,1,0.1,121,35,54,0.32,0.0,0.2,7.0,tree_top,0.414285714286,0.0,1.0,7.0,tree_top,0.121212121212,0.0,0.0,1.0,tree_top,0.675675675676,0.0,1.0,7.0,tree_top
0.08,1,0.1,121,34,60,1.28,0.0,2.0,12.0,tree_top,1.74285714286,0.0,3.2,12.0,tree_top,0.0344827586207,0.0,0.0,1.0,tree_top,2.9512195122,2.0,5.0,12.0,tree_top
0.08,1,0.1,121,34,58,0.24,0.0,0.0,4.0,tree_top,0.3,0.0,0.2,4.0,tree_top,0.103448275862,0.0,0.0,1.0,tree_top,0.439024390244,0.0,1.0,4.0,tree_top
0.08,1,0.1,121,34,56,0.11,0.0,0.0,2.0,tree_top,0.142857142857,0.0,0.0,2.0,tree_top,0.0344827586207,0.0,0.0,1.0,tree_top,0.219512195122,0.0,0.0,2.0,tree_top
0.08,1,0.1,121,34,54,0.28,0.0,1.0,4.0,tree_top,0.328571428571,0.0,1.0,4.0,tree_top,0.139534883721,0.0,0.0,1.0,tree_top,0.62962962963,0.0,1.0,4.0,tree_top
0.08,1,0.1,120,36,60,0.13,0.0,0.0,3.0,tree_top,0.142857142857,0.0,0.0,3.0,tree_top,0.027027027027,0.0,0.0,1.0,tree_top,0.272727272727,0.0,0.0,3.0,tree_top
0.08,1,0.1,120,36,58,0.17,0.0,0.0,2.0,tree_top,0.185714285714,0.0,0.0,2.0,tree_top,0.228571428571,0.0,1.0,1.0,tree_top,0.142857142857,0.0,0.0,2.0,tree_top
0.08,1,0.1,120,36,56,0.19,0.0,0.0,2.0,tree_top,0.228571428571,0.0,0.2,2.0,tree_top,0.0588235294118,0.0,0.0,1.0,tree_top,0.388888888889,0.0,1.0,2.0,tree_top
0.08,1,0.1,120,36,54,0.21,0.0,0.0,4.0,tree_top,0.285714285714,0.0,1.0,4.0,tree_top,0.0714285714286,0.0,0.0,1.0,tree_top,0.428571428571,0.0,1.0,4.0,tree_top
0.08,1,0.1,120,35,60,0.3,0.0,1.0,4.0,tree_top,0.414285714286,0.0,1.0,4.0,tree_top,0.264705882353,0.0,1.0,1.0,tree_top,0.555555555556,0.0,1.0,4.0,tree_top
0.08,1,0.1,120,35,58,0.17,0.0,0.0,2.0,tree_top,0.214285714286,0.0,0.0,2.0,tree_top,0.0,0.0,0.0,0.0,tree_top,0.394736842105,0.0,1.0,2.0,tree_top
0.08,1,0.1,120,35,56,0.44,0.0,1.0,4.0,tree_top,0.585714285714,0.0,1.0,4.0,tree_top,0.314285714286,0.0,1.0,1.0,tree_top,0.857142857143,1.0,1.2,4.0,tree_top
0.08,1,0.1,120,35,54,0.14,0.0,0.0,2.0,tree_top,0.157142857143,0.0,0.0,2.0,tree_top,0.09375,0.0,0.0,1.0,tree_top,0.210526315789,0.0,0.0,2.0,tree_top
0.08,1,0.1,120,34,60,0.29,0.0,1.0,5.0,tree_top,0.371428571429,0.0,1.0,5.0,tree_top,0.348837209302,0.0,1.0,1.0,tree_top,0.407407407407,0.0,0.0,5.0,tree_top
0.08,1,0.1,120,34,58,0.08,0.0,0.0,1.0,tree_top,0.0571428571429,0.0,0.0,1.0,tree_top,0.0526315789474,0.0,0.0,1.0,tree_top,0.0625,0.0,0.0,1.0,tree_top
0.08,1,0.1,120,34,56,0.27,0.0,1.0,3.0,tree_top,0.314285714286,0.0,1.0,3.0,tree_top,0.0909090909091,0.0,0.0,1.0,tree_top,0.513513513514,0.0,1.0,3.0,tree_top
0.08,1,0.1,120,34,54,0.11,0.0,0.0,3.0,tree_top,0.114285714286,0.0,0.0,3.0,tree_top,0.025,0.0,0.0,1.0,tree_top,0.233333333333,0.0,0.0,3.0,tree_top
0.08,1,0.1,119,36,60,0.34,0.0,1.0,5.0,tree_top,0.414285714286,0.0,1.0,5.0,tree_top,0.225806451613,0.0,1.0,1.0,tree_top,0.564102564103,0.0,1.0,5.0,tree_top
0.08,1,0.1,119,36,58,0.92,0.0,1.0,28.0,tree_top,1.25714285714,0.0,2.0,28.0,tree_top,0.323529411765,0.0,1.0,2.0,tree_top,2.13888888889,1.0,3.0,28.0,tree_top
0.08,1,0.1,119,36,56,0.44,0.0,1.0,12.0,tree_top,0.585714285714,0.0,1.0,12.0,tree_top,0.137931034483,0.0,0.0,1.0,tree_top,0.90243902439,0.0,1.0,12.0,tree_top
0.08,1,0.1,119,36,54,0.2,0.0,0.0,3.0,tree_top,0.228571428571,0.0,0.0,3.0,tree_top,0.0588235294118,0.0,0.0,1.0,tree_top,0.388888888889,0.0,1.0,3.0,tree_top
0.08,1,0.1,119,35,60,0.14,0.0,0.0,2.0,tree_top,0.157142857143,0.0,0.0,2.0,tree_top,0.0606060606061,0.0,0.0,1.0,tree_top,0.243243243243,0.0,0.0,2.0,tree_top
0.08,1,0.1,119,35,58,0.13,0.0,0.0,2.0,tree_top,0.1,0.0,0.0,2.0,tree_top,0.0,0.0,0.0,0.0,tree_top,0.194444444444,0.0,0.0,2.0,tree_top
0.08,1,0.1,119,35,56,0.15,0.0,0.0,2.0,tree_top,0.2,0.0,0.0,2.0,tree_top,0.105263157895,0.0,0.0,1.0,tree_top,0.3125,0.0,0.8,2.0,tree_top
0.08,1,0.1,119,35,54,0.17,0.0,0.0,2.0,tree_top,0.228571428571,0.0,1.0,2.0,tree_top,0.181818181818,0.0,0.0,1.0,tree_top,0.307692307692,0.0,1.0,2.0,tree_top
0.08,1,0.1,119,34,60,0.16,0.0,0.0,3.0,tree_top,0.142857142857,0.0,0.0,3.0,tree_top,0.0,0.0,0.0,0.0,tree_top,0.333333333333,0.0,0.0,3.0,tree_top
0.08,1,0.1,119,34,58,0.1,0.0,0.0,2.0,tree_top,0.128571428571,0.0,0.0,2.0,tree_top,0.125,0.0,0.0,1.0,tree_top,0.133333333333,0.0,0.0,2.0,tree_top
0.08,1,0.1,119,34,56,0.38,0.0,1.0,5.0,tree_top,0.514285714286,0.0,1.0,5.0,tree_top,0.147058823529,0.0,0.0,1.0,tree_top,0.861111111111,0.0,1.0,5.0,tree_top
0.08,1,0.1,119,34,54,0.21,0.0,0.0,3.0,tree_top,0.2,0.0,0.0,3.0,tree_top,0.0487804878049,0.0,0.0,1.0,tree_top,0.413793103448,0.0,0.4,3.0,tree_top
0.08,1,0.05,121,36,60,0.28,0.0,1.0,2.0,tree_top,0.371428571429,0.0,1.0,2.0,tree_top,0.166666666667,0.0,0.0,2.0,tree_top,0.588235294118,0.0,1.0,2.0,tree_top
0.08,1,0.05,121,36,58,0.14,0.0,0.0,2.0,tree_top,0.171428571429,0.0,0.0,2.0,tree_top,0.0769230769231,0.0,0.0,1.0,tree_top,0.290322580645,0.0,1.0,2.0,tree_top
0.08,1,0.05,121,36,56,0.15,0.0,0.0,1.0,tree_top,0.171428571429,0.0,0.0,1.0,tree_top,0.170731707317,0.0,0.0,1.0,tree_top,0.172413793103,0.0,0.0,1.0,tree_top
0.08,1,0.05,121,36,54,0.38,0.0,1.0,10.0,tree_top,0.485714285714,0.0,1.0,10.0,tree_top,0.111111111111,0.0,0.0,2.0,tree_top,0.720930232558,0.0,1.0,10.0,tree_top
0.08,1,0.05,121,35,60,0.2,0.0,0.0,2.0,tree_top,0.242857142857,0.0,1.0,2.0,tree_top,0.166666666667,0.0,0.0,1.0,tree_top,0.3,0.0,1.0,2.0,tree_top
0.08,1,0.05,121,35,58,0.31,0.0,0.0,5.0,tree_top,0.428571428571,0.0,1.0,5.0,tree_top,0.0666666666667,0.0,0.0,1.0,tree_top,0.7,0.0,1.0,5.0,tree_top
0.08,1,0.05,121,35,56,0.21,0.0,0.0,4.0,tree_top,0.214285714286,0.0,0.0,4.0,tree_top,0.0645161290323,0.0,0.0,1.0,tree_top,0.333333333333,0.0,1.0,4.0,tree_top
0.08,1,0.05,121,35,54,0.2,0.0,0.0,3.0,tree_top,0.257142857143,0.0,1.0,3.0,tree_top,0.214285714286,0.0,0.8,1.0,tree_top,0.321428571429,0.0,1.0,3.0,tree_top
0.08,1,0.05,121,34,60,0.18,0.0,0.0,3.0,tree_top,0.171428571429,0.0,0.0,3.0,tree_top,0.1,0.0,0.0,1.0,tree_top,0.266666666667,0.0,0.2,3.0,tree_top
0.08,1,0.05,121,34,58,0.2,0.0,0.0,3.0,tree_top,0.242857142857,0.0,0.0,3.0,tree_top,0.0967741935484,0.0,0.0,1.0,tree_top,0.358974358974,0.0,1.0,3.0,tree_top
0.08,1,0.05,121,34,56,0.28,0.0,1.0,4.0,tree_top,0.342857142857,0.0,1.0,4.0,tree_top,0.162162162162,0.0,0.0,1.0,tree_top,0.545454545455,0.0,1.0,4.0,tree_top
0.08,1,0.05,121,34,54,0.45,0.0,0.2,7.0,tree_top,0.614285714286,0.0,1.0,7.0,tree_top,0.0294117647059,0.0,0.0,1.0,tree_top,1.16666666667,0.5,2.0,7.0,tree_top
0.08,1,0.05,120,36,60,0.29,0.0,1.0,2.0,tree_top,0.4,0.0,1.0,2.0,tree_top,0.515151515152,1.0,1.0,1.0,tree_top,0.297297297297,0.0,1.0,2.0,tree_top
0.08,1,0.05,120,36,58,0.1,0.0,0.0,2.0,tree_top,0.1,0.0,0.0,2.0,tree_top,0.0238095238095,0.0,0.0,1.0,tree_top,0.214285714286,0.0,0.0,2.0,tree_top
0.08,1,0.05,120,36,56,0.33,0.0,1.0,4.0,tree_top,0.357142857143,0.0,1.0,4.0,tree_top,0.147058823529,0.0,0.0,1.0,tree_top,0.555555555556,0.0,1.0,4.0,tree_top
0.08,1,0.05,120,36,54,0.82,0.0,1.0,8.0,tree_top,1.1,0.0,2.0,8.0,tree_top,0.515151515152,0.0,1.0,2.0,tree_top,1.62162162162,1.0,3.0,8.0,tree_top
0.08,1,0.05,120,35,60,0.12,0.0,0.0,2.0,tree_top,0.1,0.0,0.0,2.0,tree_top,0.0277777777778,0.0,0.0,1.0,tree_top,0.176470588235,0.0,0.0,2.0,tree_top
0.08,1,0.05,120,35,58,0.39,0.0,1.0,5.0,tree_top,0.471428571429,0.0,1.0,5.0,tree_top,0.125,0.0,0.0,2.0,tree_top,0.763157894737,0.0,1.0,5.0,tree_top
0.08,1,0.05,120,35,56,0.6,0.0,1.0,9.0,tree_top,0.814285714286,0.0,1.0,9.0,tree_top,0.0571428571429,0.0,0.0,1.0,tree_top,1.57142857143,1.0,2.2,9.0,tree_top
0.08,1,0.05,120,35,54,0.17,0.0,0.0,2.0,tree_top,0.2,0.0,0.0,2.0,tree_top,0.176470588235,0.0,0.0,1.0,tree_top,0.222222222222,0.0,0.0,2.0,tree_top
0.08,1,0.05,120,34,60,0.46,0.0,1.0,7.0,tree_top,0.614285714286,0.0,1.0,7.0,tree_top,0.130434782609,0.0,0.0,1.0,tree_top,1.54166666667,1.0,2.0,7.0,tree_top
0.08,1,0.05,120,34,58,0.25,0.0,1.0,2.0,tree_top,0.271428571429,0.0,1.0,2.0,tree_top,0.205128205128,0.0,0.4,1.0,tree_top,0.354838709677,0.0,1.0,2.0,tree_top
0.08,1,0.05,120,34,56,0.13,0.0,0.0,2.0,tree_top,0.128571428571,0.0,0.0,2.0,tree_top,0.0,0.0,0.0,0.0,tree_top,0.225,0.0,0.2,2.0,tree_top
0.08,1,0.05,120,34,54,0.06,0.0,0.0,2.0,tree_top,0.0571428571429,0.0,0.0,1.0,tree_top,0.0,0.0,0.0,0.0,tree_top,0.117647058824,0.0,0.0,1.0,tree_top
0.08,1,0.05,119,36,60,0.5,0.0,1.0,9.0,tree_top,0.671428571429,0.0,1.0,9.0,tree_top,0.04,0.0,0.0,1.0,tree_top,1.02222222222,1.0,2.0,9.0,tree_top
0.08,1,0.05,119,36,58,0.31,0.0,1.0,4.0,tree_top,0.371428571429,0.0,1.0,4.0,tree_top,0.125,0.0,0.0,1.0,tree_top,0.578947368421,0.0,1.0,4.0,tree_top
0.08,1,0.05,119,36,56,0.14,0.0,0.0,3.0,tree_top,0.0571428571429,0.0,0.0,1.0,tree_top,0.0,0.0,0.0,0.0,tree_top,0.125,0.0,0.0,1.0,tree_top
0.08,1,0.05,119,36,54,0.12,0.0,0.0,1.0,tree_top,0.142857142857,0.0,0.0,1.0,tree_top,0.05,0.0,0.0,1.0,tree_top,0.266666666667,0.0,1.0,1.0,tree_top
0.08,1,0.05,119,35,60,0.53,0.0,1.0,8.0,tree_top,0.685714285714,0.0,1.0,8.0,tree_top,0.103448275862,0.0,0.0,1.0,tree_top,1.09756097561,1.0,2.0,8.0,tree_top
0.08,1,0.05,119,35,58,0.28,0.0,0.0,4.0,tree_top,0.357142857143,0.0,1.0,4.0,tree_top,0.0588235294118,0.0,0.0,1.0,tree_top,0.638888888889,0.0,1.0,4.0,tree_top
0.08,1,0.05,119,35,56,0.21,0.0,0.0,4.0,tree_top,0.285714285714,0.0,0.0,4.0,tree_top,0.0606060606061,0.0,0.0,1.0,tree_top,0.486486486486,0.0,1.0,4.0,tree_top
0.08,1,0.05,119,35,54,0.18,0.0,0.0,3.0,tree_top,0.171428571429,0.0,0.0,3.0,tree_top,0.0294117647059,0.0,0.0,1.0,tree_top,0.305555555556,0.0,0.0,3.0,tree_top
0.08,1,0.05,119,34,60,0.25,0.0,0.2,2.0,tree_top,0.228571428571,0.0,0.0,2.0,tree_top,0.0,0.0,0.0,0.0,tree_top,0.380952380952,0.0,1.0,2.0,tree_top
0.08,1,0.05,119,34,58,0.22,0.0,0.0,4.0,tree_top,0.3,0.0,1.0,4.0,tree_top,0.189189189189,0.0,0.0,1.0,tree_top,0.424242424242,0.0,1.0,4.0,tree_top
0.08,1,0.05,119,34,56,0.14,0.0,0.0,3.0,tree_top,0.1,0.0,0.0,2.0,tree_top,0.0714285714286,0.0,0.0,1.0,tree_top,0.119047619048,0.0,0.0,2.0,tree_top
0.08,1,0.05,119,34,54,0.2,0.0,0.0,3.0,tree_top,0.271428571429,0.0,1.0,3.0,tree_top,0.114285714286,0.0,0.0,1.0,tree_top,0.428571428571,0.0,1.0,3.0,tree_top
0.08,1,0.01,121,36,60,0.16,0.0,0.0,1.0,tree_top,0.142857142857,0.0,0.0,1.0,tree_top,0.181818181818,0.0,0.0,1.0,tree_top,0.108108108108,0.0,0.0,1.0,tree_top
0.08,1,0.01,121,36,58,0.05,0.0,0.0,1.0,tree_top,0.0285714285714,0.0,0.0,1.0,tree_top,0.0,0.0,0.0,0.0,tree_top,0.0588235294118,0.0,0.0,1.0,tree_top
0.08,1,0.01,121,36,56,0.3,0.0,0.0,5.0,tree_top,0.4,0.0,1.0,5.0,tree_top,0.0833333333333,0.0,0.0,1.0,tree_top,0.735294117647,0.0,1.0,5.0,tree_top
0.08,1,0.01,121,36,54,0.11,0.0,0.0,2.0,tree_top,0.128571428571,0.0,0.0,2.0,tree_top,0.105263157895,0.0,0.0,1.0,tree_top,0.15625,0.0,0.0,2.0,tree_top
0.08,1,0.01,121,35,60,1.15,0.0,1.0,33.0,tree_top,1.62857142857,0.0,1.0,33.0,tree_top,0.1875,0.0,0.0,2.0,tree_top,2.84210526316,0.0,3.2,33.0,tree_top
0.08,1,0.01,121,35,58,0.16,0.0,0.0,3.0,tree_top,0.185714285714,0.0,0.0,3.0,tree_top,0.105263157895,0.0,0.0,1.0,tree_top,0.28125,0.0,0.0,3.0,tree_top
0.08,1,0.01,121,35,56,0.17,0.0,0.0,1.0,tree_top,0.171428571429,0.0,0.0,1.0,tree_top,0.170731707317,0.0,0.0,1.0,tree_top,0.172413793103,0.0,0.0,1.0,tree_top
0.08,1,0.01,121,35,54,0.15,0.0,0.0,1.0,tree_top,0.157142857143,0.0,0.0,1.0,tree_top,0.142857142857,0.0,0.0,1.0,tree_top,0.171428571429,0.0,0.0,1.0,tree_top
0.08,1,0.01,121,34,60,0.44,0.0,1.0,11.0,tree_top,0.571428571429,0.0,1.0,11.0,tree_top,0.0277777777778,0.0,0.0,1.0,tree_top,1.14705882353,1.0,1.4,11.0,tree_top
0.08,1,0.01,121,34,58,0.56,0.0,1.0,13.0,tree_top,0.771428571429,0.0,1.0,13.0,tree_top,0.125,0.0,0.0,1.0,tree_top,1.31578947368,0.0,1.6,13.0,tree_top
0.08,1,0.01,121,34,56,0.28,0.0,0.0,3.0,tree_top,0.328571428571,0.0,0.2,3.0,tree_top,0.103448275862,0.0,0.0,1.0,tree_top,0.487804878049,0.0,1.0,3.0,tree_top
0.08,1,0.01,121,34,54,0.2,0.0,0.0,2.0,tree_top,0.185714285714,0.0,0.0,2.0,tree_top,0.0,0.0,0.0,0.0,tree_top,0.333333333333,0.0,1.0,2.0,tree_top
0.08,1,0.01,120,36,60,0.29,0.0,1.0,3.0,tree_top,0.357142857143,0.0,1.0,3.0,tree_top,0.212121212121,0.0,0.6,1.0,tree_top,0.486486486486,0.0,1.0,3.0,tree_top
0.08,1,0.01,120,36,58,0.12,0.0,0.0,2.0,tree_top,0.128571428571,0.0,0.0,2.0,tree_top,0.0588235294118,0.0,0.0,1.0,tree_top,0.194444444444,0.0,0.0,2.0,tree_top
0.08,1,0.01,120,36,56,0.22,0.0,0.0,4.0,tree_top,0.3,0.0,1.0,4.0,tree_top,0.0588235294118,0.0,0.0,1.0,tree_top,0.527777777778,0.0,1.0,4.0,tree_top
0.08,1,0.01,120,36,54,0.34,0.0,1.0,4.0,tree_top,0.442857142857,0.0,1.0,4.0,tree_top,0.193548387097,0.0,0.0,1.0,tree_top,0.641025641026,0.0,1.0,4.0,tree_top
0.08,1,0.01,120,35,60,0.19,0.0,0.0,4.0,tree_top,0.242857142857,0.0,0.0,4.0,tree_top,0.0285714285714,0.0,0.0,1.0,tree_top,0.457142857143,0.0,1.0,4.0,tree_top
0.08,1,0.01,120,35,58,0.18,0.0,0.0,3.0,tree_top,0.2,0.0,0.0,3.0,tree_top,0.0344827586207,0.0,0.0,1.0,tree_top,0.317073170732,0.0,0.0,3.0,tree_top
0.08,1,0.01,120,35,56,0.2,0.0,0.0,2.0,tree_top,0.228571428571,0.0,0.0,2.0,tree_top,0.0294117647059,0.0,0.0,1.0,tree_top,0.416666666667,0.0,1.0,2.0,tree_top
0.08,1,0.01,120,35,54,0.12,0.0,0.0,2.0,tree_top,0.128571428571,0.0,0.0,2.0,tree_top,0.03125,0.0,0.0,1.0,tree_top,0.210526315789,0.0,0.0,2.0,tree_top
0.08,1,0.01,120,34,60,0.19,0.0,0.0,3.0,tree_top,0.271428571429,0.0,1.0,3.0,tree_top,0.146341463415,0.0,0.0,1.0,tree_top,0.448275862069,0.0,1.0,3.0,tree_top
0.08,1,0.01,120,34,58,0.35,0.0,0.0,5.0,tree_top,0.457142857143,0.0,1.0,5.0,tree_top,0.142857142857,0.0,0.0,1.0,tree_top,0.666666666667,0.0,1.0,5.0,tree_top
0.08,1,0.01,120,34,56,0.13,0.0,0.0,2.0,tree_top,0.128571428571,0.0,0.0,2.0,tree_top,0.0681818181818,0.0,0.0,1.0,tree_top,0.230769230769,0.0,0.0,2.0,tree_top
0.08,1,0.01,120,34,54,0.12,0.0,0.0,2.0,tree_top,0.0714285714286,0.0,0.0,2.0,tree_top,0.0227272727273,0.0,0.0,1.0,tree_top,0.153846153846,0.0,0.0,2.0,tree_top
0.08,1,0.01,119,36,60,0.15,0.0,0.0,2.0,tree_top,0.185714285714,0.0,0.0,2.0,tree_top,0.0,0.0,0.0,0.0,tree_top,0.361111111111,0.0,1.0,2.0,tree_top
0.08,1,0.01,119,36,58,0.16,0.0,0.0,2.0,tree_top,0.2,0.0,0.0,2.0,tree_top,0.0833333333333,0.0,0.0,1.0,tree_top,0.323529411765,0.0,1.0,2.0,tree_top
0.08,1,0.01,119,36,56,0.19,0.0,0.0,3.0,tree_top,0.171428571429,0.0,0.0,3.0,tree_top,0.0540540540541,0.0,0.0,1.0,tree_top,0.30303030303,0.0,0.0,3.0,tree_top
0.08,1,0.01,119,36,54,0.24,0.0,0.0,3.0,tree_top,0.257142857143,0.0,0.0,3.0,tree_top,0.114285714286,0.0,0.0,1.0,tree_top,0.4,0.0,1.0,3.0,tree_top
0.08,1,0.01,119,35,60,0.05,0.0,0.0,2.0,tree_top,0.0285714285714,0.0,0.0,1.0,tree_top,0.0,0.0,0.0,0.0,tree_top,0.0740740740741,0.0,0.0,1.0,tree_top
0.08,1,0.01,119,35,58,0.25,0.0,0.0,3.0,tree_top,0.342857142857,0.0,1.0,3.0,tree_top,0.0294117647059,0.0,0.0,1.0,tree_top,0.638888888889,0.0,1.0,3.0,tree_top
0.08,1,0.01,119,35,56,0.28,0.0,0.0,9.0,tree_top,0.357142857143,0.0,0.0,9.0,tree_top,0.0243902439024,0.0,0.0,1.0,tree_top,0.827586206897,0.0,1.0,9.0,tree_top
0.08,1,0.01,119,35,54,0.26,0.0,0.0,5.0,tree_top,0.3,0.0,0.0,5.0,tree_top,0.0294117647059,0.0,0.0,1.0,tree_top,0.555555555556,0.0,1.0,5.0,tree_top
0.08,1,0.01,119,34,60,0.1,0.0,0.0,2.0,tree_top,0.0857142857143,0.0,0.0,2.0,tree_top,0.0,0.0,0.0,0.0,tree_top,0.176470588235,0.0,0.0,2.0,tree_top
0.08,1,0.01,119,34,58,0.24,0.0,0.0,4.0,tree_top,0.285714285714,0.0,1.0,4.0,tree_top,0.212121212121,0.0,0.6,1.0,tree_top,0.351351351351,0.0,1.0,4.0,tree_top
0.08,1,0.01,119,34,56,0.79,0.0,1.0,12.0,tree_top,1.04285714286,0.0,1.0,12.0,tree_top,0.0,0.0,0.0,0.0,tree_top,2.02777777778,1.0,3.0,12.0,tree_top
0.08,1,0.01,119,34,54,0.26,0.0,0.2,4.0,tree_top,0.285714285714,0.0,0.2,4.0,tree_top,0.0294117647059,0.0,0.0,1.0,tree_top,0.527777777778,0.0,1.0,4.0,tree_top
0.05,1,0.1,121,36,60,0.38,0.0,1.0,7.0,tree_top,0.457142857143,0.0,1.0,7.0,tree_top,0.0789473684211,0.0,0.0,2.0,tree_top,0.90625,0.0,2.0,7.0,tree_top
0.05,1,0.1,121,36,58,1.14,0.0,1.2,12.0,tree_top,1.51428571429,1.0,2.0,12.0,tree_top,0.405405405405,0.0,1.0,1.0,tree_top,2.75757575758,2.0,4.6,12.0,tree_top
0.05,1,0.1,121,36,56,0.5,0.0,1.0,8.0,tree_top,0.671428571429,0.0,1.0,8.0,tree_top,0.193548387097,0.0,0.0,1.0,tree_top,1.05128205128,0.0,2.0,8.0,tree_top
0.05,1,0.1,121,36,54,0.29,0.0,0.2,4.0,tree_top,0.385714285714,0.0,1.0,4.0,tree_top,0.111111111111,0.0,0.0,1.0,tree_top,0.676470588235,0.0,1.0,4.0,tree_top
0.05,1,0.1,121,35,60,0.14,0.0,0.0,1.0,tree_top,0.142857142857,0.0,0.0,1.0,tree_top,0.128205128205,0.0,0.0,1.0,tree_top,0.161290322581,0.0,0.0,1.0,tree_top
0.05,1,0.1,121,35,58,0.53,0.0,1.0,8.0,tree_top,0.757142857143,0.0,1.0,8.0,tree_top,0.03125,0.0,0.0,1.0,tree_top,1.36842105263,1.0,2.0,8.0,tree_top
0.05,1,0.1,121,35,56,0.19,0.0,0.0,4.0,tree_top,0.228571428571,0.0,0.0,4.0,tree_top,0.047619047619,0.0,0.0,1.0,tree_top,0.5,0.0,1.0,4.0,tree_top
0.05,1,0.1,121,35,54,0.22,0.0,0.0,3.0,tree_top,0.285714285714,0.0,1.0,3.0,tree_top,0.05,0.0,0.0,1.0,tree_top,0.6,0.0,1.0,3.0,tree_top
0.05,1,0.1,121,34,60,0.62,0.0,1.0,7.0,tree_top,0.842857142857,0.0,1.0,7.0,tree_top,0.189189189189,0.0,0.0,2.0,tree_top,1.57575757576,1.0,2.6,7.0,tree_top
0.05,1,0.1,121,34,58,0.26,0.0,0.0,5.0,tree_top,0.3,0.0,0.0,5.0,tree_top,0.0333333333333,0.0,0.0,1.0,tree_top,0.5,0.0,1.0,5.0,tree_top
0.05,1,0.1,121,34,56,0.34,0.0,1.0,7.0,tree_top,0.4,0.0,1.0,7.0,tree_top,0.142857142857,0.0,0.0,1.0,tree_top,0.785714285714,0.0,1.0,7.0,tree_top
0.05,1,0.1,121,34,54,0.15,0.0,0.0,1.0,tree_top,0.157142857143,0.0,0.0,1.0,tree_top,0.1,0.0,0.0,1.0,tree_top,0.233333333333,0.0,1.0,1.0,tree_top
0.05,1,0.1,120,36,60,0.08,0.0,0.0,2.0,tree_top,0.0857142857143,0.0,0.0,2.0,tree_top,0.0,0.0,0.0,0.0,tree_top,0.15,0.0,0.0,2.0,tree_top
0.05,1,0.1,120,36,58,0.26,0.0,0.0,4.0,tree_top,0.357142857143,0.0,1.0,4.0,tree_top,0.212121212121,0.0,0.6,1.0,tree_top,0.486486486486,0.0,1.0,4.0,tree_top
0.05,1,0.1,120,36,56,0.57,0.0,1.0,8.0,tree_top,0.771428571429,0.0,1.0,8.0,tree_top,0.0769230769231,0.0,0.0,1.0,tree_top,1.64516129032,1.0,3.0,8.0,tree_top
0.05,1,0.1,120,36,54,0.52,0.0,0.2,10.0,tree_top,0.7,0.0,1.0,10.0,tree_top,0.03125,0.0,0.0,1.0,tree_top,1.26315789474,0.0,1.0,10.0,tree_top
0.05,1,0.1,120,35,60,0.38,0.0,0.2,7.0,tree_top,0.485714285714,0.0,1.0,7.0,tree_top,0.146341463415,0.0,0.0,1.0,tree_top,0.965517241379,0.0,2.0,7.0,tree_top
0.05,1,0.1,120,35,58,0.14,0.0,0.0,3.0,tree_top,0.157142857143,0.0,0.0,3.0,tree_top,0.0526315789474,0.0,0.0,1.0,tree_top,0.28125,0.0,0.0,3.0,tree_top
0.05,1,0.1,120,35,56,0.18,0.0,0.0,4.0,tree_top,0.257142857143,0.0,0.0,4.0,tree_top,0.1,0.0,0.0,1.0,tree_top,0.466666666667,0.0,1.0,4.0,tree_top
0.05,1,0.1,120,35,54,0.16,0.0,0.0,2.0,tree_top,0.214285714286,0.0,0.0,2.0,tree_top,0.235294117647,0.0,0.4,2.0,tree_top,0.194444444444,0.0,0.0,2.0,tree_top
0.05,1,0.1,120,34,60,0.45,0.0,1.0,7.0,tree_top,0.542857142857,0.0,1.0,7.0,tree_top,0.0857142857143,0.0,0.0,1.0,tree_top,1.0,0.0,2.0,7.0,tree_top
0.05,1,0.1,120,34,58,0.3,0.0,1.0,3.0,tree_top,0.357142857143,0.0,1.0,3.0,tree_top,0.25,0.0,1.0,1.0,tree_top,0.5,0.0,1.0,3.0,tree_top
0.05,1,0.1,120,34,56,0.15,0.0,0.0,2.0,tree_top,0.2,0.0,0.0,2.0,tree_top,0.166666666667,0.0,0.0,1.0,tree_top,0.225,0.0,0.2,2.0,tree_top
0.05,1,0.1,120,34,54,0.17,0.0,0.0,2.0,tree_top,0.157142857143,0.0,0.0,2.0,tree_top,0.027027027027,0.0,0.0,1.0,tree_top,0.30303030303,0.0,1.0,2.0,tree_top
0.05,1,0.1,119,36,60,0.66,0.0,1.0,6.0,tree_top,0.885714285714,0.0,1.2,6.0,tree_top,0.290322580645,0.0,1.0,1.0,tree_top,1.35897435897,1.0,2.0,6.0,tree_top
0.05,1,0.1,119,36,58,0.24,0.0,0.0,3.0,tree_top,0.3,0.0,1.0,2.0,tree_top,0.121951219512,0.0,0.0,1.0,tree_top,0.551724137931,0.0,1.0,2.0,tree_top
0.05,1,0.1,119,36,56,0.98,0.0,1.0,14.0,tree_top,1.2,0.0,2.0,14.0,tree_top,0.0,0.0,0.0,0.0,tree_top,2.8,1.5,4.0,14.0,tree_top
0.05,1,0.1,119,36,54,0.19,0.0,0.0,3.0,tree_top,0.242857142857,0.0,0.0,3.0,tree_top,0.0526315789474,0.0,0.0,1.0,tree_top,0.46875,0.0,1.0,3.0,tree_top
0.05,1,0.1,119,35,60,0.19,0.0,0.0,2.0,tree_top,0.185714285714,0.0,0.0,2.0,tree_top,0.0571428571429,0.0,0.0,1.0,tree_top,0.314285714286,0.0,1.0,2.0,tree_top
0.05,1,0.1,119,35,58,0.24,0.0,1.0,2.0,tree_top,0.285714285714,0.0,1.0,2.0,tree_top,0.219512195122,0.0,1.0,1.0,tree_top,0.379310344828,0.0,1.0,2.0,tree_top
0.05,1,0.1,119,35,56,0.35,0.0,1.0,3.0,tree_top,0.442857142857,0.0,1.0,3.0,tree_top,0.189189189189,0.0,0.0,2.0,tree_top,0.727272727273,1.0,1.0,3.0,tree_top
0.05,1,0.1,119,35,54,0.19,0.0,0.0,5.0,tree_top,0.242857142857,0.0,0.0,5.0,tree_top,0.0,0.0,0.0,0.0,tree_top,0.435897435897,0.0,1.0,5.0,tree_top
0.05,1,0.1,119,34,60,0.2,0.0,0.0,2.0,tree_top,0.2,0.0,0.0,2.0,tree_top,0.027027027027,0.0,0.0,1.0,tree_top,0.393939393939,0.0,1.0,2.0,tree_top
0.05,1,0.1,119,34,58,0.12,0.0,0.0,2.0,tree_top,0.157142857143,0.0,0.0,2.0,tree_top,0.0909090909091,0.0,0.0,1.0,tree_top,0.216216216216,0.0,0.0,2.0,tree_top
0.05,1,0.1,119,34,56,0.16,0.0,0.0,4.0,tree_top,0.114285714286,0.0,0.0,2.0,tree_top,0.0,0.0,0.0,0.0,tree_top,0.205128205128,0.0,0.0,2.0,tree_top
0.05,1,0.1,119,34,54,0.23,0.0,0.0,3.0,tree_top,0.257142857143,0.0,0.0,3.0,tree_top,0.0588235294118,0.0,0.0,1.0,tree_top,0.444444444444,0.0,1.0,3.0,tree_top
0.05,1,0.05,121,36,60,0.22,0.0,0.0,3.0,tree_top,0.271428571429,0.0,1.0,3.0,tree_top,0.15625,0.0,0.0,1.0,tree_top,0.368421052632,0.0,1.0,3.0,tree_top
0.05,1,0.05,121,36,58,0.11,0.0,0.0,2.0,tree_top,0.0857142857143,0.0,0.0,2.0,tree_top,0.0,0.0,0.0,0.0,tree_top,0.166666666667,0.0,0.0,2.0,tree_top
0.05,1,0.05,121,36,56,0.12,0.0,0.0,3.0,tree_top,0.157142857143,0.0,0.0,3.0,tree_top,0.117647058824,0.0,0.0,1.0,tree_top,0.194444444444,0.0,0.0,3.0,tree_top
0.05,1,0.05,121,36,54,0.16,0.0,0.0,2.0,tree_top,0.228571428571,0.0,0.0,2.0,tree_top,0.0285714285714,0.0,0.0,1.0,tree_top,0.428571428571,0.0,1.0,2.0,tree_top
0.05,1,0.05,121,35,60,1.18,0.0,1.0,20.0,tree_top,1.58571428571,0.0,2.2,20.0,tree_top,0.171428571429,0.0,0.0,1.0,tree_top,3.0,1.0,6.2,20.0,tree_top
0.05,1,0.05,121,35,58,0.27,0.0,0.2,3.0,tree_top,0.328571428571,0.0,1.0,3.0,tree_top,0.181818181818,0.0,0.0,1.0,tree_top,0.459459459459,0.0,1.0,3.0,tree_top
0.05,1,0.05,121,35,56,0.17,0.0,0.0,2.0,tree_top,0.185714285714,0.0,0.0,1.0,tree_top,0.0666666666667,0.0,0.0,1.0,tree_top,0.275,0.0,1.0,1.0,tree_top
0.05,1,0.05,121,35,54,0.12,0.0,0.0,2.0,tree_top,0.171428571429,0.0,0.0,2.0,tree_top,0.121212121212,0.0,0.0,1.0,tree_top,0.216216216216,0.0,0.0,2.0,tree_top
0.05,1,0.05,121,34,60,0.28,0.0,0.0,4.0,tree_top,0.3,0.0,0.0,4.0,tree_top,0.027027027027,0.0,0.0,1.0,tree_top,0.606060606061,0.0,1.0,4.0,tree_top
0.05,1,0.05,121,34,58,0.96,0.0,2.0,16.0,tree_top,1.28571428571,0.0,2.0,16.0,tree_top,0.0666666666667,0.0,0.0,1.0,tree_top,2.2,2.0,3.2,16.0,tree_top
0.05,1,0.05,121,34,56,0.28,0.0,0.0,4.0,tree_top,0.371428571429,0.0,1.0,4.0,tree_top,0.0666666666667,0.0,0.0,1.0,tree_top,0.6,0.0,1.0,4.0,tree_top
0.05,1,0.05,121,34,54,0.29,0.0,0.0,13.0,tree_top,0.342857142857,0.0,0.0,13.0,tree_top,0.0487804878049,0.0,0.0,1.0,tree_top,0.758620689655,0.0,0.4,13.0,tree_top
0.05,1,0.05,120,36,60,0.17,0.0,0.0,2.0,tree_top,0.157142857143,0.0,0.0,2.0,tree_top,0.0487804878049,0.0,0.0,1.0,tree_top,0.310344827586,0.0,1.0,2.0,tree_top
0.05,1,0.05,120,36,58,0.44,0.0,1.0,5.0,tree_top,0.571428571429,0.0,1.0,5.0,tree_top,0.125,0.0,0.0,1.0,tree_top,0.947368421053,0.5,2.0,5.0,tree_top
0.05,1,0.05,120,36,56,0.13,0.0,0.0,4.0,tree_top,0.171428571429,0.0,0.0,4.0,tree_top,0.0263157894737,0.0,0.0,1.0,tree_top,0.34375,0.0,0.8,4.0,tree_top
0.05,1,0.05,120,36,54,0.4,0.0,1.0,6.0,tree_top,0.428571428571,0.0,1.0,6.0,tree_top,0.176470588235,0.0,0.0,1.0,tree_top,0.666666666667,0.0,1.0,6.0,tree_top
0.05,1,0.05,120,35,60,0.42,0.0,0.0,8.0,tree_top,0.557142857143,0.0,1.0,8.0,tree_top,0.114285714286,0.0,0.0,1.0,tree_top,1.0,0.0,1.2,8.0,tree_top
0.05,1,0.05,120,35,58,0.4,0.0,0.0,5.0,tree_top,0.514285714286,0.0,1.0,5.0,tree_top,0.0689655172414,0.0,0.0,1.0,tree_top,0.829268292683,0.0,2.0,5.0,tree_top
0.05,1,0.05,120,35,56,0.26,0.0,0.0,4.0,tree_top,0.342857142857,0.0,1.0,4.0,tree_top,0.030303030303,0.0,0.0,1.0,tree_top,0.621621621622,0.0,1.0,4.0,tree_top
0.05,1,0.05,120,35,54,0.12,0.0,0.0,2.0,tree_top,0.157142857143,0.0,0.0,2.0,tree_top,0.0344827586207,0.0,0.0,1.0,tree_top,0.243902439024,0.0,0.0,2.0,tree_top
0.05,1,0.05,120,34,60,0.09,0.0,0.0,2.0,tree_top,0.0857142857143,0.0,0.0,1.0,tree_top,0.0,0.0,0.0,0.0,tree_top,0.162162162162,0.0,0.0,1.0,tree_top
0.05,1,0.05,120,34,58,0.15,0.0,0.0,2.0,tree_top,0.157142857143,0.0,0.0,2.0,tree_top,0.0357142857143,0.0,0.0,1.0,tree_top,0.238095238095,0.0,0.8,2.0,tree_top
0.05,1,0.05,120,34,56,0.31,0.0,1.0,4.0,tree_top,0.342857142857,0.0,0.2,4.0,tree_top,0.0967741935484,0.0,0.0,1.0,tree_top,0.538461538462,0.0,1.0,4.0,tree_top
0.05,1,0.05,120,34,54,0.17,0.0,0.0,4.0,tree_top,0.214285714286,0.0,0.0,4.0,tree_top,0.114285714286,0.0,0.0,1.0,tree_top,0.314285714286,0.0,0.0,4.0,tree_top
0.05,1,0.05,119,36,60,0.12,0.0,0.0,2.0,tree_top,0.142857142857,0.0,0.0,2.0,tree_top,0.0882352941176,0.0,0.0,1.0,tree_top,0.194444444444,0.0,0.0,2.0,tree_top
0.05,1,0.05,119,36,58,1.05,0.0,1.0,21.0,tree_top,1.48571428571,0.0,1.0,21.0,tree_top,0.0789473684211,0.0,0.0,1.0,tree_top,3.15625,1.0,4.6,21.0,tree_top
0.05,1,0.05,119,36,56,0.68,0.0,1.0,10.0,tree_top,0.928571428571,0.0,1.0,10.0,tree_top,0.0540540540541,0.0,0.0,1.0,tree_top,1.90909090909,1.0,3.6,10.0,tree_top
0.05,1,0.05,119,36,54,0.15,0.0,0.0,2.0,tree_top,0.2,0.0,0.0,2.0,tree_top,0.0571428571429,0.0,0.0,1.0,tree_top,0.342857142857,0.0,1.0,2.0,tree_top
0.05,1,0.05,119,35,60,0.25,0.0,0.2,2.0,tree_top,0.271428571429,0.0,0.2,2.0,tree_top,0.0,0.0,0.0,0.0,tree_top,0.475,0.0,1.0,2.0,tree_top
0.05,1,0.05,119,35,58,0.35,0.0,1.0,3.0,tree_top,0.457142857143,0.0,1.0,3.0,tree_top,0.162162162162,0.0,0.0,1.0,tree_top,0.787878787879,1.0,1.0,3.0,tree_top
0.05,1,0.05,119,35,56,0.59,0.0,1.0,7.0,tree_top,0.785714285714,0.0,1.0,7.0,tree_top,0.0333333333333,0.0,0.0,1.0,tree_top,1.35,1.0,2.0,7.0,tree_top
0.05,1,0.05,119,35,54,0.08,0.0,0.0,1.0,tree_top,0.0857142857143,0.0,0.0,1.0,tree_top,0.0571428571429,0.0,0.0,1.0,tree_top,0.114285714286,0.0,0.0,1.0,tree_top
0.05,1,0.05,119,34,60,0.16,0.0,0.0,3.0,tree_top,0.114285714286,0.0,0.0,2.0,tree_top,0.027027027027,0.0,0.0,1.0,tree_top,0.212121212121,0.0,0.0,2.0,tree_top
0.05,1,0.05,119,34,58,0.2,0.0,0.0,2.0,tree_top,0.257142857143,0.0,1.0,2.0,tree_top,0.0606060606061,0.0,0.0,1.0,tree_top,0.432432432432,0.0,1.0,2.0,tree_top
0.05,1,0.05,119,34,56,0.81,0.0,1.0,9.0,tree_top,1.11428571429,0.0,1.2,9.0,tree_top,0.384615384615,0.0,1.0,2.0,tree_top,2.03225806452,1.0,3.0,9.0,tree_top
0.05,1,0.05,119,34,54,0.12,0.0,0.0,2.0,tree_top,0.114285714286,0.0,0.0,1.0,tree_top,0.09375,0.0,0.0,1.0,tree_top,0.131578947368,0.0,0.0,1.0,tree_top
0.05,1,0.01,121,36,60,0.25,0.0,0.0,4.0,tree_top,0.271428571429,0.0,0.2,4.0,tree_top,0.193548387097,0.0,0.0,1.0,tree_top,0.333333333333,0.0,0.4,4.0,tree_top
0.05,1,0.01,121,36,58,0.33,0.0,1.0,3.0,tree_top,0.428571428571,0.0,1.0,3.0,tree_top,0.1,0.0,0.0,1.0,tree_top,0.675,0.0,1.2,3.0,tree_top
0.05,1,0.01,121,36,56,0.33,0.0,1.0,4.0,tree_top,0.442857142857,0.0,1.0,4.0,tree_top,0.235294117647,0.0,1.0,1.0,tree_top,0.638888888889,0.0,1.0,4.0,tree_top
0.05,1,0.01,121,36,54,0.25,0.0,0.2,2.0,tree_top,0.3,0.0,1.0,2.0,tree_top,0.25,0.0,1.0,1.0,tree_top,0.352941176471,0.0,0.4,2.0,tree_top
0.05,1,0.01,121,35,60,0.13,0.0,0.0,2.0,tree_top,0.171428571429,0.0,0.0,2.0,tree_top,0.0882352941176,0.0,0.0,1.0,tree_top,0.25,0.0,0.0,2.0,tree_top
0.05,1,0.01,121,35,58,0.15,0.0,0.0,2.0,tree_top,0.2,0.0,0.0,2.0,tree_top,0.19512195122,0.0,0.0,2.0,tree_top,0.206896551724,0.0,0.0,2.0,tree_top
0.05,1,0.01,121,35,56,11.42,0.0,2.0,320.0,tree_top,16.2571428571,0.0,6.2,320.0,tree_top,0.0,0.0,0.0,0.0,tree_top,32.5142857143,3.0,34.8,320.0,tree_top
0.05,1,0.01,121,35,54,0.24,0.0,0.0,4.0,tree_top,0.3,0.0,0.2,4.0,tree_top,0.0571428571429,0.0,0.0,1.0,tree_top,0.542857142857,0.0,1.0,4.0,tree_top
0.05,1,0.01,121,34,60,0.25,0.0,1.0,4.0,tree_top,0.342857142857,0.0,1.0,4.0,tree_top,0.344827586207,0.0,1.0,2.0,tree_top,0.341463414634,0.0,1.0,4.0,tree_top
0.05,1,0.01,121,34,58,0.32,0.0,1.0,7.0,tree_top,0.428571428571,0.0,1.0,7.0,tree_top,0.111111111111,0.0,0.0,1.0,tree_top,0.764705882353,0.0,1.0,7.0,tree_top
0.05,1,0.01,121,34,56,0.15,0.0,0.0,2.0,tree_top,0.171428571429,0.0,0.0,2.0,tree_top,0.0789473684211,0.0,0.0,1.0,tree_top,0.28125,0.0,1.0,2.0,tree_top
0.05,1,0.01,121,34,54,0.26,0.0,1.0,2.0,tree_top,0.3,0.0,1.0,2.0,tree_top,0.05,0.0,0.0,1.0,tree_top,0.633333333333,0.5,1.0,2.0,tree_top
0.05,1,0.01,120,36,60,0.11,0.0,0.0,3.0,tree_top,0.114285714286,0.0,0.0,3.0,tree_top,0.0263157894737,0.0,0.0,1.0,tree_top,0.21875,0.0,0.0,3.0,tree_top
0.05,1,0.01,120,36,58,0.18,0.0,0.0,2.0,tree_top,0.2,0.0,0.0,2.0,tree_top,0.0571428571429,0.0,0.0,1.0,tree_top,0.342857142857,0.0,1.0,2.0,tree_top
0.05,1,0.01,120,36,56,0.36,0.0,1.0,6.0,tree_top,0.485714285714,0.0,1.0,6.0,tree_top,0.0357142857143,0.0,0.0,1.0,tree_top,0.785714285714,0.0,1.0,6.0,tree_top
0.05,1,0.01,120,36,54,0.27,0.0,1.0,2.0,tree_top,0.328571428571,0.0,1.0,2.0,tree_top,0.4,0.0,1.0,2.0,tree_top,0.233333333333,0.0,0.2,2.0,tree_top
0.05,1,0.01,120,35,60,0.15,0.0,0.0,2.0,tree_top,0.142857142857,0.0,0.0,2.0,tree_top,0.0344827586207,0.0,0.0,1.0,tree_top,0.219512195122,0.0,0.0,2.0,tree_top
0.05,1,0.01,120,35,58,0.42,0.0,0.0,7.0,tree_top,0.6,0.0,1.0,7.0,tree_top,0.0,0.0,0.0,0.0,tree_top,1.3125,1.0,2.0,7.0,tree_top
0.05,1,0.01,120,35,56,0.57,0.0,1.0,9.0,tree_top,0.742857142857,0.0,1.0,9.0,tree_top,0.387096774194,0.0,1.0,1.0,tree_top,1.02564102564,1.0,2.0,9.0,tree_top
0.05,1,0.01,120,35,54,0.09,0.0,0.0,1.0,tree_top,0.114285714286,0.0,0.0,1.0,tree_top,0.142857142857,0.0,0.0,1.0,tree_top,0.0857142857143,0.0,0.0,1.0,tree_top
0.05,1,0.01,120,34,60,0.15,0.0,0.0,2.0,tree_top,0.185714285714,0.0,0.0,2.0,tree_top,0.0555555555556,0.0,0.0,1.0,tree_top,0.323529411765,0.0,1.0,2.0,tree_top
0.05,1,0.01,120,34,58,0.44,0.0,1.0,4.0,tree_top,0.585714285714,0.0,1.0,4.0,tree_top,0.241379310345,0.0,1.0,1.0,tree_top,0.829268292683,0.0,2.0,4.0,tree_top
0.05,1,0.01,120,34,56,0.53,0.0,1.0,10.0,tree_top,0.714285714286,0.0,1.0,10.0,tree_top,0.181818181818,0.0,0.0,1.0,tree_top,1.18918918919,0.0,2.0,10.0,tree_top
0.05,1,0.01,120,34,54,0.46,0.0,0.2,8.0,tree_top,0.6,0.0,1.0,8.0,tree_top,0.0277777777778,0.0,0.0,1.0,tree_top,1.20588235294,0.0,2.0,8.0,tree_top
0.05,1,0.01,119,36,60,0.09,0.0,0.0,3.0,tree_top,0.1,0.0,0.0,3.0,tree_top,0.0588235294118,0.0,0.0,2.0,tree_top,0.138888888889,0.0,0.0,3.0,tree_top
0.05,1,0.01,119,36,58,0.81,0.0,1.0,16.0,tree_top,1.1,0.0,1.0,16.0,tree_top,0.142857142857,0.0,0.0,2.0,tree_top,2.05714285714,1.0,2.0,16.0,tree_top
0.05,1,0.01,119,36,56,0.08,0.0,0.0,1.0,tree_top,0.0857142857143,0.0,0.0,1.0,tree_top,0.0294117647059,0.0,0.0,1.0,tree_top,0.138888888889,0.0,0.0,1.0,tree_top
0.05,1,0.01,119,36,54,0.2,0.0,0.0,3.0,tree_top,0.257142857143,0.0,0.2,3.0,tree_top,0.0810810810811,0.0,0.0,1.0,tree_top,0.454545454545,0.0,1.0,3.0,tree_top
0.05,1,0.01,119,35,60,0.2,0.0,0.0,3.0,tree_top,0.257142857143,0.0,0.2,3.0,tree_top,0.172413793103,0.0,0.0,2.0,tree_top,0.317073170732,0.0,1.0,3.0,tree_top
0.05,1,0.01,119,35,58,0.23,0.0,0.0,3.0,tree_top,0.242857142857,0.0,0.0,3.0,tree_top,0.0588235294118,0.0,0.0,1.0,tree_top,0.416666666667,0.0,1.0,3.0,tree_top
0.05,1,0.01,119,35,56,0.22,0.0,0.0,3.0,tree_top,0.285714285714,0.0,1.0,3.0,tree_top,0.0789473684211,0.0,0.0,1.0,tree_top,0.53125,0.0,1.0,3.0,tree_top
0.05,1,0.01,119,35,54,0.23,0.0,0.0,3.0,tree_top,0.271428571429,0.0,0.0,3.0,tree_top,0.0,0.0,0.0,0.0,tree_top,0.612903225806,0.0,2.0,3.0,tree_top
0.05,1,0.01,119,34,60,0.34,0.0,0.2,4.0,tree_top,0.414285714286,0.0,1.0,4.0,tree_top,0.0857142857143,0.0,0.0,1.0,tree_top,0.742857142857,0.0,2.0,4.0,tree_top
0.05,1,0.01,119,34,58,0.27,0.0,0.0,4.0,tree_top,0.328571428571,0.0,0.0,4.0,tree_top,0.0277777777778,0.0,0.0,1.0,tree_top,0.647058823529,0.0,1.4,4.0,tree_top
0.05,1,0.01,119,34,56,0.19,0.0,0.0,3.0,tree_top,0.185714285714,0.0,0.0,3.0,tree_top,0.0526315789474,0.0,0.0,1.0,tree_top,0.34375,0.0,0.8,3.0,tree_top
0.05,1,0.01,119,34,54,0.18,0.0,0.0,2.0,tree_top,0.228571428571,0.0,0.0,2.0,tree_top,0.148148148148,0.0,0.0,1.0,tree_top,0.279069767442,0.0,0.6,2.0,tree_top
